id_paisano,desagregacion,pais_cod,encuesta,ano,flag,valor,desagregacion_por_orden,variable_orden,comparacion_por,comparacion_por_orden,pais,detalle_indicador,indicador,disclaimer
ARG2015,Total,ARG,PISA,2015,"1,2",17.14310455322266,1,1,Total,1,Argentina,"“who expect to work in STEM-related occupations at the age of 30 (Science, Technology, Engineering and Mathematics)”.",Percentage of 15 year-old students:,The series may present jumps due to methodological changes in the surveys (see methodological documents). Source: GenLAC (CEDLAS).
ARG2015,Women,ARG,PISA,2015,"1,2",10.40256214141846,2,2,Gender,4,Argentina,"“who expect to work in STEM-related occupations at the age of 30 (Science, Technology, Engineering and Mathematics)”.",Percentage of 15 year-old students:,The series may present jumps due to methodological changes in the surveys (see methodological documents). Source: GenLAC (CEDLAS).
ARG2015,Men,ARG,PISA,2015,"1,2",25.36406135559082,3,3,Gender,4,Argentina,"“who expect to work in STEM-related occupations at the age of 30 (Science, Technology, Engineering and Mathematics)”.",Percentage of 15 year-old students:,The series may present jumps due to methodological changes in the surveys (see methodological documents). Source: GenLAC (CEDLAS).
ARG2015,Women in households with low education,ARG,PISA,2015,"1,2",7.633059978485107,4,4,Qualification (women),5,Argentina,"“who expect to work in STEM-related occupations at the age of 30 (Science, Technology, Engineering and Mathematics)”.",Percentage of 15 year-old students:,The series may present jumps due to methodological changes in the surveys (see methodological documents). Source: GenLAC (CEDLAS).
ARG2015,Women in households with medium education,ARG,PISA,2015,"1,2",9.657684326171875,5,5,Qualification (women),5,Argentina,"“who expect to work in STEM-related occupations at the age of 30 (Science, Technology, Engineering and Mathematics)”.",Percentage of 15 year-old students:,The series may present jumps due to methodological changes in the surveys (see methodological documents). Source: GenLAC (CEDLAS).
ARG2015,Women in households with high education,ARG,PISA,2015,"1,2",11.53721332550049,6,6,Qualification (women),5,Argentina,"“who expect to work in STEM-related occupations at the age of 30 (Science, Technology, Engineering and Mathematics)”.",Percentage of 15 year-old students:,The series may present jumps due to methodological changes in the surveys (see methodological documents). Source: GenLAC (CEDLAS).
ARG2015,Men in households with low education,ARG,PISA,2015,"1,2",17.15432739257813,7,7,Qualification (men),6,Argentina,"“who expect to work in STEM-related occupations at the age of 30 (Science, Technology, Engineering and Mathematics)”.",Percentage of 15 year-old students:,The series may present jumps due to methodological changes in the surveys (see methodological documents). Source: GenLAC (CEDLAS).
ARG2015,Men in households with medium education,ARG,PISA,2015,"1,2",18.66940689086914,8,8,Qualification (men),6,Argentina,"“who expect to work in STEM-related occupations at the age of 30 (Science, Technology, Engineering and Mathematics)”.",Percentage of 15 year-old students:,The series may present jumps due to methodological changes in the surveys (see methodological documents). Source: GenLAC (CEDLAS).
ARG2015,Men in households with high education,ARG,PISA,2015,"1,2",29.26531600952148,9,9,Qualification (men),6,Argentina,"“who expect to work in STEM-related occupations at the age of 30 (Science, Technology, Engineering and Mathematics)”.",Percentage of 15 year-old students:,The series may present jumps due to methodological changes in the surveys (see methodological documents). Source: GenLAC (CEDLAS).
ARG2015,Woman,ARG,PISA,2015,"1,2",10.40256214141846,10,10,Woman,2,Argentina,"“who expect to work in STEM-related occupations at the age of 30 (Science, Technology, Engineering and Mathematics)”.",Percentage of 15 year-old students:,The series may present jumps due to methodological changes in the surveys (see methodological documents). Source: GenLAC (CEDLAS).
ARG2015,Man,ARG,PISA,2015,"1,2",25.36406135559082,11,11,Man,3,Argentina,"“who expect to work in STEM-related occupations at the age of 30 (Science, Technology, Engineering and Mathematics)”.",Percentage of 15 year-old students:,The series may present jumps due to methodological changes in the surveys (see methodological documents). Source: GenLAC (CEDLAS).
ARG2018,Total,ARG,PISA,2018,,12.58560657501221,1,1,Total,1,Argentina,"“who expect to work in STEM-related occupations at the age of 30 (Science, Technology, Engineering and Mathematics)”.",Percentage of 15 year-old students:,The series may present jumps due to methodological changes in the surveys (see methodological documents). Source: GenLAC (CEDLAS).
ARG2018,Women,ARG,PISA,2018,,8.086176872253418,2,2,Gender,4,Argentina,"“who expect to work in STEM-related occupations at the age of 30 (Science, Technology, Engineering and Mathematics)”.",Percentage of 15 year-old students:,The series may present jumps due to methodological changes in the surveys (see methodological documents). Source: GenLAC (CEDLAS).
ARG2018,Men,ARG,PISA,2018,,17.63249397277832,3,3,Gender,4,Argentina,"“who expect to work in STEM-related occupations at the age of 30 (Science, Technology, Engineering and Mathematics)”.",Percentage of 15 year-old students:,The series may present jumps due to methodological changes in the surveys (see methodological documents). Source: GenLAC (CEDLAS).
ARG2018,Women in households with low education,ARG,PISA,2018,,4.483863353729248,4,4,Qualification (women),5,Argentina,"“who expect to work in STEM-related occupations at the age of 30 (Science, Technology, Engineering and Mathematics)”.",Percentage of 15 year-old students:,The series may present jumps due to methodological changes in the surveys (see methodological documents). Source: GenLAC (CEDLAS).
ARG2018,Women in households with medium education,ARG,PISA,2018,,8.296214103698731,5,5,Qualification (women),5,Argentina,"“who expect to work in STEM-related occupations at the age of 30 (Science, Technology, Engineering and Mathematics)”.",Percentage of 15 year-old students:,The series may present jumps due to methodological changes in the surveys (see methodological documents). Source: GenLAC (CEDLAS).
ARG2018,Women in households with high education,ARG,PISA,2018,,10.9843864440918,6,6,Qualification (women),5,Argentina,"“who expect to work in STEM-related occupations at the age of 30 (Science, Technology, Engineering and Mathematics)”.",Percentage of 15 year-old students:,The series may present jumps due to methodological changes in the surveys (see methodological documents). Source: GenLAC (CEDLAS).
ARG2018,Men in households with low education,ARG,PISA,2018,,14.14801597595215,7,7,Qualification (men),6,Argentina,"“who expect to work in STEM-related occupations at the age of 30 (Science, Technology, Engineering and Mathematics)”.",Percentage of 15 year-old students:,The series may present jumps due to methodological changes in the surveys (see methodological documents). Source: GenLAC (CEDLAS).
ARG2018,Men in households with medium education,ARG,PISA,2018,,15.8300085067749,8,8,Qualification (men),6,Argentina,"“who expect to work in STEM-related occupations at the age of 30 (Science, Technology, Engineering and Mathematics)”.",Percentage of 15 year-old students:,The series may present jumps due to methodological changes in the surveys (see methodological documents). Source: GenLAC (CEDLAS).
ARG2018,Men in households with high education,ARG,PISA,2018,,21.44207954406738,9,9,Qualification (men),6,Argentina,"“who expect to work in STEM-related occupations at the age of 30 (Science, Technology, Engineering and Mathematics)”.",Percentage of 15 year-old students:,The series may present jumps due to methodological changes in the surveys (see methodological documents). Source: GenLAC (CEDLAS).
ARG2018,Woman,ARG,PISA,2018,,8.086176872253418,10,10,Woman,2,Argentina,"“who expect to work in STEM-related occupations at the age of 30 (Science, Technology, Engineering and Mathematics)”.",Percentage of 15 year-old students:,The series may present jumps due to methodological changes in the surveys (see methodological documents). Source: GenLAC (CEDLAS).
ARG2018,Man,ARG,PISA,2018,,17.63249397277832,11,11,Man,3,Argentina,"“who expect to work in STEM-related occupations at the age of 30 (Science, Technology, Engineering and Mathematics)”.",Percentage of 15 year-old students:,The series may present jumps due to methodological changes in the surveys (see methodological documents). Source: GenLAC (CEDLAS).
BRA2015,Total,BRA,PISA,2015,1,21.53282165527344,1,1,Total,1,Brazil,"“who expect to work in STEM-related occupations at the age of 30 (Science, Technology, Engineering and Mathematics)”.",Percentage of 15 year-old students:,The series may present jumps due to methodological changes in the surveys (see methodological documents). Source: GenLAC (CEDLAS).
BRA2015,Women,BRA,PISA,2015,1,14.76552391052246,2,2,Gender,4,Brazil,"“who expect to work in STEM-related occupations at the age of 30 (Science, Technology, Engineering and Mathematics)”.",Percentage of 15 year-old students:,The series may present jumps due to methodological changes in the surveys (see methodological documents). Source: GenLAC (CEDLAS).
BRA2015,Men,BRA,PISA,2015,1,29.34188270568848,3,3,Gender,4,Brazil,"“who expect to work in STEM-related occupations at the age of 30 (Science, Technology, Engineering and Mathematics)”.",Percentage of 15 year-old students:,The series may present jumps due to methodological changes in the surveys (see methodological documents). Source: GenLAC (CEDLAS).
BRA2015,Women in households with low education,BRA,PISA,2015,1,12.27064228057861,4,4,Qualification (women),5,Brazil,"“who expect to work in STEM-related occupations at the age of 30 (Science, Technology, Engineering and Mathematics)”.",Percentage of 15 year-old students:,The series may present jumps due to methodological changes in the surveys (see methodological documents). Source: GenLAC (CEDLAS).
BRA2015,Women in households with medium education,BRA,PISA,2015,1,16.3160285949707,5,5,Qualification (women),5,Brazil,"“who expect to work in STEM-related occupations at the age of 30 (Science, Technology, Engineering and Mathematics)”.",Percentage of 15 year-old students:,The series may present jumps due to methodological changes in the surveys (see methodological documents). Source: GenLAC (CEDLAS).
BRA2015,Women in households with high education,BRA,PISA,2015,1,17.03263664245606,6,6,Qualification (women),5,Brazil,"“who expect to work in STEM-related occupations at the age of 30 (Science, Technology, Engineering and Mathematics)”.",Percentage of 15 year-old students:,The series may present jumps due to methodological changes in the surveys (see methodological documents). Source: GenLAC (CEDLAS).
BRA2015,Men in households with low education,BRA,PISA,2015,1,25.28715133666992,7,7,Qualification (men),6,Brazil,"“who expect to work in STEM-related occupations at the age of 30 (Science, Technology, Engineering and Mathematics)”.",Percentage of 15 year-old students:,The series may present jumps due to methodological changes in the surveys (see methodological documents). Source: GenLAC (CEDLAS).
BRA2015,Men in households with medium education,BRA,PISA,2015,1,31.77934455871582,8,8,Qualification (men),6,Brazil,"“who expect to work in STEM-related occupations at the age of 30 (Science, Technology, Engineering and Mathematics)”.",Percentage of 15 year-old students:,The series may present jumps due to methodological changes in the surveys (see methodological documents). Source: GenLAC (CEDLAS).
BRA2015,Men in households with high education,BRA,PISA,2015,1,32.14426803588867,9,9,Qualification (men),6,Brazil,"“who expect to work in STEM-related occupations at the age of 30 (Science, Technology, Engineering and Mathematics)”.",Percentage of 15 year-old students:,The series may present jumps due to methodological changes in the surveys (see methodological documents). Source: GenLAC (CEDLAS).
BRA2015,Woman,BRA,PISA,2015,1,14.76552391052246,10,10,Woman,2,Brazil,"“who expect to work in STEM-related occupations at the age of 30 (Science, Technology, Engineering and Mathematics)”.",Percentage of 15 year-old students:,The series may present jumps due to methodological changes in the surveys (see methodological documents). Source: GenLAC (CEDLAS).
BRA2015,Man,BRA,PISA,2015,1,29.34188270568848,11,11,Man,3,Brazil,"“who expect to work in STEM-related occupations at the age of 30 (Science, Technology, Engineering and Mathematics)”.",Percentage of 15 year-old students:,The series may present jumps due to methodological changes in the surveys (see methodological documents). Source: GenLAC (CEDLAS).
BRA2018,Total,BRA,PISA,2018,,17.60761833190918,1,1,Total,1,Brazil,"“who expect to work in STEM-related occupations at the age of 30 (Science, Technology, Engineering and Mathematics)”.",Percentage of 15 year-old students:,The series may present jumps due to methodological changes in the surveys (see methodological documents). Source: GenLAC (CEDLAS).
BRA2018,Women,BRA,PISA,2018,,10.59333515167236,2,2,Gender,4,Brazil,"“who expect to work in STEM-related occupations at the age of 30 (Science, Technology, Engineering and Mathematics)”.",Percentage of 15 year-old students:,The series may present jumps due to methodological changes in the surveys (see methodological documents). Source: GenLAC (CEDLAS).
BRA2018,Men,BRA,PISA,2018,,25.27151489257813,3,3,Gender,4,Brazil,"“who expect to work in STEM-related occupations at the age of 30 (Science, Technology, Engineering and Mathematics)”.",Percentage of 15 year-old students:,The series may present jumps due to methodological changes in the surveys (see methodological documents). Source: GenLAC (CEDLAS).
BRA2018,Women in households with low education,BRA,PISA,2018,,7.754434108734131,4,4,Qualification (women),5,Brazil,"“who expect to work in STEM-related occupations at the age of 30 (Science, Technology, Engineering and Mathematics)”.",Percentage of 15 year-old students:,The series may present jumps due to methodological changes in the surveys (see methodological documents). Source: GenLAC (CEDLAS).
BRA2018,Women in households with medium education,BRA,PISA,2018,,11.99491119384766,5,5,Qualification (women),5,Brazil,"“who expect to work in STEM-related occupations at the age of 30 (Science, Technology, Engineering and Mathematics)”.",Percentage of 15 year-old students:,The series may present jumps due to methodological changes in the surveys (see methodological documents). Source: GenLAC (CEDLAS).
BRA2018,Women in households with high education,BRA,PISA,2018,,11.95264625549316,6,6,Qualification (women),5,Brazil,"“who expect to work in STEM-related occupations at the age of 30 (Science, Technology, Engineering and Mathematics)”.",Percentage of 15 year-old students:,The series may present jumps due to methodological changes in the surveys (see methodological documents). Source: GenLAC (CEDLAS).
BRA2018,Men in households with low education,BRA,PISA,2018,,21.63794708251953,7,7,Qualification (men),6,Brazil,"“who expect to work in STEM-related occupations at the age of 30 (Science, Technology, Engineering and Mathematics)”.",Percentage of 15 year-old students:,The series may present jumps due to methodological changes in the surveys (see methodological documents). Source: GenLAC (CEDLAS).
BRA2018,Men in households with medium education,BRA,PISA,2018,,26.39424705505371,8,8,Qualification (men),6,Brazil,"“who expect to work in STEM-related occupations at the age of 30 (Science, Technology, Engineering and Mathematics)”.",Percentage of 15 year-old students:,The series may present jumps due to methodological changes in the surveys (see methodological documents). Source: GenLAC (CEDLAS).
BRA2018,Men in households with high education,BRA,PISA,2018,,27.7332878112793,9,9,Qualification (men),6,Brazil,"“who expect to work in STEM-related occupations at the age of 30 (Science, Technology, Engineering and Mathematics)”.",Percentage of 15 year-old students:,The series may present jumps due to methodological changes in the surveys (see methodological documents). Source: GenLAC (CEDLAS).
BRA2018,Woman,BRA,PISA,2018,,10.59333515167236,10,10,Woman,2,Brazil,"“who expect to work in STEM-related occupations at the age of 30 (Science, Technology, Engineering and Mathematics)”.",Percentage of 15 year-old students:,The series may present jumps due to methodological changes in the surveys (see methodological documents). Source: GenLAC (CEDLAS).
BRA2018,Man,BRA,PISA,2018,,25.27151489257813,11,11,Man,3,Brazil,"“who expect to work in STEM-related occupations at the age of 30 (Science, Technology, Engineering and Mathematics)”.",Percentage of 15 year-old students:,The series may present jumps due to methodological changes in the surveys (see methodological documents). Source: GenLAC (CEDLAS).
CHL2015,Total,CHL,PISA,2015,1,22.25356483459473,1,1,Total,1,Chile,"“who expect to work in STEM-related occupations at the age of 30 (Science, Technology, Engineering and Mathematics)”.",Percentage of 15 year-old students:,The series may present jumps due to methodological changes in the surveys (see methodological documents). Source: GenLAC (CEDLAS).
CHL2015,Women,CHL,PISA,2015,1,13.06175804138184,2,2,Gender,4,Chile,"“who expect to work in STEM-related occupations at the age of 30 (Science, Technology, Engineering and Mathematics)”.",Percentage of 15 year-old students:,The series may present jumps due to methodological changes in the surveys (see methodological documents). Source: GenLAC (CEDLAS).
CHL2015,Men,CHL,PISA,2015,1,31.57039642333984,3,3,Gender,4,Chile,"“who expect to work in STEM-related occupations at the age of 30 (Science, Technology, Engineering and Mathematics)”.",Percentage of 15 year-old students:,The series may present jumps due to methodological changes in the surveys (see methodological documents). Source: GenLAC (CEDLAS).
CHL2015,Women in households with low education,CHL,PISA,2015,1,10.12540149688721,4,4,Qualification (women),5,Chile,"“who expect to work in STEM-related occupations at the age of 30 (Science, Technology, Engineering and Mathematics)”.",Percentage of 15 year-old students:,The series may present jumps due to methodological changes in the surveys (see methodological documents). Source: GenLAC (CEDLAS).
CHL2015,Women in households with medium education,CHL,PISA,2015,1,14.20516967773438,5,5,Qualification (women),5,Chile,"“who expect to work in STEM-related occupations at the age of 30 (Science, Technology, Engineering and Mathematics)”.",Percentage of 15 year-old students:,The series may present jumps due to methodological changes in the surveys (see methodological documents). Source: GenLAC (CEDLAS).
CHL2015,Women in households with high education,CHL,PISA,2015,1,13.70567989349365,6,6,Qualification (women),5,Chile,"“who expect to work in STEM-related occupations at the age of 30 (Science, Technology, Engineering and Mathematics)”.",Percentage of 15 year-old students:,The series may present jumps due to methodological changes in the surveys (see methodological documents). Source: GenLAC (CEDLAS).
CHL2015,Men in households with low education,CHL,PISA,2015,1,26.61618804931641,7,7,Qualification (men),6,Chile,"“who expect to work in STEM-related occupations at the age of 30 (Science, Technology, Engineering and Mathematics)”.",Percentage of 15 year-old students:,The series may present jumps due to methodological changes in the surveys (see methodological documents). Source: GenLAC (CEDLAS).
CHL2015,Men in households with medium education,CHL,PISA,2015,1,32.09867095947266,8,8,Qualification (men),6,Chile,"“who expect to work in STEM-related occupations at the age of 30 (Science, Technology, Engineering and Mathematics)”.",Percentage of 15 year-old students:,The series may present jumps due to methodological changes in the surveys (see methodological documents). Source: GenLAC (CEDLAS).
CHL2015,Men in households with high education,CHL,PISA,2015,1,33.49471664428711,9,9,Qualification (men),6,Chile,"“who expect to work in STEM-related occupations at the age of 30 (Science, Technology, Engineering and Mathematics)”.",Percentage of 15 year-old students:,The series may present jumps due to methodological changes in the surveys (see methodological documents). Source: GenLAC (CEDLAS).
CHL2015,Woman,CHL,PISA,2015,1,13.06175804138184,10,10,Woman,2,Chile,"“who expect to work in STEM-related occupations at the age of 30 (Science, Technology, Engineering and Mathematics)”.",Percentage of 15 year-old students:,The series may present jumps due to methodological changes in the surveys (see methodological documents). Source: GenLAC (CEDLAS).
CHL2015,Man,CHL,PISA,2015,1,31.57039642333984,11,11,Man,3,Chile,"“who expect to work in STEM-related occupations at the age of 30 (Science, Technology, Engineering and Mathematics)”.",Percentage of 15 year-old students:,The series may present jumps due to methodological changes in the surveys (see methodological documents). Source: GenLAC (CEDLAS).
CHL2018,Total,CHL,PISA,2018,,19.51594352722168,1,1,Total,1,Chile,"“who expect to work in STEM-related occupations at the age of 30 (Science, Technology, Engineering and Mathematics)”.",Percentage of 15 year-old students:,The series may present jumps due to methodological changes in the surveys (see methodological documents). Source: GenLAC (CEDLAS).
CHL2018,Women,CHL,PISA,2018,,11.54546070098877,2,2,Gender,4,Chile,"“who expect to work in STEM-related occupations at the age of 30 (Science, Technology, Engineering and Mathematics)”.",Percentage of 15 year-old students:,The series may present jumps due to methodological changes in the surveys (see methodological documents). Source: GenLAC (CEDLAS).
CHL2018,Men,CHL,PISA,2018,,27.66148376464844,3,3,Gender,4,Chile,"“who expect to work in STEM-related occupations at the age of 30 (Science, Technology, Engineering and Mathematics)”.",Percentage of 15 year-old students:,The series may present jumps due to methodological changes in the surveys (see methodological documents). Source: GenLAC (CEDLAS).
CHL2018,Women in households with low education,CHL,PISA,2018,,9.774211883544922,4,4,Qualification (women),5,Chile,"“who expect to work in STEM-related occupations at the age of 30 (Science, Technology, Engineering and Mathematics)”.",Percentage of 15 year-old students:,The series may present jumps due to methodological changes in the surveys (see methodological documents). Source: GenLAC (CEDLAS).
CHL2018,Women in households with medium education,CHL,PISA,2018,,11.19022655487061,5,5,Qualification (women),5,Chile,"“who expect to work in STEM-related occupations at the age of 30 (Science, Technology, Engineering and Mathematics)”.",Percentage of 15 year-old students:,The series may present jumps due to methodological changes in the surveys (see methodological documents). Source: GenLAC (CEDLAS).
CHL2018,Women in households with high education,CHL,PISA,2018,,12.41877460479736,6,6,Qualification (women),5,Chile,"“who expect to work in STEM-related occupations at the age of 30 (Science, Technology, Engineering and Mathematics)”.",Percentage of 15 year-old students:,The series may present jumps due to methodological changes in the surveys (see methodological documents). Source: GenLAC (CEDLAS).
CHL2018,Men in households with low education,CHL,PISA,2018,,19.97479248046875,7,7,Qualification (men),6,Chile,"“who expect to work in STEM-related occupations at the age of 30 (Science, Technology, Engineering and Mathematics)”.",Percentage of 15 year-old students:,The series may present jumps due to methodological changes in the surveys (see methodological documents). Source: GenLAC (CEDLAS).
CHL2018,Men in households with medium education,CHL,PISA,2018,,28.9465503692627,8,8,Qualification (men),6,Chile,"“who expect to work in STEM-related occupations at the age of 30 (Science, Technology, Engineering and Mathematics)”.",Percentage of 15 year-old students:,The series may present jumps due to methodological changes in the surveys (see methodological documents). Source: GenLAC (CEDLAS).
CHL2018,Men in households with high education,CHL,PISA,2018,,30.11538696289063,9,9,Qualification (men),6,Chile,"“who expect to work in STEM-related occupations at the age of 30 (Science, Technology, Engineering and Mathematics)”.",Percentage of 15 year-old students:,The series may present jumps due to methodological changes in the surveys (see methodological documents). Source: GenLAC (CEDLAS).
CHL2018,Woman,CHL,PISA,2018,,11.54546070098877,10,10,Woman,2,Chile,"“who expect to work in STEM-related occupations at the age of 30 (Science, Technology, Engineering and Mathematics)”.",Percentage of 15 year-old students:,The series may present jumps due to methodological changes in the surveys (see methodological documents). Source: GenLAC (CEDLAS).
CHL2018,Man,CHL,PISA,2018,,27.66148376464844,11,11,Man,3,Chile,"“who expect to work in STEM-related occupations at the age of 30 (Science, Technology, Engineering and Mathematics)”.",Percentage of 15 year-old students:,The series may present jumps due to methodological changes in the surveys (see methodological documents). Source: GenLAC (CEDLAS).
COL2015,Total,COL,PISA,2015,1,17.69710350036621,1,1,Total,1,Colombia,"“who expect to work in STEM-related occupations at the age of 30 (Science, Technology, Engineering and Mathematics)”.",Percentage of 15 year-old students:,The series may present jumps due to methodological changes in the surveys (see methodological documents). Source: GenLAC (CEDLAS).
COL2015,Women,COL,PISA,2015,1,10.22215938568115,2,2,Gender,4,Colombia,"“who expect to work in STEM-related occupations at the age of 30 (Science, Technology, Engineering and Mathematics)”.",Percentage of 15 year-old students:,The series may present jumps due to methodological changes in the surveys (see methodological documents). Source: GenLAC (CEDLAS).
COL2015,Men,COL,PISA,2015,1,26.21230697631836,3,3,Gender,4,Colombia,"“who expect to work in STEM-related occupations at the age of 30 (Science, Technology, Engineering and Mathematics)”.",Percentage of 15 year-old students:,The series may present jumps due to methodological changes in the surveys (see methodological documents). Source: GenLAC (CEDLAS).
COL2015,Women in households with low education,COL,PISA,2015,1,8.897558212280273,4,4,Qualification (women),5,Colombia,"“who expect to work in STEM-related occupations at the age of 30 (Science, Technology, Engineering and Mathematics)”.",Percentage of 15 year-old students:,The series may present jumps due to methodological changes in the surveys (see methodological documents). Source: GenLAC (CEDLAS).
COL2015,Women in households with medium education,COL,PISA,2015,1,9.496377944946289,5,5,Qualification (women),5,Colombia,"“who expect to work in STEM-related occupations at the age of 30 (Science, Technology, Engineering and Mathematics)”.",Percentage of 15 year-old students:,The series may present jumps due to methodological changes in the surveys (see methodological documents). Source: GenLAC (CEDLAS).
COL2015,Women in households with high education,COL,PISA,2015,1,11.13139724731445,6,6,Qualification (women),5,Colombia,"“who expect to work in STEM-related occupations at the age of 30 (Science, Technology, Engineering and Mathematics)”.",Percentage of 15 year-old students:,The series may present jumps due to methodological changes in the surveys (see methodological documents). Source: GenLAC (CEDLAS).
COL2015,Men in households with low education,COL,PISA,2015,1,25.12104225158691,7,7,Qualification (men),6,Colombia,"“who expect to work in STEM-related occupations at the age of 30 (Science, Technology, Engineering and Mathematics)”.",Percentage of 15 year-old students:,The series may present jumps due to methodological changes in the surveys (see methodological documents). Source: GenLAC (CEDLAS).
COL2015,Men in households with medium education,COL,PISA,2015,1,24.07809257507324,8,8,Qualification (men),6,Colombia,"“who expect to work in STEM-related occupations at the age of 30 (Science, Technology, Engineering and Mathematics)”.",Percentage of 15 year-old students:,The series may present jumps due to methodological changes in the surveys (see methodological documents). Source: GenLAC (CEDLAS).
COL2015,Men in households with high education,COL,PISA,2015,1,27.81137847900391,9,9,Qualification (men),6,Colombia,"“who expect to work in STEM-related occupations at the age of 30 (Science, Technology, Engineering and Mathematics)”.",Percentage of 15 year-old students:,The series may present jumps due to methodological changes in the surveys (see methodological documents). Source: GenLAC (CEDLAS).
COL2015,Woman,COL,PISA,2015,1,10.22215938568115,10,10,Woman,2,Colombia,"“who expect to work in STEM-related occupations at the age of 30 (Science, Technology, Engineering and Mathematics)”.",Percentage of 15 year-old students:,The series may present jumps due to methodological changes in the surveys (see methodological documents). Source: GenLAC (CEDLAS).
COL2015,Man,COL,PISA,2015,1,26.21230697631836,11,11,Man,3,Colombia,"“who expect to work in STEM-related occupations at the age of 30 (Science, Technology, Engineering and Mathematics)”.",Percentage of 15 year-old students:,The series may present jumps due to methodological changes in the surveys (see methodological documents). Source: GenLAC (CEDLAS).
COL2018,Total,COL,PISA,2018,,20.75105285644531,1,1,Total,1,Colombia,"“who expect to work in STEM-related occupations at the age of 30 (Science, Technology, Engineering and Mathematics)”.",Percentage of 15 year-old students:,The series may present jumps due to methodological changes in the surveys (see methodological documents). Source: GenLAC (CEDLAS).
COL2018,Women,COL,PISA,2018,,10.77542781829834,2,2,Gender,4,Colombia,"“who expect to work in STEM-related occupations at the age of 30 (Science, Technology, Engineering and Mathematics)”.",Percentage of 15 year-old students:,The series may present jumps due to methodological changes in the surveys (see methodological documents). Source: GenLAC (CEDLAS).
COL2018,Men,COL,PISA,2018,,31.52180862426758,3,3,Gender,4,Colombia,"“who expect to work in STEM-related occupations at the age of 30 (Science, Technology, Engineering and Mathematics)”.",Percentage of 15 year-old students:,The series may present jumps due to methodological changes in the surveys (see methodological documents). Source: GenLAC (CEDLAS).
COL2018,Women in households with low education,COL,PISA,2018,,8.800736427307129,4,4,Qualification (women),5,Colombia,"“who expect to work in STEM-related occupations at the age of 30 (Science, Technology, Engineering and Mathematics)”.",Percentage of 15 year-old students:,The series may present jumps due to methodological changes in the surveys (see methodological documents). Source: GenLAC (CEDLAS).
COL2018,Women in households with medium education,COL,PISA,2018,,11.65672206878662,5,5,Qualification (women),5,Colombia,"“who expect to work in STEM-related occupations at the age of 30 (Science, Technology, Engineering and Mathematics)”.",Percentage of 15 year-old students:,The series may present jumps due to methodological changes in the surveys (see methodological documents). Source: GenLAC (CEDLAS).
COL2018,Women in households with high education,COL,PISA,2018,,11.99756717681885,6,6,Qualification (women),5,Colombia,"“who expect to work in STEM-related occupations at the age of 30 (Science, Technology, Engineering and Mathematics)”.",Percentage of 15 year-old students:,The series may present jumps due to methodological changes in the surveys (see methodological documents). Source: GenLAC (CEDLAS).
COL2018,Men in households with low education,COL,PISA,2018,,28.44541358947754,7,7,Qualification (men),6,Colombia,"“who expect to work in STEM-related occupations at the age of 30 (Science, Technology, Engineering and Mathematics)”.",Percentage of 15 year-old students:,The series may present jumps due to methodological changes in the surveys (see methodological documents). Source: GenLAC (CEDLAS).
COL2018,Men in households with medium education,COL,PISA,2018,,33.87199020385742,8,8,Qualification (men),6,Colombia,"“who expect to work in STEM-related occupations at the age of 30 (Science, Technology, Engineering and Mathematics)”.",Percentage of 15 year-old students:,The series may present jumps due to methodological changes in the surveys (see methodological documents). Source: GenLAC (CEDLAS).
COL2018,Men in households with high education,COL,PISA,2018,,31.74640846252441,9,9,Qualification (men),6,Colombia,"“who expect to work in STEM-related occupations at the age of 30 (Science, Technology, Engineering and Mathematics)”.",Percentage of 15 year-old students:,The series may present jumps due to methodological changes in the surveys (see methodological documents). Source: GenLAC (CEDLAS).
COL2018,Woman,COL,PISA,2018,,10.77542781829834,10,10,Woman,2,Colombia,"“who expect to work in STEM-related occupations at the age of 30 (Science, Technology, Engineering and Mathematics)”.",Percentage of 15 year-old students:,The series may present jumps due to methodological changes in the surveys (see methodological documents). Source: GenLAC (CEDLAS).
COL2018,Man,COL,PISA,2018,,31.52180862426758,11,11,Man,3,Colombia,"“who expect to work in STEM-related occupations at the age of 30 (Science, Technology, Engineering and Mathematics)”.",Percentage of 15 year-old students:,The series may present jumps due to methodological changes in the surveys (see methodological documents). Source: GenLAC (CEDLAS).
CRI2015,Total,CRI,PISA,2015,1,23.74904441833496,1,1,Total,1,Costa Rica,"“who expect to work in STEM-related occupations at the age of 30 (Science, Technology, Engineering and Mathematics)”.",Percentage of 15 year-old students:,The series may present jumps due to methodological changes in the surveys (see methodological documents). Source: GenLAC (CEDLAS).
CRI2015,Women,CRI,PISA,2015,1,13.90132522583008,2,2,Gender,4,Costa Rica,"“who expect to work in STEM-related occupations at the age of 30 (Science, Technology, Engineering and Mathematics)”.",Percentage of 15 year-old students:,The series may present jumps due to methodological changes in the surveys (see methodological documents). Source: GenLAC (CEDLAS).
CRI2015,Men,CRI,PISA,2015,1,34.08842468261719,3,3,Gender,4,Costa Rica,"“who expect to work in STEM-related occupations at the age of 30 (Science, Technology, Engineering and Mathematics)”.",Percentage of 15 year-old students:,The series may present jumps due to methodological changes in the surveys (see methodological documents). Source: GenLAC (CEDLAS).
CRI2015,Women in households with low education,CRI,PISA,2015,1,12.36362648010254,4,4,Qualification (women),5,Costa Rica,"“who expect to work in STEM-related occupations at the age of 30 (Science, Technology, Engineering and Mathematics)”.",Percentage of 15 year-old students:,The series may present jumps due to methodological changes in the surveys (see methodological documents). Source: GenLAC (CEDLAS).
CRI2015,Women in households with medium education,CRI,PISA,2015,1,13.47032451629639,5,5,Qualification (women),5,Costa Rica,"“who expect to work in STEM-related occupations at the age of 30 (Science, Technology, Engineering and Mathematics)”.",Percentage of 15 year-old students:,The series may present jumps due to methodological changes in the surveys (see methodological documents). Source: GenLAC (CEDLAS).
CRI2015,Women in households with high education,CRI,PISA,2015,1,16.11017990112305,6,6,Qualification (women),5,Costa Rica,"“who expect to work in STEM-related occupations at the age of 30 (Science, Technology, Engineering and Mathematics)”.",Percentage of 15 year-old students:,The series may present jumps due to methodological changes in the surveys (see methodological documents). Source: GenLAC (CEDLAS).
CRI2015,Men in households with low education,CRI,PISA,2015,1,28.73964691162109,7,7,Qualification (men),6,Costa Rica,"“who expect to work in STEM-related occupations at the age of 30 (Science, Technology, Engineering and Mathematics)”.",Percentage of 15 year-old students:,The series may present jumps due to methodological changes in the surveys (see methodological documents). Source: GenLAC (CEDLAS).
CRI2015,Men in households with medium education,CRI,PISA,2015,1,38.64065170288086,8,8,Qualification (men),6,Costa Rica,"“who expect to work in STEM-related occupations at the age of 30 (Science, Technology, Engineering and Mathematics)”.",Percentage of 15 year-old students:,The series may present jumps due to methodological changes in the surveys (see methodological documents). Source: GenLAC (CEDLAS).
CRI2015,Men in households with high education,CRI,PISA,2015,1,39.38678359985352,9,9,Qualification (men),6,Costa Rica,"“who expect to work in STEM-related occupations at the age of 30 (Science, Technology, Engineering and Mathematics)”.",Percentage of 15 year-old students:,The series may present jumps due to methodological changes in the surveys (see methodological documents). Source: GenLAC (CEDLAS).
CRI2015,Woman,CRI,PISA,2015,1,13.90132522583008,10,10,Woman,2,Costa Rica,"“who expect to work in STEM-related occupations at the age of 30 (Science, Technology, Engineering and Mathematics)”.",Percentage of 15 year-old students:,The series may present jumps due to methodological changes in the surveys (see methodological documents). Source: GenLAC (CEDLAS).
CRI2015,Man,CRI,PISA,2015,1,34.08842468261719,11,11,Man,3,Costa Rica,"“who expect to work in STEM-related occupations at the age of 30 (Science, Technology, Engineering and Mathematics)”.",Percentage of 15 year-old students:,The series may present jumps due to methodological changes in the surveys (see methodological documents). Source: GenLAC (CEDLAS).
CRI2018,Total,CRI,PISA,2018,,23.75493049621582,1,1,Total,1,Costa Rica,"“who expect to work in STEM-related occupations at the age of 30 (Science, Technology, Engineering and Mathematics)”.",Percentage of 15 year-old students:,The series may present jumps due to methodological changes in the surveys (see methodological documents). Source: GenLAC (CEDLAS).
CRI2018,Women,CRI,PISA,2018,,15.22110748291016,2,2,Gender,4,Costa Rica,"“who expect to work in STEM-related occupations at the age of 30 (Science, Technology, Engineering and Mathematics)”.",Percentage of 15 year-old students:,The series may present jumps due to methodological changes in the surveys (see methodological documents). Source: GenLAC (CEDLAS).
CRI2018,Men,CRI,PISA,2018,,32.93125534057617,3,3,Gender,4,Costa Rica,"“who expect to work in STEM-related occupations at the age of 30 (Science, Technology, Engineering and Mathematics)”.",Percentage of 15 year-old students:,The series may present jumps due to methodological changes in the surveys (see methodological documents). Source: GenLAC (CEDLAS).
CRI2018,Women in households with low education,CRI,PISA,2018,,12.3986988067627,4,4,Qualification (women),5,Costa Rica,"“who expect to work in STEM-related occupations at the age of 30 (Science, Technology, Engineering and Mathematics)”.",Percentage of 15 year-old students:,The series may present jumps due to methodological changes in the surveys (see methodological documents). Source: GenLAC (CEDLAS).
CRI2018,Women in households with medium education,CRI,PISA,2018,,19.14655303955078,5,5,Qualification (women),5,Costa Rica,"“who expect to work in STEM-related occupations at the age of 30 (Science, Technology, Engineering and Mathematics)”.",Percentage of 15 year-old students:,The series may present jumps due to methodological changes in the surveys (see methodological documents). Source: GenLAC (CEDLAS).
CRI2018,Women in households with high education,CRI,PISA,2018,,17.56682395935059,6,6,Qualification (women),5,Costa Rica,"“who expect to work in STEM-related occupations at the age of 30 (Science, Technology, Engineering and Mathematics)”.",Percentage of 15 year-old students:,The series may present jumps due to methodological changes in the surveys (see methodological documents). Source: GenLAC (CEDLAS).
CRI2018,Men in households with low education,CRI,PISA,2018,,28.10044670104981,7,7,Qualification (men),6,Costa Rica,"“who expect to work in STEM-related occupations at the age of 30 (Science, Technology, Engineering and Mathematics)”.",Percentage of 15 year-old students:,The series may present jumps due to methodological changes in the surveys (see methodological documents). Source: GenLAC (CEDLAS).
CRI2018,Men in households with medium education,CRI,PISA,2018,,30.13518905639648,8,8,Qualification (men),6,Costa Rica,"“who expect to work in STEM-related occupations at the age of 30 (Science, Technology, Engineering and Mathematics)”.",Percentage of 15 year-old students:,The series may present jumps due to methodological changes in the surveys (see methodological documents). Source: GenLAC (CEDLAS).
CRI2018,Men in households with high education,CRI,PISA,2018,,38.1750602722168,9,9,Qualification (men),6,Costa Rica,"“who expect to work in STEM-related occupations at the age of 30 (Science, Technology, Engineering and Mathematics)”.",Percentage of 15 year-old students:,The series may present jumps due to methodological changes in the surveys (see methodological documents). Source: GenLAC (CEDLAS).
CRI2018,Woman,CRI,PISA,2018,,15.22110748291016,10,10,Woman,2,Costa Rica,"“who expect to work in STEM-related occupations at the age of 30 (Science, Technology, Engineering and Mathematics)”.",Percentage of 15 year-old students:,The series may present jumps due to methodological changes in the surveys (see methodological documents). Source: GenLAC (CEDLAS).
CRI2018,Man,CRI,PISA,2018,,32.93125534057617,11,11,Man,3,Costa Rica,"“who expect to work in STEM-related occupations at the age of 30 (Science, Technology, Engineering and Mathematics)”.",Percentage of 15 year-old students:,The series may present jumps due to methodological changes in the surveys (see methodological documents). Source: GenLAC (CEDLAS).
DOM2015,Total,DOM,PISA,2015,1,26.93824577331543,1,1,Total,1,Dominican republic,"“who expect to work in STEM-related occupations at the age of 30 (Science, Technology, Engineering and Mathematics)”.",Percentage of 15 year-old students:,The series may present jumps due to methodological changes in the surveys (see methodological documents). Source: GenLAC (CEDLAS).
DOM2015,Women,DOM,PISA,2015,1,14.02550601959229,2,2,Gender,4,Dominican republic,"“who expect to work in STEM-related occupations at the age of 30 (Science, Technology, Engineering and Mathematics)”.",Percentage of 15 year-old students:,The series may present jumps due to methodological changes in the surveys (see methodological documents). Source: GenLAC (CEDLAS).
DOM2015,Men,DOM,PISA,2015,1,41.08182907104492,3,3,Gender,4,Dominican republic,"“who expect to work in STEM-related occupations at the age of 30 (Science, Technology, Engineering and Mathematics)”.",Percentage of 15 year-old students:,The series may present jumps due to methodological changes in the surveys (see methodological documents). Source: GenLAC (CEDLAS).
DOM2015,Women in households with low education,DOM,PISA,2015,1,14.54480457305908,4,4,Qualification (women),5,Dominican republic,"“who expect to work in STEM-related occupations at the age of 30 (Science, Technology, Engineering and Mathematics)”.",Percentage of 15 year-old students:,The series may present jumps due to methodological changes in the surveys (see methodological documents). Source: GenLAC (CEDLAS).
DOM2015,Women in households with medium education,DOM,PISA,2015,1,12.66083145141602,5,5,Qualification (women),5,Dominican republic,"“who expect to work in STEM-related occupations at the age of 30 (Science, Technology, Engineering and Mathematics)”.",Percentage of 15 year-old students:,The series may present jumps due to methodological changes in the surveys (see methodological documents). Source: GenLAC (CEDLAS).
DOM2015,Women in households with high education,DOM,PISA,2015,1,14.94537162780762,6,6,Qualification (women),5,Dominican republic,"“who expect to work in STEM-related occupations at the age of 30 (Science, Technology, Engineering and Mathematics)”.",Percentage of 15 year-old students:,The series may present jumps due to methodological changes in the surveys (see methodological documents). Source: GenLAC (CEDLAS).
DOM2015,Men in households with low education,DOM,PISA,2015,1,39.23959350585938,7,7,Qualification (men),6,Dominican republic,"“who expect to work in STEM-related occupations at the age of 30 (Science, Technology, Engineering and Mathematics)”.",Percentage of 15 year-old students:,The series may present jumps due to methodological changes in the surveys (see methodological documents). Source: GenLAC (CEDLAS).
DOM2015,Men in households with medium education,DOM,PISA,2015,1,42.57688903808594,8,8,Qualification (men),6,Dominican republic,"“who expect to work in STEM-related occupations at the age of 30 (Science, Technology, Engineering and Mathematics)”.",Percentage of 15 year-old students:,The series may present jumps due to methodological changes in the surveys (see methodological documents). Source: GenLAC (CEDLAS).
DOM2015,Men in households with high education,DOM,PISA,2015,1,41.29670333862305,9,9,Qualification (men),6,Dominican republic,"“who expect to work in STEM-related occupations at the age of 30 (Science, Technology, Engineering and Mathematics)”.",Percentage of 15 year-old students:,The series may present jumps due to methodological changes in the surveys (see methodological documents). Source: GenLAC (CEDLAS).
DOM2015,Woman,DOM,PISA,2015,1,14.02550601959229,10,10,Woman,2,Dominican republic,"“who expect to work in STEM-related occupations at the age of 30 (Science, Technology, Engineering and Mathematics)”.",Percentage of 15 year-old students:,The series may present jumps due to methodological changes in the surveys (see methodological documents). Source: GenLAC (CEDLAS).
DOM2015,Man,DOM,PISA,2015,1,41.08182907104492,11,11,Man,3,Dominican republic,"“who expect to work in STEM-related occupations at the age of 30 (Science, Technology, Engineering and Mathematics)”.",Percentage of 15 year-old students:,The series may present jumps due to methodological changes in the surveys (see methodological documents). Source: GenLAC (CEDLAS).
DOM2018,Total,DOM,PISA,2018,,31.84775543212891,1,1,Total,1,Dominican republic,"“who expect to work in STEM-related occupations at the age of 30 (Science, Technology, Engineering and Mathematics)”.",Percentage of 15 year-old students:,The series may present jumps due to methodological changes in the surveys (see methodological documents). Source: GenLAC (CEDLAS).
DOM2018,Women,DOM,PISA,2018,,19.70510864257813,2,2,Gender,4,Dominican republic,"“who expect to work in STEM-related occupations at the age of 30 (Science, Technology, Engineering and Mathematics)”.",Percentage of 15 year-old students:,The series may present jumps due to methodological changes in the surveys (see methodological documents). Source: GenLAC (CEDLAS).
DOM2018,Men,DOM,PISA,2018,,46.31195831298828,3,3,Gender,4,Dominican republic,"“who expect to work in STEM-related occupations at the age of 30 (Science, Technology, Engineering and Mathematics)”.",Percentage of 15 year-old students:,The series may present jumps due to methodological changes in the surveys (see methodological documents). Source: GenLAC (CEDLAS).
DOM2018,Women in households with low education,DOM,PISA,2018,,23.49494934082031,4,4,Qualification (women),5,Dominican republic,"“who expect to work in STEM-related occupations at the age of 30 (Science, Technology, Engineering and Mathematics)”.",Percentage of 15 year-old students:,The series may present jumps due to methodological changes in the surveys (see methodological documents). Source: GenLAC (CEDLAS).
DOM2018,Women in households with medium education,DOM,PISA,2018,,18.7955207824707,5,5,Qualification (women),5,Dominican republic,"“who expect to work in STEM-related occupations at the age of 30 (Science, Technology, Engineering and Mathematics)”.",Percentage of 15 year-old students:,The series may present jumps due to methodological changes in the surveys (see methodological documents). Source: GenLAC (CEDLAS).
DOM2018,Women in households with high education,DOM,PISA,2018,,18.30461311340332,6,6,Qualification (women),5,Dominican republic,"“who expect to work in STEM-related occupations at the age of 30 (Science, Technology, Engineering and Mathematics)”.",Percentage of 15 year-old students:,The series may present jumps due to methodological changes in the surveys (see methodological documents). Source: GenLAC (CEDLAS).
DOM2018,Men in households with low education,DOM,PISA,2018,,47.97344207763672,7,7,Qualification (men),6,Dominican republic,"“who expect to work in STEM-related occupations at the age of 30 (Science, Technology, Engineering and Mathematics)”.",Percentage of 15 year-old students:,The series may present jumps due to methodological changes in the surveys (see methodological documents). Source: GenLAC (CEDLAS).
DOM2018,Men in households with medium education,DOM,PISA,2018,,48.24784469604492,8,8,Qualification (men),6,Dominican republic,"“who expect to work in STEM-related occupations at the age of 30 (Science, Technology, Engineering and Mathematics)”.",Percentage of 15 year-old students:,The series may present jumps due to methodological changes in the surveys (see methodological documents). Source: GenLAC (CEDLAS).
DOM2018,Men in households with high education,DOM,PISA,2018,,44.17267990112305,9,9,Qualification (men),6,Dominican republic,"“who expect to work in STEM-related occupations at the age of 30 (Science, Technology, Engineering and Mathematics)”.",Percentage of 15 year-old students:,The series may present jumps due to methodological changes in the surveys (see methodological documents). Source: GenLAC (CEDLAS).
DOM2018,Woman,DOM,PISA,2018,,19.70510864257813,10,10,Woman,2,Dominican republic,"“who expect to work in STEM-related occupations at the age of 30 (Science, Technology, Engineering and Mathematics)”.",Percentage of 15 year-old students:,The series may present jumps due to methodological changes in the surveys (see methodological documents). Source: GenLAC (CEDLAS).
DOM2018,Man,DOM,PISA,2018,,46.31195831298828,11,11,Man,3,Dominican republic,"“who expect to work in STEM-related occupations at the age of 30 (Science, Technology, Engineering and Mathematics)”.",Percentage of 15 year-old students:,The series may present jumps due to methodological changes in the surveys (see methodological documents). Source: GenLAC (CEDLAS).
MEX2015,Total,MEX,PISA,2015,1,21.94194412231445,1,1,Total,1,Mexico,"“who expect to work in STEM-related occupations at the age of 30 (Science, Technology, Engineering and Mathematics)”.",Percentage of 15 year-old students:,The series may present jumps due to methodological changes in the surveys (see methodological documents). Source: GenLAC (CEDLAS).
MEX2015,Women,MEX,PISA,2015,1,10.51544094085693,2,2,Gender,4,Mexico,"“who expect to work in STEM-related occupations at the age of 30 (Science, Technology, Engineering and Mathematics)”.",Percentage of 15 year-old students:,The series may present jumps due to methodological changes in the surveys (see methodological documents). Source: GenLAC (CEDLAS).
MEX2015,Men,MEX,PISA,2015,1,32.99485397338867,3,3,Gender,4,Mexico,"“who expect to work in STEM-related occupations at the age of 30 (Science, Technology, Engineering and Mathematics)”.",Percentage of 15 year-old students:,The series may present jumps due to methodological changes in the surveys (see methodological documents). Source: GenLAC (CEDLAS).
MEX2015,Women in households with low education,MEX,PISA,2015,1,9.588454246520996,4,4,Qualification (women),5,Mexico,"“who expect to work in STEM-related occupations at the age of 30 (Science, Technology, Engineering and Mathematics)”.",Percentage of 15 year-old students:,The series may present jumps due to methodological changes in the surveys (see methodological documents). Source: GenLAC (CEDLAS).
MEX2015,Women in households with medium education,MEX,PISA,2015,1,10.80305004119873,5,5,Qualification (women),5,Mexico,"“who expect to work in STEM-related occupations at the age of 30 (Science, Technology, Engineering and Mathematics)”.",Percentage of 15 year-old students:,The series may present jumps due to methodological changes in the surveys (see methodological documents). Source: GenLAC (CEDLAS).
MEX2015,Women in households with high education,MEX,PISA,2015,1,11.97130107879639,6,6,Qualification (women),5,Mexico,"“who expect to work in STEM-related occupations at the age of 30 (Science, Technology, Engineering and Mathematics)”.",Percentage of 15 year-old students:,The series may present jumps due to methodological changes in the surveys (see methodological documents). Source: GenLAC (CEDLAS).
MEX2015,Men in households with low education,MEX,PISA,2015,1,32.43436813354492,7,7,Qualification (men),6,Mexico,"“who expect to work in STEM-related occupations at the age of 30 (Science, Technology, Engineering and Mathematics)”.",Percentage of 15 year-old students:,The series may present jumps due to methodological changes in the surveys (see methodological documents). Source: GenLAC (CEDLAS).
MEX2015,Men in households with medium education,MEX,PISA,2015,1,34.16728591918945,8,8,Qualification (men),6,Mexico,"“who expect to work in STEM-related occupations at the age of 30 (Science, Technology, Engineering and Mathematics)”.",Percentage of 15 year-old students:,The series may present jumps due to methodological changes in the surveys (see methodological documents). Source: GenLAC (CEDLAS).
MEX2015,Men in households with high education,MEX,PISA,2015,1,32.75223922729492,9,9,Qualification (men),6,Mexico,"“who expect to work in STEM-related occupations at the age of 30 (Science, Technology, Engineering and Mathematics)”.",Percentage of 15 year-old students:,The series may present jumps due to methodological changes in the surveys (see methodological documents). Source: GenLAC (CEDLAS).
MEX2015,Woman,MEX,PISA,2015,1,10.51544094085693,10,10,Woman,2,Mexico,"“who expect to work in STEM-related occupations at the age of 30 (Science, Technology, Engineering and Mathematics)”.",Percentage of 15 year-old students:,The series may present jumps due to methodological changes in the surveys (see methodological documents). Source: GenLAC (CEDLAS).
MEX2015,Man,MEX,PISA,2015,1,32.99485397338867,11,11,Man,3,Mexico,"“who expect to work in STEM-related occupations at the age of 30 (Science, Technology, Engineering and Mathematics)”.",Percentage of 15 year-old students:,The series may present jumps due to methodological changes in the surveys (see methodological documents). Source: GenLAC (CEDLAS).
MEX2018,Total,MEX,PISA,2018,,22.83045768737793,1,1,Total,1,Mexico,"“who expect to work in STEM-related occupations at the age of 30 (Science, Technology, Engineering and Mathematics)”.",Percentage of 15 year-old students:,The series may present jumps due to methodological changes in the surveys (see methodological documents). Source: GenLAC (CEDLAS).
MEX2018,Women,MEX,PISA,2018,,11.93774032592773,2,2,Gender,4,Mexico,"“who expect to work in STEM-related occupations at the age of 30 (Science, Technology, Engineering and Mathematics)”.",Percentage of 15 year-old students:,The series may present jumps due to methodological changes in the surveys (see methodological documents). Source: GenLAC (CEDLAS).
MEX2018,Men,MEX,PISA,2018,,34.876953125,3,3,Gender,4,Mexico,"“who expect to work in STEM-related occupations at the age of 30 (Science, Technology, Engineering and Mathematics)”.",Percentage of 15 year-old students:,The series may present jumps due to methodological changes in the surveys (see methodological documents). Source: GenLAC (CEDLAS).
MEX2018,Women in households with low education,MEX,PISA,2018,,11.35991954803467,4,4,Qualification (women),5,Mexico,"“who expect to work in STEM-related occupations at the age of 30 (Science, Technology, Engineering and Mathematics)”.",Percentage of 15 year-old students:,The series may present jumps due to methodological changes in the surveys (see methodological documents). Source: GenLAC (CEDLAS).
MEX2018,Women in households with medium education,MEX,PISA,2018,,11.21097373962402,5,5,Qualification (women),5,Mexico,"“who expect to work in STEM-related occupations at the age of 30 (Science, Technology, Engineering and Mathematics)”.",Percentage of 15 year-old students:,The series may present jumps due to methodological changes in the surveys (see methodological documents). Source: GenLAC (CEDLAS).
MEX2018,Women in households with high education,MEX,PISA,2018,,13.04669761657715,6,6,Qualification (women),5,Mexico,"“who expect to work in STEM-related occupations at the age of 30 (Science, Technology, Engineering and Mathematics)”.",Percentage of 15 year-old students:,The series may present jumps due to methodological changes in the surveys (see methodological documents). Source: GenLAC (CEDLAS).
MEX2018,Men in households with low education,MEX,PISA,2018,,33.25961685180664,7,7,Qualification (men),6,Mexico,"“who expect to work in STEM-related occupations at the age of 30 (Science, Technology, Engineering and Mathematics)”.",Percentage of 15 year-old students:,The series may present jumps due to methodological changes in the surveys (see methodological documents). Source: GenLAC (CEDLAS).
MEX2018,Men in households with medium education,MEX,PISA,2018,,36.55299377441406,8,8,Qualification (men),6,Mexico,"“who expect to work in STEM-related occupations at the age of 30 (Science, Technology, Engineering and Mathematics)”.",Percentage of 15 year-old students:,The series may present jumps due to methodological changes in the surveys (see methodological documents). Source: GenLAC (CEDLAS).
MEX2018,Men in households with high education,MEX,PISA,2018,,35.55316925048828,9,9,Qualification (men),6,Mexico,"“who expect to work in STEM-related occupations at the age of 30 (Science, Technology, Engineering and Mathematics)”.",Percentage of 15 year-old students:,The series may present jumps due to methodological changes in the surveys (see methodological documents). Source: GenLAC (CEDLAS).
MEX2018,Woman,MEX,PISA,2018,,11.93774032592773,10,10,Woman,2,Mexico,"“who expect to work in STEM-related occupations at the age of 30 (Science, Technology, Engineering and Mathematics)”.",Percentage of 15 year-old students:,The series may present jumps due to methodological changes in the surveys (see methodological documents). Source: GenLAC (CEDLAS).
MEX2018,Man,MEX,PISA,2018,,34.876953125,11,11,Man,3,Mexico,"“who expect to work in STEM-related occupations at the age of 30 (Science, Technology, Engineering and Mathematics)”.",Percentage of 15 year-old students:,The series may present jumps due to methodological changes in the surveys (see methodological documents). Source: GenLAC (CEDLAS).
PAN2018,Total,PAN,PISA,2018,,21.19439888000488,1,1,Total,1,Panama,"“who expect to work in STEM-related occupations at the age of 30 (Science, Technology, Engineering and Mathematics)”.",Percentage of 15 year-old students:,The series may present jumps due to methodological changes in the surveys (see methodological documents). Source: GenLAC (CEDLAS).
PAN2018,Women,PAN,PISA,2018,,15.51924800872803,2,2,Gender,4,Panama,"“who expect to work in STEM-related occupations at the age of 30 (Science, Technology, Engineering and Mathematics)”.",Percentage of 15 year-old students:,The series may present jumps due to methodological changes in the surveys (see methodological documents). Source: GenLAC (CEDLAS).
PAN2018,Men,PAN,PISA,2018,,27.23204040527344,3,3,Gender,4,Panama,"“who expect to work in STEM-related occupations at the age of 30 (Science, Technology, Engineering and Mathematics)”.",Percentage of 15 year-old students:,The series may present jumps due to methodological changes in the surveys (see methodological documents). Source: GenLAC (CEDLAS).
PAN2018,Women in households with low education,PAN,PISA,2018,,12.43852806091309,4,4,Qualification (women),5,Panama,"“who expect to work in STEM-related occupations at the age of 30 (Science, Technology, Engineering and Mathematics)”.",Percentage of 15 year-old students:,The series may present jumps due to methodological changes in the surveys (see methodological documents). Source: GenLAC (CEDLAS).
PAN2018,Women in households with medium education,PAN,PISA,2018,,14.96234798431397,5,5,Qualification (women),5,Panama,"“who expect to work in STEM-related occupations at the age of 30 (Science, Technology, Engineering and Mathematics)”.",Percentage of 15 year-old students:,The series may present jumps due to methodological changes in the surveys (see methodological documents). Source: GenLAC (CEDLAS).
PAN2018,Women in households with high education,PAN,PISA,2018,,18.62771224975586,6,6,Qualification (women),5,Panama,"“who expect to work in STEM-related occupations at the age of 30 (Science, Technology, Engineering and Mathematics)”.",Percentage of 15 year-old students:,The series may present jumps due to methodological changes in the surveys (see methodological documents). Source: GenLAC (CEDLAS).
PAN2018,Men in households with low education,PAN,PISA,2018,,25.27627372741699,7,7,Qualification (men),6,Panama,"“who expect to work in STEM-related occupations at the age of 30 (Science, Technology, Engineering and Mathematics)”.",Percentage of 15 year-old students:,The series may present jumps due to methodological changes in the surveys (see methodological documents). Source: GenLAC (CEDLAS).
PAN2018,Men in households with medium education,PAN,PISA,2018,,28.78753280639648,8,8,Qualification (men),6,Panama,"“who expect to work in STEM-related occupations at the age of 30 (Science, Technology, Engineering and Mathematics)”.",Percentage of 15 year-old students:,The series may present jumps due to methodological changes in the surveys (see methodological documents). Source: GenLAC (CEDLAS).
PAN2018,Men in households with high education,PAN,PISA,2018,,27.97882461547852,9,9,Qualification (men),6,Panama,"“who expect to work in STEM-related occupations at the age of 30 (Science, Technology, Engineering and Mathematics)”.",Percentage of 15 year-old students:,The series may present jumps due to methodological changes in the surveys (see methodological documents). Source: GenLAC (CEDLAS).
PAN2018,Woman,PAN,PISA,2018,,15.51924800872803,10,10,Woman,2,Panama,"“who expect to work in STEM-related occupations at the age of 30 (Science, Technology, Engineering and Mathematics)”.",Percentage of 15 year-old students:,The series may present jumps due to methodological changes in the surveys (see methodological documents). Source: GenLAC (CEDLAS).
PAN2018,Man,PAN,PISA,2018,,27.23204040527344,11,11,Man,3,Panama,"“who expect to work in STEM-related occupations at the age of 30 (Science, Technology, Engineering and Mathematics)”.",Percentage of 15 year-old students:,The series may present jumps due to methodological changes in the surveys (see methodological documents). Source: GenLAC (CEDLAS).
PER2015,Total,PER,PISA,2015,1,27.09772682189941,1,1,Total,1,Peru,"“who expect to work in STEM-related occupations at the age of 30 (Science, Technology, Engineering and Mathematics)”.",Percentage of 15 year-old students:,The series may present jumps due to methodological changes in the surveys (see methodological documents). Source: GenLAC (CEDLAS).
PER2015,Women,PER,PISA,2015,1,16.13625907897949,2,2,Gender,4,Peru,"“who expect to work in STEM-related occupations at the age of 30 (Science, Technology, Engineering and Mathematics)”.",Percentage of 15 year-old students:,The series may present jumps due to methodological changes in the surveys (see methodological documents). Source: GenLAC (CEDLAS).
PER2015,Men,PER,PISA,2015,1,37.93992233276367,3,3,Gender,4,Peru,"“who expect to work in STEM-related occupations at the age of 30 (Science, Technology, Engineering and Mathematics)”.",Percentage of 15 year-old students:,The series may present jumps due to methodological changes in the surveys (see methodological documents). Source: GenLAC (CEDLAS).
PER2015,Women in households with low education,PER,PISA,2015,1,9.66234016418457,4,4,Qualification (women),5,Peru,"“who expect to work in STEM-related occupations at the age of 30 (Science, Technology, Engineering and Mathematics)”.",Percentage of 15 year-old students:,The series may present jumps due to methodological changes in the surveys (see methodological documents). Source: GenLAC (CEDLAS).
PER2015,Women in households with medium education,PER,PISA,2015,1,15.64323616027832,5,5,Qualification (women),5,Peru,"“who expect to work in STEM-related occupations at the age of 30 (Science, Technology, Engineering and Mathematics)”.",Percentage of 15 year-old students:,The series may present jumps due to methodological changes in the surveys (see methodological documents). Source: GenLAC (CEDLAS).
PER2015,Women in households with high education,PER,PISA,2015,1,19.70418930053711,6,6,Qualification (women),5,Peru,"“who expect to work in STEM-related occupations at the age of 30 (Science, Technology, Engineering and Mathematics)”.",Percentage of 15 year-old students:,The series may present jumps due to methodological changes in the surveys (see methodological documents). Source: GenLAC (CEDLAS).
PER2015,Men in households with low education,PER,PISA,2015,1,31.87593650817871,7,7,Qualification (men),6,Peru,"“who expect to work in STEM-related occupations at the age of 30 (Science, Technology, Engineering and Mathematics)”.",Percentage of 15 year-old students:,The series may present jumps due to methodological changes in the surveys (see methodological documents). Source: GenLAC (CEDLAS).
PER2015,Men in households with medium education,PER,PISA,2015,1,38.39073181152344,8,8,Qualification (men),6,Peru,"“who expect to work in STEM-related occupations at the age of 30 (Science, Technology, Engineering and Mathematics)”.",Percentage of 15 year-old students:,The series may present jumps due to methodological changes in the surveys (see methodological documents). Source: GenLAC (CEDLAS).
PER2015,Men in households with high education,PER,PISA,2015,1,40.59146499633789,9,9,Qualification (men),6,Peru,"“who expect to work in STEM-related occupations at the age of 30 (Science, Technology, Engineering and Mathematics)”.",Percentage of 15 year-old students:,The series may present jumps due to methodological changes in the surveys (see methodological documents). Source: GenLAC (CEDLAS).
PER2015,Woman,PER,PISA,2015,1,16.13625907897949,10,10,Woman,2,Peru,"“who expect to work in STEM-related occupations at the age of 30 (Science, Technology, Engineering and Mathematics)”.",Percentage of 15 year-old students:,The series may present jumps due to methodological changes in the surveys (see methodological documents). Source: GenLAC (CEDLAS).
PER2015,Man,PER,PISA,2015,1,37.93992233276367,11,11,Man,3,Peru,"“who expect to work in STEM-related occupations at the age of 30 (Science, Technology, Engineering and Mathematics)”.",Percentage of 15 year-old students:,The series may present jumps due to methodological changes in the surveys (see methodological documents). Source: GenLAC (CEDLAS).
PER2018,Total,PER,PISA,2018,,26.31074523925781,1,1,Total,1,Peru,"“who expect to work in STEM-related occupations at the age of 30 (Science, Technology, Engineering and Mathematics)”.",Percentage of 15 year-old students:,The series may present jumps due to methodological changes in the surveys (see methodological documents). Source: GenLAC (CEDLAS).
PER2018,Women,PER,PISA,2018,,15.09494495391846,2,2,Gender,4,Peru,"“who expect to work in STEM-related occupations at the age of 30 (Science, Technology, Engineering and Mathematics)”.",Percentage of 15 year-old students:,The series may present jumps due to methodological changes in the surveys (see methodological documents). Source: GenLAC (CEDLAS).
PER2018,Men,PER,PISA,2018,,36.88385772705078,3,3,Gender,4,Peru,"“who expect to work in STEM-related occupations at the age of 30 (Science, Technology, Engineering and Mathematics)”.",Percentage of 15 year-old students:,The series may present jumps due to methodological changes in the surveys (see methodological documents). Source: GenLAC (CEDLAS).
PER2018,Women in households with low education,PER,PISA,2018,,10.22818088531494,4,4,Qualification (women),5,Peru,"“who expect to work in STEM-related occupations at the age of 30 (Science, Technology, Engineering and Mathematics)”.",Percentage of 15 year-old students:,The series may present jumps due to methodological changes in the surveys (see methodological documents). Source: GenLAC (CEDLAS).
PER2018,Women in households with medium education,PER,PISA,2018,,12.90915393829346,5,5,Qualification (women),5,Peru,"“who expect to work in STEM-related occupations at the age of 30 (Science, Technology, Engineering and Mathematics)”.",Percentage of 15 year-old students:,The series may present jumps due to methodological changes in the surveys (see methodological documents). Source: GenLAC (CEDLAS).
PER2018,Women in households with high education,PER,PISA,2018,,18.03042984008789,6,6,Qualification (women),5,Peru,"“who expect to work in STEM-related occupations at the age of 30 (Science, Technology, Engineering and Mathematics)”.",Percentage of 15 year-old students:,The series may present jumps due to methodological changes in the surveys (see methodological documents). Source: GenLAC (CEDLAS).
PER2018,Men in households with low education,PER,PISA,2018,,27.46310043334961,7,7,Qualification (men),6,Peru,"“who expect to work in STEM-related occupations at the age of 30 (Science, Technology, Engineering and Mathematics)”.",Percentage of 15 year-old students:,The series may present jumps due to methodological changes in the surveys (see methodological documents). Source: GenLAC (CEDLAS).
PER2018,Men in households with medium education,PER,PISA,2018,,37.85015869140625,8,8,Qualification (men),6,Peru,"“who expect to work in STEM-related occupations at the age of 30 (Science, Technology, Engineering and Mathematics)”.",Percentage of 15 year-old students:,The series may present jumps due to methodological changes in the surveys (see methodological documents). Source: GenLAC (CEDLAS).
PER2018,Men in households with high education,PER,PISA,2018,,38.61727905273438,9,9,Qualification (men),6,Peru,"“who expect to work in STEM-related occupations at the age of 30 (Science, Technology, Engineering and Mathematics)”.",Percentage of 15 year-old students:,The series may present jumps due to methodological changes in the surveys (see methodological documents). Source: GenLAC (CEDLAS).
PER2018,Woman,PER,PISA,2018,,15.09494495391846,10,10,Woman,2,Peru,"“who expect to work in STEM-related occupations at the age of 30 (Science, Technology, Engineering and Mathematics)”.",Percentage of 15 year-old students:,The series may present jumps due to methodological changes in the surveys (see methodological documents). Source: GenLAC (CEDLAS).
PER2018,Man,PER,PISA,2018,,36.88385772705078,11,11,Man,3,Peru,"“who expect to work in STEM-related occupations at the age of 30 (Science, Technology, Engineering and Mathematics)”.",Percentage of 15 year-old students:,The series may present jumps due to methodological changes in the surveys (see methodological documents). Source: GenLAC (CEDLAS).
URY2015,Total,URY,PISA,2015,1,13.18138599395752,1,1,Total,1,Uruguay,"“who expect to work in STEM-related occupations at the age of 30 (Science, Technology, Engineering and Mathematics)”.",Percentage of 15 year-old students:,The series may present jumps due to methodological changes in the surveys (see methodological documents). Source: GenLAC (CEDLAS).
URY2015,Women,URY,PISA,2015,1,8.356917381286621,2,2,Gender,4,Uruguay,"“who expect to work in STEM-related occupations at the age of 30 (Science, Technology, Engineering and Mathematics)”.",Percentage of 15 year-old students:,The series may present jumps due to methodological changes in the surveys (see methodological documents). Source: GenLAC (CEDLAS).
URY2015,Men,URY,PISA,2015,1,18.95499420166016,3,3,Gender,4,Uruguay,"“who expect to work in STEM-related occupations at the age of 30 (Science, Technology, Engineering and Mathematics)”.",Percentage of 15 year-old students:,The series may present jumps due to methodological changes in the surveys (see methodological documents). Source: GenLAC (CEDLAS).
URY2015,Women in households with low education,URY,PISA,2015,1,5.75399112701416,4,4,Qualification (women),5,Uruguay,"“who expect to work in STEM-related occupations at the age of 30 (Science, Technology, Engineering and Mathematics)”.",Percentage of 15 year-old students:,The series may present jumps due to methodological changes in the surveys (see methodological documents). Source: GenLAC (CEDLAS).
URY2015,Women in households with medium education,URY,PISA,2015,1,10.00623607635498,5,5,Qualification (women),5,Uruguay,"“who expect to work in STEM-related occupations at the age of 30 (Science, Technology, Engineering and Mathematics)”.",Percentage of 15 year-old students:,The series may present jumps due to methodological changes in the surveys (see methodological documents). Source: GenLAC (CEDLAS).
URY2015,Women in households with high education,URY,PISA,2015,1,11.86776638031006,6,6,Qualification (women),5,Uruguay,"“who expect to work in STEM-related occupations at the age of 30 (Science, Technology, Engineering and Mathematics)”.",Percentage of 15 year-old students:,The series may present jumps due to methodological changes in the surveys (see methodological documents). Source: GenLAC (CEDLAS).
URY2015,Men in households with low education,URY,PISA,2015,1,11.05694675445557,7,7,Qualification (men),6,Uruguay,"“who expect to work in STEM-related occupations at the age of 30 (Science, Technology, Engineering and Mathematics)”.",Percentage of 15 year-old students:,The series may present jumps due to methodological changes in the surveys (see methodological documents). Source: GenLAC (CEDLAS).
URY2015,Men in households with medium education,URY,PISA,2015,1,21.67645454406738,8,8,Qualification (men),6,Uruguay,"“who expect to work in STEM-related occupations at the age of 30 (Science, Technology, Engineering and Mathematics)”.",Percentage of 15 year-old students:,The series may present jumps due to methodological changes in the surveys (see methodological documents). Source: GenLAC (CEDLAS).
URY2015,Men in households with high education,URY,PISA,2015,1,29.81336975097656,9,9,Qualification (men),6,Uruguay,"“who expect to work in STEM-related occupations at the age of 30 (Science, Technology, Engineering and Mathematics)”.",Percentage of 15 year-old students:,The series may present jumps due to methodological changes in the surveys (see methodological documents). Source: GenLAC (CEDLAS).
URY2015,Woman,URY,PISA,2015,1,8.356917381286621,10,10,Woman,2,Uruguay,"“who expect to work in STEM-related occupations at the age of 30 (Science, Technology, Engineering and Mathematics)”.",Percentage of 15 year-old students:,The series may present jumps due to methodological changes in the surveys (see methodological documents). Source: GenLAC (CEDLAS).
URY2015,Man,URY,PISA,2015,1,18.95499420166016,11,11,Man,3,Uruguay,"“who expect to work in STEM-related occupations at the age of 30 (Science, Technology, Engineering and Mathematics)”.",Percentage of 15 year-old students:,The series may present jumps due to methodological changes in the surveys (see methodological documents). Source: GenLAC (CEDLAS).
URY2018,Total,URY,PISA,2018,,12.92898464202881,1,1,Total,1,Uruguay,"“who expect to work in STEM-related occupations at the age of 30 (Science, Technology, Engineering and Mathematics)”.",Percentage of 15 year-old students:,The series may present jumps due to methodological changes in the surveys (see methodological documents). Source: GenLAC (CEDLAS).
URY2018,Women,URY,PISA,2018,,8.275476455688477,2,2,Gender,4,Uruguay,"“who expect to work in STEM-related occupations at the age of 30 (Science, Technology, Engineering and Mathematics)”.",Percentage of 15 year-old students:,The series may present jumps due to methodological changes in the surveys (see methodological documents). Source: GenLAC (CEDLAS).
URY2018,Men,URY,PISA,2018,,18.65313529968262,3,3,Gender,4,Uruguay,"“who expect to work in STEM-related occupations at the age of 30 (Science, Technology, Engineering and Mathematics)”.",Percentage of 15 year-old students:,The series may present jumps due to methodological changes in the surveys (see methodological documents). Source: GenLAC (CEDLAS).
URY2018,Women in households with low education,URY,PISA,2018,,6.182549953460693,4,4,Qualification (women),5,Uruguay,"“who expect to work in STEM-related occupations at the age of 30 (Science, Technology, Engineering and Mathematics)”.",Percentage of 15 year-old students:,The series may present jumps due to methodological changes in the surveys (see methodological documents). Source: GenLAC (CEDLAS).
URY2018,Women in households with medium education,URY,PISA,2018,,6.311340808868408,5,5,Qualification (women),5,Uruguay,"“who expect to work in STEM-related occupations at the age of 30 (Science, Technology, Engineering and Mathematics)”.",Percentage of 15 year-old students:,The series may present jumps due to methodological changes in the surveys (see methodological documents). Source: GenLAC (CEDLAS).
URY2018,Women in households with high education,URY,PISA,2018,,13.94919013977051,6,6,Qualification (women),5,Uruguay,"“who expect to work in STEM-related occupations at the age of 30 (Science, Technology, Engineering and Mathematics)”.",Percentage of 15 year-old students:,The series may present jumps due to methodological changes in the surveys (see methodological documents). Source: GenLAC (CEDLAS).
URY2018,Men in households with low education,URY,PISA,2018,,12.89798641204834,7,7,Qualification (men),6,Uruguay,"“who expect to work in STEM-related occupations at the age of 30 (Science, Technology, Engineering and Mathematics)”.",Percentage of 15 year-old students:,The series may present jumps due to methodological changes in the surveys (see methodological documents). Source: GenLAC (CEDLAS).
URY2018,Men in households with medium education,URY,PISA,2018,,19.55375099182129,8,8,Qualification (men),6,Uruguay,"“who expect to work in STEM-related occupations at the age of 30 (Science, Technology, Engineering and Mathematics)”.",Percentage of 15 year-old students:,The series may present jumps due to methodological changes in the surveys (see methodological documents). Source: GenLAC (CEDLAS).
URY2018,Men in households with high education,URY,PISA,2018,,26.55331420898438,9,9,Qualification (men),6,Uruguay,"“who expect to work in STEM-related occupations at the age of 30 (Science, Technology, Engineering and Mathematics)”.",Percentage of 15 year-old students:,The series may present jumps due to methodological changes in the surveys (see methodological documents). Source: GenLAC (CEDLAS).
URY2018,Woman,URY,PISA,2018,,8.275476455688477,10,10,Woman,2,Uruguay,"“who expect to work in STEM-related occupations at the age of 30 (Science, Technology, Engineering and Mathematics)”.",Percentage of 15 year-old students:,The series may present jumps due to methodological changes in the surveys (see methodological documents). Source: GenLAC (CEDLAS).
URY2018,Man,URY,PISA,2018,,18.65313529968262,11,11,Man,3,Uruguay,"“who expect to work in STEM-related occupations at the age of 30 (Science, Technology, Engineering and Mathematics)”.",Percentage of 15 year-old students:,The series may present jumps due to methodological changes in the surveys (see methodological documents). Source: GenLAC (CEDLAS).
