id_paisano,desagregacion,pais_cod,encuesta,ano,valor,desagregacion_por_orden,variable_orden,variable_ingles,comparacion_por,comparacion_por_orden,pais,indicador,detalle_indicador,disclaimer
ARG2006,"Total, matemática",ARG,(S)ERCE,2006,.9972044825553894,1,1,1,"Total, matemática",1,Argentina,Ratio de puntajes en pruebas estandarizadas para alumnos de tercer grado,Ratio de puntajes en pruebas estandarizadas entre niñas y niños de tercer grado.,Las series pueden presentar saltos por cambios metodológicos en las encuestas (ver documentos metodológicos). Fuente: GenLAC (CEDLAS).
ARG2006,"Hogares baja calificación, matemática",ARG,(S)ERCE,2006,.9948850870132446,2,2,2,"Calificación, matemática",2,Argentina,Ratio de puntajes en pruebas estandarizadas para alumnos de tercer grado,Ratio de puntajes en pruebas estandarizadas entre niñas y niños de tercer grado.,Las series pueden presentar saltos por cambios metodológicos en las encuestas (ver documentos metodológicos). Fuente: GenLAC (CEDLAS).
ARG2006,"Hogares media calificación, matemática",ARG,(S)ERCE,2006,.9987567663192749,3,3,3,"Calificación, matemática",2,Argentina,Ratio de puntajes en pruebas estandarizadas para alumnos de tercer grado,Ratio de puntajes en pruebas estandarizadas entre niñas y niños de tercer grado.,Las series pueden presentar saltos por cambios metodológicos en las encuestas (ver documentos metodológicos). Fuente: GenLAC (CEDLAS).
ARG2006,"Hogares alta calificación, matemática",ARG,(S)ERCE,2006,.9671117067337036,4,4,4,"Calificación, matemática",2,Argentina,Ratio de puntajes en pruebas estandarizadas para alumnos de tercer grado,Ratio de puntajes en pruebas estandarizadas entre niñas y niños de tercer grado.,Las series pueden presentar saltos por cambios metodológicos en las encuestas (ver documentos metodológicos). Fuente: GenLAC (CEDLAS).
ARG2006,"Total, lectura",ARG,(S)ERCE,2006,1.035242676734924,5,5,5,"Total, lectura",3,Argentina,Ratio de puntajes en pruebas estandarizadas para alumnos de tercer grado,Ratio de puntajes en pruebas estandarizadas entre niñas y niños de tercer grado.,Las series pueden presentar saltos por cambios metodológicos en las encuestas (ver documentos metodológicos). Fuente: GenLAC (CEDLAS).
ARG2006,"Hogares baja calificación, lectura",ARG,(S)ERCE,2006,1.032320737838745,6,6,6,"Calificación, lectura",4,Argentina,Ratio de puntajes en pruebas estandarizadas para alumnos de tercer grado,Ratio de puntajes en pruebas estandarizadas entre niñas y niños de tercer grado.,Las series pueden presentar saltos por cambios metodológicos en las encuestas (ver documentos metodológicos). Fuente: GenLAC (CEDLAS).
ARG2006,"Hogares media calificación, lectura",ARG,(S)ERCE,2006,1.037010550498962,7,7,7,"Calificación, lectura",4,Argentina,Ratio de puntajes en pruebas estandarizadas para alumnos de tercer grado,Ratio de puntajes en pruebas estandarizadas entre niñas y niños de tercer grado.,Las series pueden presentar saltos por cambios metodológicos en las encuestas (ver documentos metodológicos). Fuente: GenLAC (CEDLAS).
ARG2006,"Hogares alta calificación, lectura",ARG,(S)ERCE,2006,1.041704416275024,8,8,8,"Calificación, lectura",4,Argentina,Ratio de puntajes en pruebas estandarizadas para alumnos de tercer grado,Ratio de puntajes en pruebas estandarizadas entre niñas y niños de tercer grado.,Las series pueden presentar saltos por cambios metodológicos en las encuestas (ver documentos metodológicos). Fuente: GenLAC (CEDLAS).
ARG2013,"Total, matemática",ARG,(T)ERCE,2013,1.01058042049408,1,1,1,"Total, matemática",1,Argentina,Ratio de puntajes en pruebas estandarizadas para alumnos de tercer grado,Ratio de puntajes en pruebas estandarizadas entre niñas y niños de tercer grado.,Las series pueden presentar saltos por cambios metodológicos en las encuestas (ver documentos metodológicos). Fuente: GenLAC (CEDLAS).
ARG2013,"Hogares baja calificación, matemática",ARG,(T)ERCE,2013,1.040829658508301,2,2,2,"Calificación, matemática",2,Argentina,Ratio de puntajes en pruebas estandarizadas para alumnos de tercer grado,Ratio de puntajes en pruebas estandarizadas entre niñas y niños de tercer grado.,Las series pueden presentar saltos por cambios metodológicos en las encuestas (ver documentos metodológicos). Fuente: GenLAC (CEDLAS).
ARG2013,"Hogares media calificación, matemática",ARG,(T)ERCE,2013,1.007634282112122,3,3,3,"Calificación, matemática",2,Argentina,Ratio de puntajes en pruebas estandarizadas para alumnos de tercer grado,Ratio de puntajes en pruebas estandarizadas entre niñas y niños de tercer grado.,Las series pueden presentar saltos por cambios metodológicos en las encuestas (ver documentos metodológicos). Fuente: GenLAC (CEDLAS).
ARG2013,"Hogares alta calificación, matemática",ARG,(T)ERCE,2013,1.013117790222168,4,4,4,"Calificación, matemática",2,Argentina,Ratio de puntajes en pruebas estandarizadas para alumnos de tercer grado,Ratio de puntajes en pruebas estandarizadas entre niñas y niños de tercer grado.,Las series pueden presentar saltos por cambios metodológicos en las encuestas (ver documentos metodológicos). Fuente: GenLAC (CEDLAS).
ARG2013,"Total, lectura",ARG,(T)ERCE,2013,1.021546363830566,5,5,5,"Total, lectura",3,Argentina,Ratio de puntajes en pruebas estandarizadas para alumnos de tercer grado,Ratio de puntajes en pruebas estandarizadas entre niñas y niños de tercer grado.,Las series pueden presentar saltos por cambios metodológicos en las encuestas (ver documentos metodológicos). Fuente: GenLAC (CEDLAS).
ARG2013,"Hogares baja calificación, lectura",ARG,(T)ERCE,2013,1.013408780097961,6,6,6,"Calificación, lectura",4,Argentina,Ratio de puntajes en pruebas estandarizadas para alumnos de tercer grado,Ratio de puntajes en pruebas estandarizadas entre niñas y niños de tercer grado.,Las series pueden presentar saltos por cambios metodológicos en las encuestas (ver documentos metodológicos). Fuente: GenLAC (CEDLAS).
ARG2013,"Hogares media calificación, lectura",ARG,(T)ERCE,2013,1.03320586681366,7,7,7,"Calificación, lectura",4,Argentina,Ratio de puntajes en pruebas estandarizadas para alumnos de tercer grado,Ratio de puntajes en pruebas estandarizadas entre niñas y niños de tercer grado.,Las series pueden presentar saltos por cambios metodológicos en las encuestas (ver documentos metodológicos). Fuente: GenLAC (CEDLAS).
ARG2013,"Hogares alta calificación, lectura",ARG,(T)ERCE,2013,1.021888017654419,8,8,8,"Calificación, lectura",4,Argentina,Ratio de puntajes en pruebas estandarizadas para alumnos de tercer grado,Ratio de puntajes en pruebas estandarizadas entre niñas y niños de tercer grado.,Las series pueden presentar saltos por cambios metodológicos en las encuestas (ver documentos metodológicos). Fuente: GenLAC (CEDLAS).
BRA2006,"Total, matemática",BRA,(S)ERCE,2006,1.003782510757446,1,1,1,"Total, matemática",1,Brasil,Ratio de puntajes en pruebas estandarizadas para alumnos de tercer grado,Ratio de puntajes en pruebas estandarizadas entre niñas y niños de tercer grado.,Las series pueden presentar saltos por cambios metodológicos en las encuestas (ver documentos metodológicos). Fuente: GenLAC (CEDLAS).
BRA2006,"Hogares baja calificación, matemática",BRA,(S)ERCE,2006,1.004950642585754,2,2,2,"Calificación, matemática",2,Brasil,Ratio de puntajes en pruebas estandarizadas para alumnos de tercer grado,Ratio de puntajes en pruebas estandarizadas entre niñas y niños de tercer grado.,Las series pueden presentar saltos por cambios metodológicos en las encuestas (ver documentos metodológicos). Fuente: GenLAC (CEDLAS).
BRA2006,"Hogares media calificación, matemática",BRA,(S)ERCE,2006,.9880412817001343,3,3,3,"Calificación, matemática",2,Brasil,Ratio de puntajes en pruebas estandarizadas para alumnos de tercer grado,Ratio de puntajes en pruebas estandarizadas entre niñas y niños de tercer grado.,Las series pueden presentar saltos por cambios metodológicos en las encuestas (ver documentos metodológicos). Fuente: GenLAC (CEDLAS).
BRA2006,"Hogares alta calificación, matemática",BRA,(S)ERCE,2006,.9921843409538269,4,4,4,"Calificación, matemática",2,Brasil,Ratio de puntajes en pruebas estandarizadas para alumnos de tercer grado,Ratio de puntajes en pruebas estandarizadas entre niñas y niños de tercer grado.,Las series pueden presentar saltos por cambios metodológicos en las encuestas (ver documentos metodológicos). Fuente: GenLAC (CEDLAS).
BRA2006,"Total, lectura",BRA,(S)ERCE,2006,1.037475824356079,5,5,5,"Total, lectura",3,Brasil,Ratio de puntajes en pruebas estandarizadas para alumnos de tercer grado,Ratio de puntajes en pruebas estandarizadas entre niñas y niños de tercer grado.,Las series pueden presentar saltos por cambios metodológicos en las encuestas (ver documentos metodológicos). Fuente: GenLAC (CEDLAS).
BRA2006,"Hogares baja calificación, lectura",BRA,(S)ERCE,2006,1.034535527229309,6,6,6,"Calificación, lectura",4,Brasil,Ratio de puntajes en pruebas estandarizadas para alumnos de tercer grado,Ratio de puntajes en pruebas estandarizadas entre niñas y niños de tercer grado.,Las series pueden presentar saltos por cambios metodológicos en las encuestas (ver documentos metodológicos). Fuente: GenLAC (CEDLAS).
BRA2006,"Hogares media calificación, lectura",BRA,(S)ERCE,2006,1.029365301132202,7,7,7,"Calificación, lectura",4,Brasil,Ratio de puntajes en pruebas estandarizadas para alumnos de tercer grado,Ratio de puntajes en pruebas estandarizadas entre niñas y niños de tercer grado.,Las series pueden presentar saltos por cambios metodológicos en las encuestas (ver documentos metodológicos). Fuente: GenLAC (CEDLAS).
BRA2006,"Hogares alta calificación, lectura",BRA,(S)ERCE,2006,1.015903472900391,8,8,8,"Calificación, lectura",4,Brasil,Ratio de puntajes en pruebas estandarizadas para alumnos de tercer grado,Ratio de puntajes en pruebas estandarizadas entre niñas y niños de tercer grado.,Las series pueden presentar saltos por cambios metodológicos en las encuestas (ver documentos metodológicos). Fuente: GenLAC (CEDLAS).
BRA2013,"Total, matemática",BRA,(T)ERCE,2013,1.009769916534424,1,1,1,"Total, matemática",1,Brasil,Ratio de puntajes en pruebas estandarizadas para alumnos de tercer grado,Ratio de puntajes en pruebas estandarizadas entre niñas y niños de tercer grado.,Las series pueden presentar saltos por cambios metodológicos en las encuestas (ver documentos metodológicos). Fuente: GenLAC (CEDLAS).
BRA2013,"Hogares baja calificación, matemática",BRA,(T)ERCE,2013,1.012787818908691,2,2,2,"Calificación, matemática",2,Brasil,Ratio de puntajes en pruebas estandarizadas para alumnos de tercer grado,Ratio de puntajes en pruebas estandarizadas entre niñas y niños de tercer grado.,Las series pueden presentar saltos por cambios metodológicos en las encuestas (ver documentos metodológicos). Fuente: GenLAC (CEDLAS).
BRA2013,"Hogares media calificación, matemática",BRA,(T)ERCE,2013,1.001839876174927,3,3,3,"Calificación, matemática",2,Brasil,Ratio de puntajes en pruebas estandarizadas para alumnos de tercer grado,Ratio de puntajes en pruebas estandarizadas entre niñas y niños de tercer grado.,Las series pueden presentar saltos por cambios metodológicos en las encuestas (ver documentos metodológicos). Fuente: GenLAC (CEDLAS).
BRA2013,"Hogares alta calificación, matemática",BRA,(T)ERCE,2013,1.02296793460846,4,4,4,"Calificación, matemática",2,Brasil,Ratio de puntajes en pruebas estandarizadas para alumnos de tercer grado,Ratio de puntajes en pruebas estandarizadas entre niñas y niños de tercer grado.,Las series pueden presentar saltos por cambios metodológicos en las encuestas (ver documentos metodológicos). Fuente: GenLAC (CEDLAS).
BRA2013,"Total, lectura",BRA,(T)ERCE,2013,1.025511503219605,5,5,5,"Total, lectura",3,Brasil,Ratio de puntajes en pruebas estandarizadas para alumnos de tercer grado,Ratio de puntajes en pruebas estandarizadas entre niñas y niños de tercer grado.,Las series pueden presentar saltos por cambios metodológicos en las encuestas (ver documentos metodológicos). Fuente: GenLAC (CEDLAS).
BRA2013,"Hogares baja calificación, lectura",BRA,(T)ERCE,2013,1.036323189735413,6,6,6,"Calificación, lectura",4,Brasil,Ratio de puntajes en pruebas estandarizadas para alumnos de tercer grado,Ratio de puntajes en pruebas estandarizadas entre niñas y niños de tercer grado.,Las series pueden presentar saltos por cambios metodológicos en las encuestas (ver documentos metodológicos). Fuente: GenLAC (CEDLAS).
BRA2013,"Hogares media calificación, lectura",BRA,(T)ERCE,2013,1.009296536445618,7,7,7,"Calificación, lectura",4,Brasil,Ratio de puntajes en pruebas estandarizadas para alumnos de tercer grado,Ratio de puntajes en pruebas estandarizadas entre niñas y niños de tercer grado.,Las series pueden presentar saltos por cambios metodológicos en las encuestas (ver documentos metodológicos). Fuente: GenLAC (CEDLAS).
BRA2013,"Hogares alta calificación, lectura",BRA,(T)ERCE,2013,1.032528281211853,8,8,8,"Calificación, lectura",4,Brasil,Ratio de puntajes en pruebas estandarizadas para alumnos de tercer grado,Ratio de puntajes en pruebas estandarizadas entre niñas y niños de tercer grado.,Las series pueden presentar saltos por cambios metodológicos en las encuestas (ver documentos metodológicos). Fuente: GenLAC (CEDLAS).
CHL2006,"Total, matemática",CHL,(S)ERCE,2006,.9750931859016419,1,1,1,"Total, matemática",1,Chile,Ratio de puntajes en pruebas estandarizadas para alumnos de tercer grado,Ratio de puntajes en pruebas estandarizadas entre niñas y niños de tercer grado.,Las series pueden presentar saltos por cambios metodológicos en las encuestas (ver documentos metodológicos). Fuente: GenLAC (CEDLAS).
CHL2006,"Hogares baja calificación, matemática",CHL,(S)ERCE,2006,.985241174697876,2,2,2,"Calificación, matemática",2,Chile,Ratio de puntajes en pruebas estandarizadas para alumnos de tercer grado,Ratio de puntajes en pruebas estandarizadas entre niñas y niños de tercer grado.,Las series pueden presentar saltos por cambios metodológicos en las encuestas (ver documentos metodológicos). Fuente: GenLAC (CEDLAS).
CHL2006,"Hogares media calificación, matemática",CHL,(S)ERCE,2006,.9713261127471924,3,3,3,"Calificación, matemática",2,Chile,Ratio de puntajes en pruebas estandarizadas para alumnos de tercer grado,Ratio de puntajes en pruebas estandarizadas entre niñas y niños de tercer grado.,Las series pueden presentar saltos por cambios metodológicos en las encuestas (ver documentos metodológicos). Fuente: GenLAC (CEDLAS).
CHL2006,"Hogares alta calificación, matemática",CHL,(S)ERCE,2006,.962980329990387,4,4,4,"Calificación, matemática",2,Chile,Ratio de puntajes en pruebas estandarizadas para alumnos de tercer grado,Ratio de puntajes en pruebas estandarizadas entre niñas y niños de tercer grado.,Las series pueden presentar saltos por cambios metodológicos en las encuestas (ver documentos metodológicos). Fuente: GenLAC (CEDLAS).
CHL2006,"Total, lectura",CHL,(S)ERCE,2006,1.004382252693176,5,5,5,"Total, lectura",3,Chile,Ratio de puntajes en pruebas estandarizadas para alumnos de tercer grado,Ratio de puntajes en pruebas estandarizadas entre niñas y niños de tercer grado.,Las series pueden presentar saltos por cambios metodológicos en las encuestas (ver documentos metodológicos). Fuente: GenLAC (CEDLAS).
CHL2006,"Hogares baja calificación, lectura",CHL,(S)ERCE,2006,1.007506489753723,6,6,6,"Calificación, lectura",4,Chile,Ratio de puntajes en pruebas estandarizadas para alumnos de tercer grado,Ratio de puntajes en pruebas estandarizadas entre niñas y niños de tercer grado.,Las series pueden presentar saltos por cambios metodológicos en las encuestas (ver documentos metodológicos). Fuente: GenLAC (CEDLAS).
CHL2006,"Hogares media calificación, lectura",CHL,(S)ERCE,2006,1.007252931594849,7,7,7,"Calificación, lectura",4,Chile,Ratio de puntajes en pruebas estandarizadas para alumnos de tercer grado,Ratio de puntajes en pruebas estandarizadas entre niñas y niños de tercer grado.,Las series pueden presentar saltos por cambios metodológicos en las encuestas (ver documentos metodológicos). Fuente: GenLAC (CEDLAS).
CHL2006,"Hogares alta calificación, lectura",CHL,(S)ERCE,2006,.9956418871879578,8,8,8,"Calificación, lectura",4,Chile,Ratio de puntajes en pruebas estandarizadas para alumnos de tercer grado,Ratio de puntajes en pruebas estandarizadas entre niñas y niños de tercer grado.,Las series pueden presentar saltos por cambios metodológicos en las encuestas (ver documentos metodológicos). Fuente: GenLAC (CEDLAS).
CHL2013,"Total, matemática",CHL,(T)ERCE,2013,.9976292848587036,1,1,1,"Total, matemática",1,Chile,Ratio de puntajes en pruebas estandarizadas para alumnos de tercer grado,Ratio de puntajes en pruebas estandarizadas entre niñas y niños de tercer grado.,Las series pueden presentar saltos por cambios metodológicos en las encuestas (ver documentos metodológicos). Fuente: GenLAC (CEDLAS).
CHL2013,"Hogares baja calificación, matemática",CHL,(T)ERCE,2013,1.000552535057068,2,2,2,"Calificación, matemática",2,Chile,Ratio de puntajes en pruebas estandarizadas para alumnos de tercer grado,Ratio de puntajes en pruebas estandarizadas entre niñas y niños de tercer grado.,Las series pueden presentar saltos por cambios metodológicos en las encuestas (ver documentos metodológicos). Fuente: GenLAC (CEDLAS).
CHL2013,"Hogares media calificación, matemática",CHL,(T)ERCE,2013,1.003600835800171,3,3,3,"Calificación, matemática",2,Chile,Ratio de puntajes en pruebas estandarizadas para alumnos de tercer grado,Ratio de puntajes en pruebas estandarizadas entre niñas y niños de tercer grado.,Las series pueden presentar saltos por cambios metodológicos en las encuestas (ver documentos metodológicos). Fuente: GenLAC (CEDLAS).
CHL2013,"Hogares alta calificación, matemática",CHL,(T)ERCE,2013,.9964779615402222,4,4,4,"Calificación, matemática",2,Chile,Ratio de puntajes en pruebas estandarizadas para alumnos de tercer grado,Ratio de puntajes en pruebas estandarizadas entre niñas y niños de tercer grado.,Las series pueden presentar saltos por cambios metodológicos en las encuestas (ver documentos metodológicos). Fuente: GenLAC (CEDLAS).
CHL2013,"Total, lectura",CHL,(T)ERCE,2013,1.016952037811279,5,5,5,"Total, lectura",3,Chile,Ratio de puntajes en pruebas estandarizadas para alumnos de tercer grado,Ratio de puntajes en pruebas estandarizadas entre niñas y niños de tercer grado.,Las series pueden presentar saltos por cambios metodológicos en las encuestas (ver documentos metodológicos). Fuente: GenLAC (CEDLAS).
CHL2013,"Hogares baja calificación, lectura",CHL,(T)ERCE,2013,1.018894910812378,6,6,6,"Calificación, lectura",4,Chile,Ratio de puntajes en pruebas estandarizadas para alumnos de tercer grado,Ratio de puntajes en pruebas estandarizadas entre niñas y niños de tercer grado.,Las series pueden presentar saltos por cambios metodológicos en las encuestas (ver documentos metodológicos). Fuente: GenLAC (CEDLAS).
CHL2013,"Hogares media calificación, lectura",CHL,(T)ERCE,2013,1.015352010726929,7,7,7,"Calificación, lectura",4,Chile,Ratio de puntajes en pruebas estandarizadas para alumnos de tercer grado,Ratio de puntajes en pruebas estandarizadas entre niñas y niños de tercer grado.,Las series pueden presentar saltos por cambios metodológicos en las encuestas (ver documentos metodológicos). Fuente: GenLAC (CEDLAS).
CHL2013,"Hogares alta calificación, lectura",CHL,(T)ERCE,2013,1.004768967628479,8,8,8,"Calificación, lectura",4,Chile,Ratio de puntajes en pruebas estandarizadas para alumnos de tercer grado,Ratio de puntajes en pruebas estandarizadas entre niñas y niños de tercer grado.,Las series pueden presentar saltos por cambios metodológicos en las encuestas (ver documentos metodológicos). Fuente: GenLAC (CEDLAS).
COL2006,"Total, matemática",COL,(S)ERCE,2006,.9836100339889526,1,1,1,"Total, matemática",1,Colombia,Ratio de puntajes en pruebas estandarizadas para alumnos de tercer grado,Ratio de puntajes en pruebas estandarizadas entre niñas y niños de tercer grado.,Las series pueden presentar saltos por cambios metodológicos en las encuestas (ver documentos metodológicos). Fuente: GenLAC (CEDLAS).
COL2006,"Hogares baja calificación, matemática",COL,(S)ERCE,2006,.9796217679977417,2,2,2,"Calificación, matemática",2,Colombia,Ratio de puntajes en pruebas estandarizadas para alumnos de tercer grado,Ratio de puntajes en pruebas estandarizadas entre niñas y niños de tercer grado.,Las series pueden presentar saltos por cambios metodológicos en las encuestas (ver documentos metodológicos). Fuente: GenLAC (CEDLAS).
COL2006,"Hogares media calificación, matemática",COL,(S)ERCE,2006,.9985249638557434,3,3,3,"Calificación, matemática",2,Colombia,Ratio de puntajes en pruebas estandarizadas para alumnos de tercer grado,Ratio de puntajes en pruebas estandarizadas entre niñas y niños de tercer grado.,Las series pueden presentar saltos por cambios metodológicos en las encuestas (ver documentos metodológicos). Fuente: GenLAC (CEDLAS).
COL2006,"Hogares alta calificación, matemática",COL,(S)ERCE,2006,.9614378809928894,4,4,4,"Calificación, matemática",2,Colombia,Ratio de puntajes en pruebas estandarizadas para alumnos de tercer grado,Ratio de puntajes en pruebas estandarizadas entre niñas y niños de tercer grado.,Las series pueden presentar saltos por cambios metodológicos en las encuestas (ver documentos metodológicos). Fuente: GenLAC (CEDLAS).
COL2006,"Total, lectura",COL,(S)ERCE,2006,1.009118914604187,5,5,5,"Total, lectura",3,Colombia,Ratio de puntajes en pruebas estandarizadas para alumnos de tercer grado,Ratio de puntajes en pruebas estandarizadas entre niñas y niños de tercer grado.,Las series pueden presentar saltos por cambios metodológicos en las encuestas (ver documentos metodológicos). Fuente: GenLAC (CEDLAS).
COL2006,"Hogares baja calificación, lectura",COL,(S)ERCE,2006,1.004326939582825,6,6,6,"Calificación, lectura",4,Colombia,Ratio de puntajes en pruebas estandarizadas para alumnos de tercer grado,Ratio de puntajes en pruebas estandarizadas entre niñas y niños de tercer grado.,Las series pueden presentar saltos por cambios metodológicos en las encuestas (ver documentos metodológicos). Fuente: GenLAC (CEDLAS).
COL2006,"Hogares media calificación, lectura",COL,(S)ERCE,2006,1.023934006690979,7,7,7,"Calificación, lectura",4,Colombia,Ratio de puntajes en pruebas estandarizadas para alumnos de tercer grado,Ratio de puntajes en pruebas estandarizadas entre niñas y niños de tercer grado.,Las series pueden presentar saltos por cambios metodológicos en las encuestas (ver documentos metodológicos). Fuente: GenLAC (CEDLAS).
COL2006,"Hogares alta calificación, lectura",COL,(S)ERCE,2006,1.00847601890564,8,8,8,"Calificación, lectura",4,Colombia,Ratio de puntajes en pruebas estandarizadas para alumnos de tercer grado,Ratio de puntajes en pruebas estandarizadas entre niñas y niños de tercer grado.,Las series pueden presentar saltos por cambios metodológicos en las encuestas (ver documentos metodológicos). Fuente: GenLAC (CEDLAS).
COL2013,"Total, matemática",COL,(T)ERCE,2013,1.00372326374054,1,1,1,"Total, matemática",1,Colombia,Ratio de puntajes en pruebas estandarizadas para alumnos de tercer grado,Ratio de puntajes en pruebas estandarizadas entre niñas y niños de tercer grado.,Las series pueden presentar saltos por cambios metodológicos en las encuestas (ver documentos metodológicos). Fuente: GenLAC (CEDLAS).
COL2013,"Hogares baja calificación, matemática",COL,(T)ERCE,2013,1.018051385879517,2,2,2,"Calificación, matemática",2,Colombia,Ratio de puntajes en pruebas estandarizadas para alumnos de tercer grado,Ratio de puntajes en pruebas estandarizadas entre niñas y niños de tercer grado.,Las series pueden presentar saltos por cambios metodológicos en las encuestas (ver documentos metodológicos). Fuente: GenLAC (CEDLAS).
COL2013,"Hogares media calificación, matemática",COL,(T)ERCE,2013,.9903861284255981,3,3,3,"Calificación, matemática",2,Colombia,Ratio de puntajes en pruebas estandarizadas para alumnos de tercer grado,Ratio de puntajes en pruebas estandarizadas entre niñas y niños de tercer grado.,Las series pueden presentar saltos por cambios metodológicos en las encuestas (ver documentos metodológicos). Fuente: GenLAC (CEDLAS).
COL2013,"Hogares alta calificación, matemática",COL,(T)ERCE,2013,.9927951693534851,4,4,4,"Calificación, matemática",2,Colombia,Ratio de puntajes en pruebas estandarizadas para alumnos de tercer grado,Ratio de puntajes en pruebas estandarizadas entre niñas y niños de tercer grado.,Las series pueden presentar saltos por cambios metodológicos en las encuestas (ver documentos metodológicos). Fuente: GenLAC (CEDLAS).
COL2013,"Total, lectura",COL,(T)ERCE,2013,1.026410222053528,5,5,5,"Total, lectura",3,Colombia,Ratio de puntajes en pruebas estandarizadas para alumnos de tercer grado,Ratio de puntajes en pruebas estandarizadas entre niñas y niños de tercer grado.,Las series pueden presentar saltos por cambios metodológicos en las encuestas (ver documentos metodológicos). Fuente: GenLAC (CEDLAS).
COL2013,"Hogares baja calificación, lectura",COL,(T)ERCE,2013,1.02392590045929,6,6,6,"Calificación, lectura",4,Colombia,Ratio de puntajes en pruebas estandarizadas para alumnos de tercer grado,Ratio de puntajes en pruebas estandarizadas entre niñas y niños de tercer grado.,Las series pueden presentar saltos por cambios metodológicos en las encuestas (ver documentos metodológicos). Fuente: GenLAC (CEDLAS).
COL2013,"Hogares media calificación, lectura",COL,(T)ERCE,2013,1.021955132484436,7,7,7,"Calificación, lectura",4,Colombia,Ratio de puntajes en pruebas estandarizadas para alumnos de tercer grado,Ratio de puntajes en pruebas estandarizadas entre niñas y niños de tercer grado.,Las series pueden presentar saltos por cambios metodológicos en las encuestas (ver documentos metodológicos). Fuente: GenLAC (CEDLAS).
COL2013,"Hogares alta calificación, lectura",COL,(T)ERCE,2013,1.00216019153595,8,8,8,"Calificación, lectura",4,Colombia,Ratio de puntajes en pruebas estandarizadas para alumnos de tercer grado,Ratio de puntajes en pruebas estandarizadas entre niñas y niños de tercer grado.,Las series pueden presentar saltos por cambios metodológicos en las encuestas (ver documentos metodológicos). Fuente: GenLAC (CEDLAS).
CRI2006,"Total, matemática",CRI,(S)ERCE,2006,.9801488518714905,1,1,1,"Total, matemática",1,Costa Rica,Ratio de puntajes en pruebas estandarizadas para alumnos de tercer grado,Ratio de puntajes en pruebas estandarizadas entre niñas y niños de tercer grado.,Las series pueden presentar saltos por cambios metodológicos en las encuestas (ver documentos metodológicos). Fuente: GenLAC (CEDLAS).
CRI2006,"Hogares baja calificación, matemática",CRI,(S)ERCE,2006,.9794813990592957,2,2,2,"Calificación, matemática",2,Costa Rica,Ratio de puntajes en pruebas estandarizadas para alumnos de tercer grado,Ratio de puntajes en pruebas estandarizadas entre niñas y niños de tercer grado.,Las series pueden presentar saltos por cambios metodológicos en las encuestas (ver documentos metodológicos). Fuente: GenLAC (CEDLAS).
CRI2006,"Hogares media calificación, matemática",CRI,(S)ERCE,2006,.9813200831413269,3,3,3,"Calificación, matemática",2,Costa Rica,Ratio de puntajes en pruebas estandarizadas para alumnos de tercer grado,Ratio de puntajes en pruebas estandarizadas entre niñas y niños de tercer grado.,Las series pueden presentar saltos por cambios metodológicos en las encuestas (ver documentos metodológicos). Fuente: GenLAC (CEDLAS).
CRI2006,"Hogares alta calificación, matemática",CRI,(S)ERCE,2006,.9798160195350647,4,4,4,"Calificación, matemática",2,Costa Rica,Ratio de puntajes en pruebas estandarizadas para alumnos de tercer grado,Ratio de puntajes en pruebas estandarizadas entre niñas y niños de tercer grado.,Las series pueden presentar saltos por cambios metodológicos en las encuestas (ver documentos metodológicos). Fuente: GenLAC (CEDLAS).
CRI2006,"Total, lectura",CRI,(S)ERCE,2006,1.008365511894226,5,5,5,"Total, lectura",3,Costa Rica,Ratio de puntajes en pruebas estandarizadas para alumnos de tercer grado,Ratio de puntajes en pruebas estandarizadas entre niñas y niños de tercer grado.,Las series pueden presentar saltos por cambios metodológicos en las encuestas (ver documentos metodológicos). Fuente: GenLAC (CEDLAS).
CRI2006,"Hogares baja calificación, lectura",CRI,(S)ERCE,2006,1.001358270645142,6,6,6,"Calificación, lectura",4,Costa Rica,Ratio de puntajes en pruebas estandarizadas para alumnos de tercer grado,Ratio de puntajes en pruebas estandarizadas entre niñas y niños de tercer grado.,Las series pueden presentar saltos por cambios metodológicos en las encuestas (ver documentos metodológicos). Fuente: GenLAC (CEDLAS).
CRI2006,"Hogares media calificación, lectura",CRI,(S)ERCE,2006,.9945914149284363,7,7,7,"Calificación, lectura",4,Costa Rica,Ratio de puntajes en pruebas estandarizadas para alumnos de tercer grado,Ratio de puntajes en pruebas estandarizadas entre niñas y niños de tercer grado.,Las series pueden presentar saltos por cambios metodológicos en las encuestas (ver documentos metodológicos). Fuente: GenLAC (CEDLAS).
CRI2006,"Hogares alta calificación, lectura",CRI,(S)ERCE,2006,1.022581815719605,8,8,8,"Calificación, lectura",4,Costa Rica,Ratio de puntajes en pruebas estandarizadas para alumnos de tercer grado,Ratio de puntajes en pruebas estandarizadas entre niñas y niños de tercer grado.,Las series pueden presentar saltos por cambios metodológicos en las encuestas (ver documentos metodológicos). Fuente: GenLAC (CEDLAS).
CRI2013,"Total, matemática",CRI,(T)ERCE,2013,.9926233887672424,1,1,1,"Total, matemática",1,Costa Rica,Ratio de puntajes en pruebas estandarizadas para alumnos de tercer grado,Ratio de puntajes en pruebas estandarizadas entre niñas y niños de tercer grado.,Las series pueden presentar saltos por cambios metodológicos en las encuestas (ver documentos metodológicos). Fuente: GenLAC (CEDLAS).
CRI2013,"Hogares baja calificación, matemática",CRI,(T)ERCE,2013,.9822531938552856,2,2,2,"Calificación, matemática",2,Costa Rica,Ratio de puntajes en pruebas estandarizadas para alumnos de tercer grado,Ratio de puntajes en pruebas estandarizadas entre niñas y niños de tercer grado.,Las series pueden presentar saltos por cambios metodológicos en las encuestas (ver documentos metodológicos). Fuente: GenLAC (CEDLAS).
CRI2013,"Hogares media calificación, matemática",CRI,(T)ERCE,2013,.9990019798278809,3,3,3,"Calificación, matemática",2,Costa Rica,Ratio de puntajes en pruebas estandarizadas para alumnos de tercer grado,Ratio de puntajes en pruebas estandarizadas entre niñas y niños de tercer grado.,Las series pueden presentar saltos por cambios metodológicos en las encuestas (ver documentos metodológicos). Fuente: GenLAC (CEDLAS).
CRI2013,"Hogares alta calificación, matemática",CRI,(T)ERCE,2013,1.004060387611389,4,4,4,"Calificación, matemática",2,Costa Rica,Ratio de puntajes en pruebas estandarizadas para alumnos de tercer grado,Ratio de puntajes en pruebas estandarizadas entre niñas y niños de tercer grado.,Las series pueden presentar saltos por cambios metodológicos en las encuestas (ver documentos metodológicos). Fuente: GenLAC (CEDLAS).
CRI2013,"Total, lectura",CRI,(T)ERCE,2013,1.01511812210083,5,5,5,"Total, lectura",3,Costa Rica,Ratio de puntajes en pruebas estandarizadas para alumnos de tercer grado,Ratio de puntajes en pruebas estandarizadas entre niñas y niños de tercer grado.,Las series pueden presentar saltos por cambios metodológicos en las encuestas (ver documentos metodológicos). Fuente: GenLAC (CEDLAS).
CRI2013,"Hogares baja calificación, lectura",CRI,(T)ERCE,2013,1.016791820526123,6,6,6,"Calificación, lectura",4,Costa Rica,Ratio de puntajes en pruebas estandarizadas para alumnos de tercer grado,Ratio de puntajes en pruebas estandarizadas entre niñas y niños de tercer grado.,Las series pueden presentar saltos por cambios metodológicos en las encuestas (ver documentos metodológicos). Fuente: GenLAC (CEDLAS).
CRI2013,"Hogares media calificación, lectura",CRI,(T)ERCE,2013,1.012750864028931,7,7,7,"Calificación, lectura",4,Costa Rica,Ratio de puntajes en pruebas estandarizadas para alumnos de tercer grado,Ratio de puntajes en pruebas estandarizadas entre niñas y niños de tercer grado.,Las series pueden presentar saltos por cambios metodológicos en las encuestas (ver documentos metodológicos). Fuente: GenLAC (CEDLAS).
CRI2013,"Hogares alta calificación, lectura",CRI,(T)ERCE,2013,1.017467737197876,8,8,8,"Calificación, lectura",4,Costa Rica,Ratio de puntajes en pruebas estandarizadas para alumnos de tercer grado,Ratio de puntajes en pruebas estandarizadas entre niñas y niños de tercer grado.,Las series pueden presentar saltos por cambios metodológicos en las encuestas (ver documentos metodológicos). Fuente: GenLAC (CEDLAS).
ECU2006,"Total, matemática",ECU,(S)ERCE,2006,1.001173257827759,1,1,1,"Total, matemática",1,Ecuador,Ratio de puntajes en pruebas estandarizadas para alumnos de tercer grado,Ratio de puntajes en pruebas estandarizadas entre niñas y niños de tercer grado.,Las series pueden presentar saltos por cambios metodológicos en las encuestas (ver documentos metodológicos). Fuente: GenLAC (CEDLAS).
ECU2006,"Hogares baja calificación, matemática",ECU,(S)ERCE,2006,.9855366945266724,2,2,2,"Calificación, matemática",2,Ecuador,Ratio de puntajes en pruebas estandarizadas para alumnos de tercer grado,Ratio de puntajes en pruebas estandarizadas entre niñas y niños de tercer grado.,Las series pueden presentar saltos por cambios metodológicos en las encuestas (ver documentos metodológicos). Fuente: GenLAC (CEDLAS).
ECU2006,"Hogares media calificación, matemática",ECU,(S)ERCE,2006,.999116837978363,3,3,3,"Calificación, matemática",2,Ecuador,Ratio de puntajes en pruebas estandarizadas para alumnos de tercer grado,Ratio de puntajes en pruebas estandarizadas entre niñas y niños de tercer grado.,Las series pueden presentar saltos por cambios metodológicos en las encuestas (ver documentos metodológicos). Fuente: GenLAC (CEDLAS).
ECU2006,"Hogares alta calificación, matemática",ECU,(S)ERCE,2006,1.045255899429321,4,4,4,"Calificación, matemática",2,Ecuador,Ratio de puntajes en pruebas estandarizadas para alumnos de tercer grado,Ratio de puntajes en pruebas estandarizadas entre niñas y niños de tercer grado.,Las series pueden presentar saltos por cambios metodológicos en las encuestas (ver documentos metodológicos). Fuente: GenLAC (CEDLAS).
ECU2006,"Total, lectura",ECU,(S)ERCE,2006,1.020120739936829,5,5,5,"Total, lectura",3,Ecuador,Ratio de puntajes en pruebas estandarizadas para alumnos de tercer grado,Ratio de puntajes en pruebas estandarizadas entre niñas y niños de tercer grado.,Las series pueden presentar saltos por cambios metodológicos en las encuestas (ver documentos metodológicos). Fuente: GenLAC (CEDLAS).
ECU2006,"Hogares baja calificación, lectura",ECU,(S)ERCE,2006,1.016386151313782,6,6,6,"Calificación, lectura",4,Ecuador,Ratio de puntajes en pruebas estandarizadas para alumnos de tercer grado,Ratio de puntajes en pruebas estandarizadas entre niñas y niños de tercer grado.,Las series pueden presentar saltos por cambios metodológicos en las encuestas (ver documentos metodológicos). Fuente: GenLAC (CEDLAS).
ECU2006,"Hogares media calificación, lectura",ECU,(S)ERCE,2006,1.022032022476196,7,7,7,"Calificación, lectura",4,Ecuador,Ratio de puntajes en pruebas estandarizadas para alumnos de tercer grado,Ratio de puntajes en pruebas estandarizadas entre niñas y niños de tercer grado.,Las series pueden presentar saltos por cambios metodológicos en las encuestas (ver documentos metodológicos). Fuente: GenLAC (CEDLAS).
ECU2006,"Hogares alta calificación, lectura",ECU,(S)ERCE,2006,1.024568319320679,8,8,8,"Calificación, lectura",4,Ecuador,Ratio de puntajes en pruebas estandarizadas para alumnos de tercer grado,Ratio de puntajes en pruebas estandarizadas entre niñas y niños de tercer grado.,Las series pueden presentar saltos por cambios metodológicos en las encuestas (ver documentos metodológicos). Fuente: GenLAC (CEDLAS).
ECU2013,"Total, matemática",ECU,(T)ERCE,2013,.9939952492713928,1,1,1,"Total, matemática",1,Ecuador,Ratio de puntajes en pruebas estandarizadas para alumnos de tercer grado,Ratio de puntajes en pruebas estandarizadas entre niñas y niños de tercer grado.,Las series pueden presentar saltos por cambios metodológicos en las encuestas (ver documentos metodológicos). Fuente: GenLAC (CEDLAS).
ECU2013,"Hogares baja calificación, matemática",ECU,(T)ERCE,2013,.9949062466621399,2,2,2,"Calificación, matemática",2,Ecuador,Ratio de puntajes en pruebas estandarizadas para alumnos de tercer grado,Ratio de puntajes en pruebas estandarizadas entre niñas y niños de tercer grado.,Las series pueden presentar saltos por cambios metodológicos en las encuestas (ver documentos metodológicos). Fuente: GenLAC (CEDLAS).
ECU2013,"Hogares media calificación, matemática",ECU,(T)ERCE,2013,1.003788709640503,3,3,3,"Calificación, matemática",2,Ecuador,Ratio de puntajes en pruebas estandarizadas para alumnos de tercer grado,Ratio de puntajes en pruebas estandarizadas entre niñas y niños de tercer grado.,Las series pueden presentar saltos por cambios metodológicos en las encuestas (ver documentos metodológicos). Fuente: GenLAC (CEDLAS).
ECU2013,"Hogares alta calificación, matemática",ECU,(T)ERCE,2013,.9779272079467773,4,4,4,"Calificación, matemática",2,Ecuador,Ratio de puntajes en pruebas estandarizadas para alumnos de tercer grado,Ratio de puntajes en pruebas estandarizadas entre niñas y niños de tercer grado.,Las series pueden presentar saltos por cambios metodológicos en las encuestas (ver documentos metodológicos). Fuente: GenLAC (CEDLAS).
ECU2013,"Total, lectura",ECU,(T)ERCE,2013,.998700737953186,5,5,5,"Total, lectura",3,Ecuador,Ratio de puntajes en pruebas estandarizadas para alumnos de tercer grado,Ratio de puntajes en pruebas estandarizadas entre niñas y niños de tercer grado.,Las series pueden presentar saltos por cambios metodológicos en las encuestas (ver documentos metodológicos). Fuente: GenLAC (CEDLAS).
ECU2013,"Hogares baja calificación, lectura",ECU,(T)ERCE,2013,.9936359524726868,6,6,6,"Calificación, lectura",4,Ecuador,Ratio de puntajes en pruebas estandarizadas para alumnos de tercer grado,Ratio de puntajes en pruebas estandarizadas entre niñas y niños de tercer grado.,Las series pueden presentar saltos por cambios metodológicos en las encuestas (ver documentos metodológicos). Fuente: GenLAC (CEDLAS).
ECU2013,"Hogares media calificación, lectura",ECU,(T)ERCE,2013,1.008176922798157,7,7,7,"Calificación, lectura",4,Ecuador,Ratio de puntajes en pruebas estandarizadas para alumnos de tercer grado,Ratio de puntajes en pruebas estandarizadas entre niñas y niños de tercer grado.,Las series pueden presentar saltos por cambios metodológicos en las encuestas (ver documentos metodológicos). Fuente: GenLAC (CEDLAS).
ECU2013,"Hogares alta calificación, lectura",ECU,(T)ERCE,2013,1.00994610786438,8,8,8,"Calificación, lectura",4,Ecuador,Ratio de puntajes en pruebas estandarizadas para alumnos de tercer grado,Ratio de puntajes en pruebas estandarizadas entre niñas y niños de tercer grado.,Las series pueden presentar saltos por cambios metodológicos en las encuestas (ver documentos metodológicos). Fuente: GenLAC (CEDLAS).
SLV2006,"Total, matemática",SLV,(S)ERCE,2006,.9776684045791626,1,1,1,"Total, matemática",1,El Salvador,Ratio de puntajes en pruebas estandarizadas para alumnos de tercer grado,Ratio de puntajes en pruebas estandarizadas entre niñas y niños de tercer grado.,Las series pueden presentar saltos por cambios metodológicos en las encuestas (ver documentos metodológicos). Fuente: GenLAC (CEDLAS).
SLV2006,"Hogares baja calificación, matemática",SLV,(S)ERCE,2006,.9802626967430115,2,2,2,"Calificación, matemática",2,El Salvador,Ratio de puntajes en pruebas estandarizadas para alumnos de tercer grado,Ratio de puntajes en pruebas estandarizadas entre niñas y niños de tercer grado.,Las series pueden presentar saltos por cambios metodológicos en las encuestas (ver documentos metodológicos). Fuente: GenLAC (CEDLAS).
SLV2006,"Hogares media calificación, matemática",SLV,(S)ERCE,2006,.9934780597686768,3,3,3,"Calificación, matemática",2,El Salvador,Ratio de puntajes en pruebas estandarizadas para alumnos de tercer grado,Ratio de puntajes en pruebas estandarizadas entre niñas y niños de tercer grado.,Las series pueden presentar saltos por cambios metodológicos en las encuestas (ver documentos metodológicos). Fuente: GenLAC (CEDLAS).
SLV2006,"Hogares alta calificación, matemática",SLV,(S)ERCE,2006,.9954802393913269,4,4,4,"Calificación, matemática",2,El Salvador,Ratio de puntajes en pruebas estandarizadas para alumnos de tercer grado,Ratio de puntajes en pruebas estandarizadas entre niñas y niños de tercer grado.,Las series pueden presentar saltos por cambios metodológicos en las encuestas (ver documentos metodológicos). Fuente: GenLAC (CEDLAS).
SLV2006,"Total, lectura",SLV,(S)ERCE,2006,1.002804160118103,5,5,5,"Total, lectura",3,El Salvador,Ratio de puntajes en pruebas estandarizadas para alumnos de tercer grado,Ratio de puntajes en pruebas estandarizadas entre niñas y niños de tercer grado.,Las series pueden presentar saltos por cambios metodológicos en las encuestas (ver documentos metodológicos). Fuente: GenLAC (CEDLAS).
SLV2006,"Hogares baja calificación, lectura",SLV,(S)ERCE,2006,1.001418590545654,6,6,6,"Calificación, lectura",4,El Salvador,Ratio de puntajes en pruebas estandarizadas para alumnos de tercer grado,Ratio de puntajes en pruebas estandarizadas entre niñas y niños de tercer grado.,Las series pueden presentar saltos por cambios metodológicos en las encuestas (ver documentos metodológicos). Fuente: GenLAC (CEDLAS).
SLV2006,"Hogares media calificación, lectura",SLV,(S)ERCE,2006,1.053220987319946,7,7,7,"Calificación, lectura",4,El Salvador,Ratio de puntajes en pruebas estandarizadas para alumnos de tercer grado,Ratio de puntajes en pruebas estandarizadas entre niñas y niños de tercer grado.,Las series pueden presentar saltos por cambios metodológicos en las encuestas (ver documentos metodológicos). Fuente: GenLAC (CEDLAS).
SLV2006,"Hogares alta calificación, lectura",SLV,(S)ERCE,2006,1.029255509376526,8,8,8,"Calificación, lectura",4,El Salvador,Ratio de puntajes en pruebas estandarizadas para alumnos de tercer grado,Ratio de puntajes en pruebas estandarizadas entre niñas y niños de tercer grado.,Las series pueden presentar saltos por cambios metodológicos en las encuestas (ver documentos metodológicos). Fuente: GenLAC (CEDLAS).
GTM2006,"Total, matemática",GTM,(S)ERCE,2006,.9848927855491638,1,1,1,"Total, matemática",1,Guatemala,Ratio de puntajes en pruebas estandarizadas para alumnos de tercer grado,Ratio de puntajes en pruebas estandarizadas entre niñas y niños de tercer grado.,Las series pueden presentar saltos por cambios metodológicos en las encuestas (ver documentos metodológicos). Fuente: GenLAC (CEDLAS).
GTM2006,"Hogares baja calificación, matemática",GTM,(S)ERCE,2006,.9878225326538086,2,2,2,"Calificación, matemática",2,Guatemala,Ratio de puntajes en pruebas estandarizadas para alumnos de tercer grado,Ratio de puntajes en pruebas estandarizadas entre niñas y niños de tercer grado.,Las series pueden presentar saltos por cambios metodológicos en las encuestas (ver documentos metodológicos). Fuente: GenLAC (CEDLAS).
GTM2006,"Hogares media calificación, matemática",GTM,(S)ERCE,2006,.9767134785652161,3,3,3,"Calificación, matemática",2,Guatemala,Ratio de puntajes en pruebas estandarizadas para alumnos de tercer grado,Ratio de puntajes en pruebas estandarizadas entre niñas y niños de tercer grado.,Las series pueden presentar saltos por cambios metodológicos en las encuestas (ver documentos metodológicos). Fuente: GenLAC (CEDLAS).
GTM2006,"Hogares alta calificación, matemática",GTM,(S)ERCE,2006,.9715121984481812,4,4,4,"Calificación, matemática",2,Guatemala,Ratio de puntajes en pruebas estandarizadas para alumnos de tercer grado,Ratio de puntajes en pruebas estandarizadas entre niñas y niños de tercer grado.,Las series pueden presentar saltos por cambios metodológicos en las encuestas (ver documentos metodológicos). Fuente: GenLAC (CEDLAS).
GTM2006,"Total, lectura",GTM,(S)ERCE,2006,1.003730535507202,5,5,5,"Total, lectura",3,Guatemala,Ratio de puntajes en pruebas estandarizadas para alumnos de tercer grado,Ratio de puntajes en pruebas estandarizadas entre niñas y niños de tercer grado.,Las series pueden presentar saltos por cambios metodológicos en las encuestas (ver documentos metodológicos). Fuente: GenLAC (CEDLAS).
GTM2006,"Hogares baja calificación, lectura",GTM,(S)ERCE,2006,1.006268501281738,6,6,6,"Calificación, lectura",4,Guatemala,Ratio de puntajes en pruebas estandarizadas para alumnos de tercer grado,Ratio de puntajes en pruebas estandarizadas entre niñas y niños de tercer grado.,Las series pueden presentar saltos por cambios metodológicos en las encuestas (ver documentos metodológicos). Fuente: GenLAC (CEDLAS).
GTM2006,"Hogares media calificación, lectura",GTM,(S)ERCE,2006,.9885103106498718,7,7,7,"Calificación, lectura",4,Guatemala,Ratio de puntajes en pruebas estandarizadas para alumnos de tercer grado,Ratio de puntajes en pruebas estandarizadas entre niñas y niños de tercer grado.,Las series pueden presentar saltos por cambios metodológicos en las encuestas (ver documentos metodológicos). Fuente: GenLAC (CEDLAS).
GTM2006,"Hogares alta calificación, lectura",GTM,(S)ERCE,2006,.996441125869751,8,8,8,"Calificación, lectura",4,Guatemala,Ratio de puntajes en pruebas estandarizadas para alumnos de tercer grado,Ratio de puntajes en pruebas estandarizadas entre niñas y niños de tercer grado.,Las series pueden presentar saltos por cambios metodológicos en las encuestas (ver documentos metodológicos). Fuente: GenLAC (CEDLAS).
GTM2013,"Total, matemática",GTM,(T)ERCE,2013,.9890362620353699,1,1,1,"Total, matemática",1,Guatemala,Ratio de puntajes en pruebas estandarizadas para alumnos de tercer grado,Ratio de puntajes en pruebas estandarizadas entre niñas y niños de tercer grado.,Las series pueden presentar saltos por cambios metodológicos en las encuestas (ver documentos metodológicos). Fuente: GenLAC (CEDLAS).
GTM2013,"Hogares baja calificación, matemática",GTM,(T)ERCE,2013,.9847310781478882,2,2,2,"Calificación, matemática",2,Guatemala,Ratio de puntajes en pruebas estandarizadas para alumnos de tercer grado,Ratio de puntajes en pruebas estandarizadas entre niñas y niños de tercer grado.,Las series pueden presentar saltos por cambios metodológicos en las encuestas (ver documentos metodológicos). Fuente: GenLAC (CEDLAS).
GTM2013,"Hogares media calificación, matemática",GTM,(T)ERCE,2013,1.003845453262329,3,3,3,"Calificación, matemática",2,Guatemala,Ratio de puntajes en pruebas estandarizadas para alumnos de tercer grado,Ratio de puntajes en pruebas estandarizadas entre niñas y niños de tercer grado.,Las series pueden presentar saltos por cambios metodológicos en las encuestas (ver documentos metodológicos). Fuente: GenLAC (CEDLAS).
GTM2013,"Hogares alta calificación, matemática",GTM,(T)ERCE,2013,1.014963030815125,4,4,4,"Calificación, matemática",2,Guatemala,Ratio de puntajes en pruebas estandarizadas para alumnos de tercer grado,Ratio de puntajes en pruebas estandarizadas entre niñas y niños de tercer grado.,Las series pueden presentar saltos por cambios metodológicos en las encuestas (ver documentos metodológicos). Fuente: GenLAC (CEDLAS).
GTM2013,"Total, lectura",GTM,(T)ERCE,2013,.9968929886817932,5,5,5,"Total, lectura",3,Guatemala,Ratio de puntajes en pruebas estandarizadas para alumnos de tercer grado,Ratio de puntajes en pruebas estandarizadas entre niñas y niños de tercer grado.,Las series pueden presentar saltos por cambios metodológicos en las encuestas (ver documentos metodológicos). Fuente: GenLAC (CEDLAS).
GTM2013,"Hogares baja calificación, lectura",GTM,(T)ERCE,2013,.9953359365463257,6,6,6,"Calificación, lectura",4,Guatemala,Ratio de puntajes en pruebas estandarizadas para alumnos de tercer grado,Ratio de puntajes en pruebas estandarizadas entre niñas y niños de tercer grado.,Las series pueden presentar saltos por cambios metodológicos en las encuestas (ver documentos metodológicos). Fuente: GenLAC (CEDLAS).
GTM2013,"Hogares media calificación, lectura",GTM,(T)ERCE,2013,1.000539541244507,7,7,7,"Calificación, lectura",4,Guatemala,Ratio de puntajes en pruebas estandarizadas para alumnos de tercer grado,Ratio de puntajes en pruebas estandarizadas entre niñas y niños de tercer grado.,Las series pueden presentar saltos por cambios metodológicos en las encuestas (ver documentos metodológicos). Fuente: GenLAC (CEDLAS).
GTM2013,"Hogares alta calificación, lectura",GTM,(T)ERCE,2013,1.033789873123169,8,8,8,"Calificación, lectura",4,Guatemala,Ratio de puntajes en pruebas estandarizadas para alumnos de tercer grado,Ratio de puntajes en pruebas estandarizadas entre niñas y niños de tercer grado.,Las series pueden presentar saltos por cambios metodológicos en las encuestas (ver documentos metodológicos). Fuente: GenLAC (CEDLAS).
HND2013,"Total, matemática",HND,(T)ERCE,2013,1.003367900848389,1,1,1,"Total, matemática",1,Honduras,Ratio de puntajes en pruebas estandarizadas para alumnos de tercer grado,Ratio de puntajes en pruebas estandarizadas entre niñas y niños de tercer grado.,Las series pueden presentar saltos por cambios metodológicos en las encuestas (ver documentos metodológicos). Fuente: GenLAC (CEDLAS).
HND2013,"Hogares baja calificación, matemática",HND,(T)ERCE,2013,1.005205273628235,2,2,2,"Calificación, matemática",2,Honduras,Ratio de puntajes en pruebas estandarizadas para alumnos de tercer grado,Ratio de puntajes en pruebas estandarizadas entre niñas y niños de tercer grado.,Las series pueden presentar saltos por cambios metodológicos en las encuestas (ver documentos metodológicos). Fuente: GenLAC (CEDLAS).
HND2013,"Hogares media calificación, matemática",HND,(T)ERCE,2013,.9942491054534912,3,3,3,"Calificación, matemática",2,Honduras,Ratio de puntajes en pruebas estandarizadas para alumnos de tercer grado,Ratio de puntajes en pruebas estandarizadas entre niñas y niños de tercer grado.,Las series pueden presentar saltos por cambios metodológicos en las encuestas (ver documentos metodológicos). Fuente: GenLAC (CEDLAS).
HND2013,"Hogares alta calificación, matemática",HND,(T)ERCE,2013,1.034468412399292,4,4,4,"Calificación, matemática",2,Honduras,Ratio de puntajes en pruebas estandarizadas para alumnos de tercer grado,Ratio de puntajes en pruebas estandarizadas entre niñas y niños de tercer grado.,Las series pueden presentar saltos por cambios metodológicos en las encuestas (ver documentos metodológicos). Fuente: GenLAC (CEDLAS).
HND2013,"Total, lectura",HND,(T)ERCE,2013,1.006390690803528,5,5,5,"Total, lectura",3,Honduras,Ratio de puntajes en pruebas estandarizadas para alumnos de tercer grado,Ratio de puntajes en pruebas estandarizadas entre niñas y niños de tercer grado.,Las series pueden presentar saltos por cambios metodológicos en las encuestas (ver documentos metodológicos). Fuente: GenLAC (CEDLAS).
HND2013,"Hogares baja calificación, lectura",HND,(T)ERCE,2013,1.013233661651611,6,6,6,"Calificación, lectura",4,Honduras,Ratio de puntajes en pruebas estandarizadas para alumnos de tercer grado,Ratio de puntajes en pruebas estandarizadas entre niñas y niños de tercer grado.,Las series pueden presentar saltos por cambios metodológicos en las encuestas (ver documentos metodológicos). Fuente: GenLAC (CEDLAS).
HND2013,"Hogares media calificación, lectura",HND,(T)ERCE,2013,.9961904883384705,7,7,7,"Calificación, lectura",4,Honduras,Ratio de puntajes en pruebas estandarizadas para alumnos de tercer grado,Ratio de puntajes en pruebas estandarizadas entre niñas y niños de tercer grado.,Las series pueden presentar saltos por cambios metodológicos en las encuestas (ver documentos metodológicos). Fuente: GenLAC (CEDLAS).
HND2013,"Hogares alta calificación, lectura",HND,(T)ERCE,2013,1.005766034126282,8,8,8,"Calificación, lectura",4,Honduras,Ratio de puntajes en pruebas estandarizadas para alumnos de tercer grado,Ratio de puntajes en pruebas estandarizadas entre niñas y niños de tercer grado.,Las series pueden presentar saltos por cambios metodológicos en las encuestas (ver documentos metodológicos). Fuente: GenLAC (CEDLAS).
MEX2006,"Total, matemática",MEX,(S)ERCE,2006,1.000162839889526,1,1,1,"Total, matemática",1,México,Ratio de puntajes en pruebas estandarizadas para alumnos de tercer grado,Ratio de puntajes en pruebas estandarizadas entre niñas y niños de tercer grado.,Las series pueden presentar saltos por cambios metodológicos en las encuestas (ver documentos metodológicos). Fuente: GenLAC (CEDLAS).
MEX2006,"Total, lectura",MEX,(S)ERCE,2006,1.02508544921875,5,5,5,"Total, lectura",3,México,Ratio de puntajes en pruebas estandarizadas para alumnos de tercer grado,Ratio de puntajes en pruebas estandarizadas entre niñas y niños de tercer grado.,Las series pueden presentar saltos por cambios metodológicos en las encuestas (ver documentos metodológicos). Fuente: GenLAC (CEDLAS).
MEX2013,"Total, matemática",MEX,(T)ERCE,2013,1.005115032196045,1,1,1,"Total, matemática",1,México,Ratio de puntajes en pruebas estandarizadas para alumnos de tercer grado,Ratio de puntajes en pruebas estandarizadas entre niñas y niños de tercer grado.,Las series pueden presentar saltos por cambios metodológicos en las encuestas (ver documentos metodológicos). Fuente: GenLAC (CEDLAS).
MEX2013,"Hogares baja calificación, matemática",MEX,(T)ERCE,2013,1.003224015235901,2,2,2,"Calificación, matemática",2,México,Ratio de puntajes en pruebas estandarizadas para alumnos de tercer grado,Ratio de puntajes en pruebas estandarizadas entre niñas y niños de tercer grado.,Las series pueden presentar saltos por cambios metodológicos en las encuestas (ver documentos metodológicos). Fuente: GenLAC (CEDLAS).
MEX2013,"Hogares media calificación, matemática",MEX,(T)ERCE,2013,1.005940914154053,3,3,3,"Calificación, matemática",2,México,Ratio de puntajes en pruebas estandarizadas para alumnos de tercer grado,Ratio de puntajes en pruebas estandarizadas entre niñas y niños de tercer grado.,Las series pueden presentar saltos por cambios metodológicos en las encuestas (ver documentos metodológicos). Fuente: GenLAC (CEDLAS).
MEX2013,"Hogares alta calificación, matemática",MEX,(T)ERCE,2013,1.010958909988403,4,4,4,"Calificación, matemática",2,México,Ratio de puntajes en pruebas estandarizadas para alumnos de tercer grado,Ratio de puntajes en pruebas estandarizadas entre niñas y niños de tercer grado.,Las series pueden presentar saltos por cambios metodológicos en las encuestas (ver documentos metodológicos). Fuente: GenLAC (CEDLAS).
MEX2013,"Total, lectura",MEX,(T)ERCE,2013,1.02148699760437,5,5,5,"Total, lectura",3,México,Ratio de puntajes en pruebas estandarizadas para alumnos de tercer grado,Ratio de puntajes en pruebas estandarizadas entre niñas y niños de tercer grado.,Las series pueden presentar saltos por cambios metodológicos en las encuestas (ver documentos metodológicos). Fuente: GenLAC (CEDLAS).
MEX2013,"Hogares baja calificación, lectura",MEX,(T)ERCE,2013,1.017330646514893,6,6,6,"Calificación, lectura",4,México,Ratio de puntajes en pruebas estandarizadas para alumnos de tercer grado,Ratio de puntajes en pruebas estandarizadas entre niñas y niños de tercer grado.,Las series pueden presentar saltos por cambios metodológicos en las encuestas (ver documentos metodológicos). Fuente: GenLAC (CEDLAS).
MEX2013,"Hogares media calificación, lectura",MEX,(T)ERCE,2013,1.024394035339356,7,7,7,"Calificación, lectura",4,México,Ratio de puntajes en pruebas estandarizadas para alumnos de tercer grado,Ratio de puntajes en pruebas estandarizadas entre niñas y niños de tercer grado.,Las series pueden presentar saltos por cambios metodológicos en las encuestas (ver documentos metodológicos). Fuente: GenLAC (CEDLAS).
MEX2013,"Hogares alta calificación, lectura",MEX,(T)ERCE,2013,1.014952540397644,8,8,8,"Calificación, lectura",4,México,Ratio de puntajes en pruebas estandarizadas para alumnos de tercer grado,Ratio de puntajes en pruebas estandarizadas entre niñas y niños de tercer grado.,Las series pueden presentar saltos por cambios metodológicos en las encuestas (ver documentos metodológicos). Fuente: GenLAC (CEDLAS).
NIC2006,"Total, matemática",NIC,(S)ERCE,2006,.9735504388809204,1,1,1,"Total, matemática",1,Nicaragua,Ratio de puntajes en pruebas estandarizadas para alumnos de tercer grado,Ratio de puntajes en pruebas estandarizadas entre niñas y niños de tercer grado.,Las series pueden presentar saltos por cambios metodológicos en las encuestas (ver documentos metodológicos). Fuente: GenLAC (CEDLAS).
NIC2006,"Hogares baja calificación, matemática",NIC,(S)ERCE,2006,.973518431186676,2,2,2,"Calificación, matemática",2,Nicaragua,Ratio de puntajes en pruebas estandarizadas para alumnos de tercer grado,Ratio de puntajes en pruebas estandarizadas entre niñas y niños de tercer grado.,Las series pueden presentar saltos por cambios metodológicos en las encuestas (ver documentos metodológicos). Fuente: GenLAC (CEDLAS).
NIC2006,"Hogares media calificación, matemática",NIC,(S)ERCE,2006,.974532425403595,3,3,3,"Calificación, matemática",2,Nicaragua,Ratio de puntajes en pruebas estandarizadas para alumnos de tercer grado,Ratio de puntajes en pruebas estandarizadas entre niñas y niños de tercer grado.,Las series pueden presentar saltos por cambios metodológicos en las encuestas (ver documentos metodológicos). Fuente: GenLAC (CEDLAS).
NIC2006,"Hogares alta calificación, matemática",NIC,(S)ERCE,2006,.9777339696884155,4,4,4,"Calificación, matemática",2,Nicaragua,Ratio de puntajes en pruebas estandarizadas para alumnos de tercer grado,Ratio de puntajes en pruebas estandarizadas entre niñas y niños de tercer grado.,Las series pueden presentar saltos por cambios metodológicos en las encuestas (ver documentos metodológicos). Fuente: GenLAC (CEDLAS).
NIC2006,"Total, lectura",NIC,(S)ERCE,2006,1.00375771522522,5,5,5,"Total, lectura",3,Nicaragua,Ratio de puntajes en pruebas estandarizadas para alumnos de tercer grado,Ratio de puntajes en pruebas estandarizadas entre niñas y niños de tercer grado.,Las series pueden presentar saltos por cambios metodológicos en las encuestas (ver documentos metodológicos). Fuente: GenLAC (CEDLAS).
NIC2006,"Hogares baja calificación, lectura",NIC,(S)ERCE,2006,.9982285499572754,6,6,6,"Calificación, lectura",4,Nicaragua,Ratio de puntajes en pruebas estandarizadas para alumnos de tercer grado,Ratio de puntajes en pruebas estandarizadas entre niñas y niños de tercer grado.,Las series pueden presentar saltos por cambios metodológicos en las encuestas (ver documentos metodológicos). Fuente: GenLAC (CEDLAS).
NIC2006,"Hogares media calificación, lectura",NIC,(S)ERCE,2006,.9942423105239868,7,7,7,"Calificación, lectura",4,Nicaragua,Ratio de puntajes en pruebas estandarizadas para alumnos de tercer grado,Ratio de puntajes en pruebas estandarizadas entre niñas y niños de tercer grado.,Las series pueden presentar saltos por cambios metodológicos en las encuestas (ver documentos metodológicos). Fuente: GenLAC (CEDLAS).
NIC2006,"Hogares alta calificación, lectura",NIC,(S)ERCE,2006,1.02443253993988,8,8,8,"Calificación, lectura",4,Nicaragua,Ratio de puntajes en pruebas estandarizadas para alumnos de tercer grado,Ratio de puntajes en pruebas estandarizadas entre niñas y niños de tercer grado.,Las series pueden presentar saltos por cambios metodológicos en las encuestas (ver documentos metodológicos). Fuente: GenLAC (CEDLAS).
NIC2013,"Total, matemática",NIC,(T)ERCE,2013,.9838716983795166,1,1,1,"Total, matemática",1,Nicaragua,Ratio de puntajes en pruebas estandarizadas para alumnos de tercer grado,Ratio de puntajes en pruebas estandarizadas entre niñas y niños de tercer grado.,Las series pueden presentar saltos por cambios metodológicos en las encuestas (ver documentos metodológicos). Fuente: GenLAC (CEDLAS).
NIC2013,"Hogares baja calificación, matemática",NIC,(T)ERCE,2013,.986886739730835,2,2,2,"Calificación, matemática",2,Nicaragua,Ratio de puntajes en pruebas estandarizadas para alumnos de tercer grado,Ratio de puntajes en pruebas estandarizadas entre niñas y niños de tercer grado.,Las series pueden presentar saltos por cambios metodológicos en las encuestas (ver documentos metodológicos). Fuente: GenLAC (CEDLAS).
NIC2013,"Hogares media calificación, matemática",NIC,(T)ERCE,2013,1.001562595367432,3,3,3,"Calificación, matemática",2,Nicaragua,Ratio de puntajes en pruebas estandarizadas para alumnos de tercer grado,Ratio de puntajes en pruebas estandarizadas entre niñas y niños de tercer grado.,Las series pueden presentar saltos por cambios metodológicos en las encuestas (ver documentos metodológicos). Fuente: GenLAC (CEDLAS).
NIC2013,"Hogares alta calificación, matemática",NIC,(T)ERCE,2013,.965427577495575,4,4,4,"Calificación, matemática",2,Nicaragua,Ratio de puntajes en pruebas estandarizadas para alumnos de tercer grado,Ratio de puntajes en pruebas estandarizadas entre niñas y niños de tercer grado.,Las series pueden presentar saltos por cambios metodológicos en las encuestas (ver documentos metodológicos). Fuente: GenLAC (CEDLAS).
NIC2013,"Total, lectura",NIC,(T)ERCE,2013,1.001848697662354,5,5,5,"Total, lectura",3,Nicaragua,Ratio de puntajes en pruebas estandarizadas para alumnos de tercer grado,Ratio de puntajes en pruebas estandarizadas entre niñas y niños de tercer grado.,Las series pueden presentar saltos por cambios metodológicos en las encuestas (ver documentos metodológicos). Fuente: GenLAC (CEDLAS).
NIC2013,"Hogares baja calificación, lectura",NIC,(T)ERCE,2013,.9992093443870544,6,6,6,"Calificación, lectura",4,Nicaragua,Ratio de puntajes en pruebas estandarizadas para alumnos de tercer grado,Ratio de puntajes en pruebas estandarizadas entre niñas y niños de tercer grado.,Las series pueden presentar saltos por cambios metodológicos en las encuestas (ver documentos metodológicos). Fuente: GenLAC (CEDLAS).
NIC2013,"Hogares media calificación, lectura",NIC,(T)ERCE,2013,1.017941832542419,7,7,7,"Calificación, lectura",4,Nicaragua,Ratio de puntajes en pruebas estandarizadas para alumnos de tercer grado,Ratio de puntajes en pruebas estandarizadas entre niñas y niños de tercer grado.,Las series pueden presentar saltos por cambios metodológicos en las encuestas (ver documentos metodológicos). Fuente: GenLAC (CEDLAS).
NIC2013,"Hogares alta calificación, lectura",NIC,(T)ERCE,2013,1.011642098426819,8,8,8,"Calificación, lectura",4,Nicaragua,Ratio de puntajes en pruebas estandarizadas para alumnos de tercer grado,Ratio de puntajes en pruebas estandarizadas entre niñas y niños de tercer grado.,Las series pueden presentar saltos por cambios metodológicos en las encuestas (ver documentos metodológicos). Fuente: GenLAC (CEDLAS).
PAN2006,"Total, matemática",PAN,(S)ERCE,2006,1.011990904808044,1,1,1,"Total, matemática",1,Panamá,Ratio de puntajes en pruebas estandarizadas para alumnos de tercer grado,Ratio de puntajes en pruebas estandarizadas entre niñas y niños de tercer grado.,Las series pueden presentar saltos por cambios metodológicos en las encuestas (ver documentos metodológicos). Fuente: GenLAC (CEDLAS).
PAN2006,"Hogares baja calificación, matemática",PAN,(S)ERCE,2006,1.004480004310608,2,2,2,"Calificación, matemática",2,Panamá,Ratio de puntajes en pruebas estandarizadas para alumnos de tercer grado,Ratio de puntajes en pruebas estandarizadas entre niñas y niños de tercer grado.,Las series pueden presentar saltos por cambios metodológicos en las encuestas (ver documentos metodológicos). Fuente: GenLAC (CEDLAS).
PAN2006,"Hogares media calificación, matemática",PAN,(S)ERCE,2006,1.010700464248657,3,3,3,"Calificación, matemática",2,Panamá,Ratio de puntajes en pruebas estandarizadas para alumnos de tercer grado,Ratio de puntajes en pruebas estandarizadas entre niñas y niños de tercer grado.,Las series pueden presentar saltos por cambios metodológicos en las encuestas (ver documentos metodológicos). Fuente: GenLAC (CEDLAS).
PAN2006,"Hogares alta calificación, matemática",PAN,(S)ERCE,2006,1.02273964881897,4,4,4,"Calificación, matemática",2,Panamá,Ratio de puntajes en pruebas estandarizadas para alumnos de tercer grado,Ratio de puntajes en pruebas estandarizadas entre niñas y niños de tercer grado.,Las series pueden presentar saltos por cambios metodológicos en las encuestas (ver documentos metodológicos). Fuente: GenLAC (CEDLAS).
PAN2006,"Total, lectura",PAN,(S)ERCE,2006,1.032436966896057,5,5,5,"Total, lectura",3,Panamá,Ratio de puntajes en pruebas estandarizadas para alumnos de tercer grado,Ratio de puntajes en pruebas estandarizadas entre niñas y niños de tercer grado.,Las series pueden presentar saltos por cambios metodológicos en las encuestas (ver documentos metodológicos). Fuente: GenLAC (CEDLAS).
PAN2006,"Hogares baja calificación, lectura",PAN,(S)ERCE,2006,1.011921167373657,6,6,6,"Calificación, lectura",4,Panamá,Ratio de puntajes en pruebas estandarizadas para alumnos de tercer grado,Ratio de puntajes en pruebas estandarizadas entre niñas y niños de tercer grado.,Las series pueden presentar saltos por cambios metodológicos en las encuestas (ver documentos metodológicos). Fuente: GenLAC (CEDLAS).
PAN2006,"Hogares media calificación, lectura",PAN,(S)ERCE,2006,1.048555016517639,7,7,7,"Calificación, lectura",4,Panamá,Ratio de puntajes en pruebas estandarizadas para alumnos de tercer grado,Ratio de puntajes en pruebas estandarizadas entre niñas y niños de tercer grado.,Las series pueden presentar saltos por cambios metodológicos en las encuestas (ver documentos metodológicos). Fuente: GenLAC (CEDLAS).
PAN2006,"Hogares alta calificación, lectura",PAN,(S)ERCE,2006,1.056660890579224,8,8,8,"Calificación, lectura",4,Panamá,Ratio de puntajes en pruebas estandarizadas para alumnos de tercer grado,Ratio de puntajes en pruebas estandarizadas entre niñas y niños de tercer grado.,Las series pueden presentar saltos por cambios metodológicos en las encuestas (ver documentos metodológicos). Fuente: GenLAC (CEDLAS).
PAN2013,"Total, matemática",PAN,(T)ERCE,2013,1.013971209526062,1,1,1,"Total, matemática",1,Panamá,Ratio de puntajes en pruebas estandarizadas para alumnos de tercer grado,Ratio de puntajes en pruebas estandarizadas entre niñas y niños de tercer grado.,Las series pueden presentar saltos por cambios metodológicos en las encuestas (ver documentos metodológicos). Fuente: GenLAC (CEDLAS).
PAN2013,"Hogares baja calificación, matemática",PAN,(T)ERCE,2013,.9999034404754639,2,2,2,"Calificación, matemática",2,Panamá,Ratio de puntajes en pruebas estandarizadas para alumnos de tercer grado,Ratio de puntajes en pruebas estandarizadas entre niñas y niños de tercer grado.,Las series pueden presentar saltos por cambios metodológicos en las encuestas (ver documentos metodológicos). Fuente: GenLAC (CEDLAS).
PAN2013,"Hogares media calificación, matemática",PAN,(T)ERCE,2013,1.027020692825317,3,3,3,"Calificación, matemática",2,Panamá,Ratio de puntajes en pruebas estandarizadas para alumnos de tercer grado,Ratio de puntajes en pruebas estandarizadas entre niñas y niños de tercer grado.,Las series pueden presentar saltos por cambios metodológicos en las encuestas (ver documentos metodológicos). Fuente: GenLAC (CEDLAS).
PAN2013,"Hogares alta calificación, matemática",PAN,(T)ERCE,2013,1.000668168067932,4,4,4,"Calificación, matemática",2,Panamá,Ratio de puntajes en pruebas estandarizadas para alumnos de tercer grado,Ratio de puntajes en pruebas estandarizadas entre niñas y niños de tercer grado.,Las series pueden presentar saltos por cambios metodológicos en las encuestas (ver documentos metodológicos). Fuente: GenLAC (CEDLAS).
PAN2013,"Total, lectura",PAN,(T)ERCE,2013,1.016756057739258,5,5,5,"Total, lectura",3,Panamá,Ratio de puntajes en pruebas estandarizadas para alumnos de tercer grado,Ratio de puntajes en pruebas estandarizadas entre niñas y niños de tercer grado.,Las series pueden presentar saltos por cambios metodológicos en las encuestas (ver documentos metodológicos). Fuente: GenLAC (CEDLAS).
PAN2013,"Hogares baja calificación, lectura",PAN,(T)ERCE,2013,1.022313356399536,6,6,6,"Calificación, lectura",4,Panamá,Ratio de puntajes en pruebas estandarizadas para alumnos de tercer grado,Ratio de puntajes en pruebas estandarizadas entre niñas y niños de tercer grado.,Las series pueden presentar saltos por cambios metodológicos en las encuestas (ver documentos metodológicos). Fuente: GenLAC (CEDLAS).
PAN2013,"Hogares media calificación, lectura",PAN,(T)ERCE,2013,1.013908982276917,7,7,7,"Calificación, lectura",4,Panamá,Ratio de puntajes en pruebas estandarizadas para alumnos de tercer grado,Ratio de puntajes en pruebas estandarizadas entre niñas y niños de tercer grado.,Las series pueden presentar saltos por cambios metodológicos en las encuestas (ver documentos metodológicos). Fuente: GenLAC (CEDLAS).
PAN2013,"Hogares alta calificación, lectura",PAN,(T)ERCE,2013,1.0271155834198,8,8,8,"Calificación, lectura",4,Panamá,Ratio de puntajes en pruebas estandarizadas para alumnos de tercer grado,Ratio de puntajes en pruebas estandarizadas entre niñas y niños de tercer grado.,Las series pueden presentar saltos por cambios metodológicos en las encuestas (ver documentos metodológicos). Fuente: GenLAC (CEDLAS).
PRY2006,"Total, matemática",PRY,(S)ERCE,2006,1.004761099815369,1,1,1,"Total, matemática",1,Paraguay,Ratio de puntajes en pruebas estandarizadas para alumnos de tercer grado,Ratio de puntajes en pruebas estandarizadas entre niñas y niños de tercer grado.,Las series pueden presentar saltos por cambios metodológicos en las encuestas (ver documentos metodológicos). Fuente: GenLAC (CEDLAS).
PRY2006,"Hogares baja calificación, matemática",PRY,(S)ERCE,2006,.9907269477844238,2,2,2,"Calificación, matemática",2,Paraguay,Ratio de puntajes en pruebas estandarizadas para alumnos de tercer grado,Ratio de puntajes en pruebas estandarizadas entre niñas y niños de tercer grado.,Las series pueden presentar saltos por cambios metodológicos en las encuestas (ver documentos metodológicos). Fuente: GenLAC (CEDLAS).
PRY2006,"Hogares media calificación, matemática",PRY,(S)ERCE,2006,1.007613658905029,3,3,3,"Calificación, matemática",2,Paraguay,Ratio de puntajes en pruebas estandarizadas para alumnos de tercer grado,Ratio de puntajes en pruebas estandarizadas entre niñas y niños de tercer grado.,Las series pueden presentar saltos por cambios metodológicos en las encuestas (ver documentos metodológicos). Fuente: GenLAC (CEDLAS).
PRY2006,"Hogares alta calificación, matemática",PRY,(S)ERCE,2006,1.021462917327881,4,4,4,"Calificación, matemática",2,Paraguay,Ratio de puntajes en pruebas estandarizadas para alumnos de tercer grado,Ratio de puntajes en pruebas estandarizadas entre niñas y niños de tercer grado.,Las series pueden presentar saltos por cambios metodológicos en las encuestas (ver documentos metodológicos). Fuente: GenLAC (CEDLAS).
PRY2006,"Total, lectura",PRY,(S)ERCE,2006,1.033869862556458,5,5,5,"Total, lectura",3,Paraguay,Ratio de puntajes en pruebas estandarizadas para alumnos de tercer grado,Ratio de puntajes en pruebas estandarizadas entre niñas y niños de tercer grado.,Las series pueden presentar saltos por cambios metodológicos en las encuestas (ver documentos metodológicos). Fuente: GenLAC (CEDLAS).
PRY2006,"Hogares baja calificación, lectura",PRY,(S)ERCE,2006,1.02549135684967,6,6,6,"Calificación, lectura",4,Paraguay,Ratio de puntajes en pruebas estandarizadas para alumnos de tercer grado,Ratio de puntajes en pruebas estandarizadas entre niñas y niños de tercer grado.,Las series pueden presentar saltos por cambios metodológicos en las encuestas (ver documentos metodológicos). Fuente: GenLAC (CEDLAS).
PRY2006,"Hogares media calificación, lectura",PRY,(S)ERCE,2006,1.04393994808197,7,7,7,"Calificación, lectura",4,Paraguay,Ratio de puntajes en pruebas estandarizadas para alumnos de tercer grado,Ratio de puntajes en pruebas estandarizadas entre niñas y niños de tercer grado.,Las series pueden presentar saltos por cambios metodológicos en las encuestas (ver documentos metodológicos). Fuente: GenLAC (CEDLAS).
PRY2006,"Hogares alta calificación, lectura",PRY,(S)ERCE,2006,1.048170685768127,8,8,8,"Calificación, lectura",4,Paraguay,Ratio de puntajes en pruebas estandarizadas para alumnos de tercer grado,Ratio de puntajes en pruebas estandarizadas entre niñas y niños de tercer grado.,Las series pueden presentar saltos por cambios metodológicos en las encuestas (ver documentos metodológicos). Fuente: GenLAC (CEDLAS).
PRY2013,"Total, matemática",PRY,(T)ERCE,2013,.9917645454406738,1,1,1,"Total, matemática",1,Paraguay,Ratio de puntajes en pruebas estandarizadas para alumnos de tercer grado,Ratio de puntajes en pruebas estandarizadas entre niñas y niños de tercer grado.,Las series pueden presentar saltos por cambios metodológicos en las encuestas (ver documentos metodológicos). Fuente: GenLAC (CEDLAS).
PRY2013,"Hogares baja calificación, matemática",PRY,(T)ERCE,2013,.9767615795135498,2,2,2,"Calificación, matemática",2,Paraguay,Ratio de puntajes en pruebas estandarizadas para alumnos de tercer grado,Ratio de puntajes en pruebas estandarizadas entre niñas y niños de tercer grado.,Las series pueden presentar saltos por cambios metodológicos en las encuestas (ver documentos metodológicos). Fuente: GenLAC (CEDLAS).
PRY2013,"Hogares media calificación, matemática",PRY,(T)ERCE,2013,.9905126690864563,3,3,3,"Calificación, matemática",2,Paraguay,Ratio de puntajes en pruebas estandarizadas para alumnos de tercer grado,Ratio de puntajes en pruebas estandarizadas entre niñas y niños de tercer grado.,Las series pueden presentar saltos por cambios metodológicos en las encuestas (ver documentos metodológicos). Fuente: GenLAC (CEDLAS).
PRY2013,"Hogares alta calificación, matemática",PRY,(T)ERCE,2013,1.005198121070862,4,4,4,"Calificación, matemática",2,Paraguay,Ratio de puntajes en pruebas estandarizadas para alumnos de tercer grado,Ratio de puntajes en pruebas estandarizadas entre niñas y niños de tercer grado.,Las series pueden presentar saltos por cambios metodológicos en las encuestas (ver documentos metodológicos). Fuente: GenLAC (CEDLAS).
PRY2013,"Total, lectura",PRY,(T)ERCE,2013,1.023654818534851,5,5,5,"Total, lectura",3,Paraguay,Ratio de puntajes en pruebas estandarizadas para alumnos de tercer grado,Ratio de puntajes en pruebas estandarizadas entre niñas y niños de tercer grado.,Las series pueden presentar saltos por cambios metodológicos en las encuestas (ver documentos metodológicos). Fuente: GenLAC (CEDLAS).
PRY2013,"Hogares baja calificación, lectura",PRY,(T)ERCE,2013,1.027477979660034,6,6,6,"Calificación, lectura",4,Paraguay,Ratio de puntajes en pruebas estandarizadas para alumnos de tercer grado,Ratio de puntajes en pruebas estandarizadas entre niñas y niños de tercer grado.,Las series pueden presentar saltos por cambios metodológicos en las encuestas (ver documentos metodológicos). Fuente: GenLAC (CEDLAS).
PRY2013,"Hogares media calificación, lectura",PRY,(T)ERCE,2013,1.018101334571838,7,7,7,"Calificación, lectura",4,Paraguay,Ratio de puntajes en pruebas estandarizadas para alumnos de tercer grado,Ratio de puntajes en pruebas estandarizadas entre niñas y niños de tercer grado.,Las series pueden presentar saltos por cambios metodológicos en las encuestas (ver documentos metodológicos). Fuente: GenLAC (CEDLAS).
PRY2013,"Hogares alta calificación, lectura",PRY,(T)ERCE,2013,1.026650786399841,8,8,8,"Calificación, lectura",4,Paraguay,Ratio de puntajes en pruebas estandarizadas para alumnos de tercer grado,Ratio de puntajes en pruebas estandarizadas entre niñas y niños de tercer grado.,Las series pueden presentar saltos por cambios metodológicos en las encuestas (ver documentos metodológicos). Fuente: GenLAC (CEDLAS).
PER2006,"Total, matemática",PER,(S)ERCE,2006,.9808085560798645,1,1,1,"Total, matemática",1,Perú,Ratio de puntajes en pruebas estandarizadas para alumnos de tercer grado,Ratio de puntajes en pruebas estandarizadas entre niñas y niños de tercer grado.,Las series pueden presentar saltos por cambios metodológicos en las encuestas (ver documentos metodológicos). Fuente: GenLAC (CEDLAS).
PER2006,"Hogares baja calificación, matemática",PER,(S)ERCE,2006,.9911072254180908,2,2,2,"Calificación, matemática",2,Perú,Ratio de puntajes en pruebas estandarizadas para alumnos de tercer grado,Ratio de puntajes en pruebas estandarizadas entre niñas y niños de tercer grado.,Las series pueden presentar saltos por cambios metodológicos en las encuestas (ver documentos metodológicos). Fuente: GenLAC (CEDLAS).
PER2006,"Hogares media calificación, matemática",PER,(S)ERCE,2006,.9683592915534973,3,3,3,"Calificación, matemática",2,Perú,Ratio de puntajes en pruebas estandarizadas para alumnos de tercer grado,Ratio de puntajes en pruebas estandarizadas entre niñas y niños de tercer grado.,Las series pueden presentar saltos por cambios metodológicos en las encuestas (ver documentos metodológicos). Fuente: GenLAC (CEDLAS).
PER2006,"Hogares alta calificación, matemática",PER,(S)ERCE,2006,.9724646210670471,4,4,4,"Calificación, matemática",2,Perú,Ratio de puntajes en pruebas estandarizadas para alumnos de tercer grado,Ratio de puntajes en pruebas estandarizadas entre niñas y niños de tercer grado.,Las series pueden presentar saltos por cambios metodológicos en las encuestas (ver documentos metodológicos). Fuente: GenLAC (CEDLAS).
PER2006,"Total, lectura",PER,(S)ERCE,2006,1.001611709594727,5,5,5,"Total, lectura",3,Perú,Ratio de puntajes en pruebas estandarizadas para alumnos de tercer grado,Ratio de puntajes en pruebas estandarizadas entre niñas y niños de tercer grado.,Las series pueden presentar saltos por cambios metodológicos en las encuestas (ver documentos metodológicos). Fuente: GenLAC (CEDLAS).
PER2006,"Hogares baja calificación, lectura",PER,(S)ERCE,2006,1.002049684524536,6,6,6,"Calificación, lectura",4,Perú,Ratio de puntajes en pruebas estandarizadas para alumnos de tercer grado,Ratio de puntajes en pruebas estandarizadas entre niñas y niños de tercer grado.,Las series pueden presentar saltos por cambios metodológicos en las encuestas (ver documentos metodológicos). Fuente: GenLAC (CEDLAS).
PER2006,"Hogares media calificación, lectura",PER,(S)ERCE,2006,1.00643002986908,7,7,7,"Calificación, lectura",4,Perú,Ratio de puntajes en pruebas estandarizadas para alumnos de tercer grado,Ratio de puntajes en pruebas estandarizadas entre niñas y niños de tercer grado.,Las series pueden presentar saltos por cambios metodológicos en las encuestas (ver documentos metodológicos). Fuente: GenLAC (CEDLAS).
PER2006,"Hogares alta calificación, lectura",PER,(S)ERCE,2006,.9839189648628235,8,8,8,"Calificación, lectura",4,Perú,Ratio de puntajes en pruebas estandarizadas para alumnos de tercer grado,Ratio de puntajes en pruebas estandarizadas entre niñas y niños de tercer grado.,Las series pueden presentar saltos por cambios metodológicos en las encuestas (ver documentos metodológicos). Fuente: GenLAC (CEDLAS).
PER2013,"Total, matemática",PER,(T)ERCE,2013,.9848372340202332,1,1,1,"Total, matemática",1,Perú,Ratio de puntajes en pruebas estandarizadas para alumnos de tercer grado,Ratio de puntajes en pruebas estandarizadas entre niñas y niños de tercer grado.,Las series pueden presentar saltos por cambios metodológicos en las encuestas (ver documentos metodológicos). Fuente: GenLAC (CEDLAS).
PER2013,"Hogares baja calificación, matemática",PER,(T)ERCE,2013,.9872663617134094,2,2,2,"Calificación, matemática",2,Perú,Ratio de puntajes en pruebas estandarizadas para alumnos de tercer grado,Ratio de puntajes en pruebas estandarizadas entre niñas y niños de tercer grado.,Las series pueden presentar saltos por cambios metodológicos en las encuestas (ver documentos metodológicos). Fuente: GenLAC (CEDLAS).
PER2013,"Hogares media calificación, matemática",PER,(T)ERCE,2013,.9777350425720215,3,3,3,"Calificación, matemática",2,Perú,Ratio de puntajes en pruebas estandarizadas para alumnos de tercer grado,Ratio de puntajes en pruebas estandarizadas entre niñas y niños de tercer grado.,Las series pueden presentar saltos por cambios metodológicos en las encuestas (ver documentos metodológicos). Fuente: GenLAC (CEDLAS).
PER2013,"Hogares alta calificación, matemática",PER,(T)ERCE,2013,.9936285614967346,4,4,4,"Calificación, matemática",2,Perú,Ratio de puntajes en pruebas estandarizadas para alumnos de tercer grado,Ratio de puntajes en pruebas estandarizadas entre niñas y niños de tercer grado.,Las series pueden presentar saltos por cambios metodológicos en las encuestas (ver documentos metodológicos). Fuente: GenLAC (CEDLAS).
PER2013,"Total, lectura",PER,(T)ERCE,2013,1.000942587852478,5,5,5,"Total, lectura",3,Perú,Ratio de puntajes en pruebas estandarizadas para alumnos de tercer grado,Ratio de puntajes en pruebas estandarizadas entre niñas y niños de tercer grado.,Las series pueden presentar saltos por cambios metodológicos en las encuestas (ver documentos metodológicos). Fuente: GenLAC (CEDLAS).
PER2013,"Hogares baja calificación, lectura",PER,(T)ERCE,2013,.9916574954986572,6,6,6,"Calificación, lectura",4,Perú,Ratio de puntajes en pruebas estandarizadas para alumnos de tercer grado,Ratio de puntajes en pruebas estandarizadas entre niñas y niños de tercer grado.,Las series pueden presentar saltos por cambios metodológicos en las encuestas (ver documentos metodológicos). Fuente: GenLAC (CEDLAS).
PER2013,"Hogares media calificación, lectura",PER,(T)ERCE,2013,.9982798099517822,7,7,7,"Calificación, lectura",4,Perú,Ratio de puntajes en pruebas estandarizadas para alumnos de tercer grado,Ratio de puntajes en pruebas estandarizadas entre niñas y niños de tercer grado.,Las series pueden presentar saltos por cambios metodológicos en las encuestas (ver documentos metodológicos). Fuente: GenLAC (CEDLAS).
PER2013,"Hogares alta calificación, lectura",PER,(T)ERCE,2013,1.007143974304199,8,8,8,"Calificación, lectura",4,Perú,Ratio de puntajes en pruebas estandarizadas para alumnos de tercer grado,Ratio de puntajes en pruebas estandarizadas entre niñas y niños de tercer grado.,Las series pueden presentar saltos por cambios metodológicos en las encuestas (ver documentos metodológicos). Fuente: GenLAC (CEDLAS).
DOM2006,"Total, matemática",DOM,(S)ERCE,2006,1.031901478767395,1,1,1,"Total, matemática",1,República Dominicana,Ratio de puntajes en pruebas estandarizadas para alumnos de tercer grado,Ratio de puntajes en pruebas estandarizadas entre niñas y niños de tercer grado.,Las series pueden presentar saltos por cambios metodológicos en las encuestas (ver documentos metodológicos). Fuente: GenLAC (CEDLAS).
DOM2006,"Hogares baja calificación, matemática",DOM,(S)ERCE,2006,1.028445482254028,2,2,2,"Calificación, matemática",2,República Dominicana,Ratio de puntajes en pruebas estandarizadas para alumnos de tercer grado,Ratio de puntajes en pruebas estandarizadas entre niñas y niños de tercer grado.,Las series pueden presentar saltos por cambios metodológicos en las encuestas (ver documentos metodológicos). Fuente: GenLAC (CEDLAS).
DOM2006,"Hogares media calificación, matemática",DOM,(S)ERCE,2006,1.029387712478638,3,3,3,"Calificación, matemática",2,República Dominicana,Ratio de puntajes en pruebas estandarizadas para alumnos de tercer grado,Ratio de puntajes en pruebas estandarizadas entre niñas y niños de tercer grado.,Las series pueden presentar saltos por cambios metodológicos en las encuestas (ver documentos metodológicos). Fuente: GenLAC (CEDLAS).
DOM2006,"Hogares alta calificación, matemática",DOM,(S)ERCE,2006,1.028927803039551,4,4,4,"Calificación, matemática",2,República Dominicana,Ratio de puntajes en pruebas estandarizadas para alumnos de tercer grado,Ratio de puntajes en pruebas estandarizadas entre niñas y niños de tercer grado.,Las series pueden presentar saltos por cambios metodológicos en las encuestas (ver documentos metodológicos). Fuente: GenLAC (CEDLAS).
DOM2006,"Total, lectura",DOM,(S)ERCE,2006,1.03308367729187,5,5,5,"Total, lectura",3,República Dominicana,Ratio de puntajes en pruebas estandarizadas para alumnos de tercer grado,Ratio de puntajes en pruebas estandarizadas entre niñas y niños de tercer grado.,Las series pueden presentar saltos por cambios metodológicos en las encuestas (ver documentos metodológicos). Fuente: GenLAC (CEDLAS).
DOM2006,"Hogares baja calificación, lectura",DOM,(S)ERCE,2006,1.026412606239319,6,6,6,"Calificación, lectura",4,República Dominicana,Ratio de puntajes en pruebas estandarizadas para alumnos de tercer grado,Ratio de puntajes en pruebas estandarizadas entre niñas y niños de tercer grado.,Las series pueden presentar saltos por cambios metodológicos en las encuestas (ver documentos metodológicos). Fuente: GenLAC (CEDLAS).
DOM2006,"Hogares media calificación, lectura",DOM,(S)ERCE,2006,1.047510027885437,7,7,7,"Calificación, lectura",4,República Dominicana,Ratio de puntajes en pruebas estandarizadas para alumnos de tercer grado,Ratio de puntajes en pruebas estandarizadas entre niñas y niños de tercer grado.,Las series pueden presentar saltos por cambios metodológicos en las encuestas (ver documentos metodológicos). Fuente: GenLAC (CEDLAS).
DOM2006,"Hogares alta calificación, lectura",DOM,(S)ERCE,2006,1.033955097198486,8,8,8,"Calificación, lectura",4,República Dominicana,Ratio de puntajes en pruebas estandarizadas para alumnos de tercer grado,Ratio de puntajes en pruebas estandarizadas entre niñas y niños de tercer grado.,Las series pueden presentar saltos por cambios metodológicos en las encuestas (ver documentos metodológicos). Fuente: GenLAC (CEDLAS).
DOM2013,"Total, matemática",DOM,(T)ERCE,2013,1.009211301803589,1,1,1,"Total, matemática",1,República Dominicana,Ratio de puntajes en pruebas estandarizadas para alumnos de tercer grado,Ratio de puntajes en pruebas estandarizadas entre niñas y niños de tercer grado.,Las series pueden presentar saltos por cambios metodológicos en las encuestas (ver documentos metodológicos). Fuente: GenLAC (CEDLAS).
DOM2013,"Hogares baja calificación, matemática",DOM,(T)ERCE,2013,1.009749889373779,2,2,2,"Calificación, matemática",2,República Dominicana,Ratio de puntajes en pruebas estandarizadas para alumnos de tercer grado,Ratio de puntajes en pruebas estandarizadas entre niñas y niños de tercer grado.,Las series pueden presentar saltos por cambios metodológicos en las encuestas (ver documentos metodológicos). Fuente: GenLAC (CEDLAS).
DOM2013,"Hogares media calificación, matemática",DOM,(T)ERCE,2013,1.014682173728943,3,3,3,"Calificación, matemática",2,República Dominicana,Ratio de puntajes en pruebas estandarizadas para alumnos de tercer grado,Ratio de puntajes en pruebas estandarizadas entre niñas y niños de tercer grado.,Las series pueden presentar saltos por cambios metodológicos en las encuestas (ver documentos metodológicos). Fuente: GenLAC (CEDLAS).
DOM2013,"Hogares alta calificación, matemática",DOM,(T)ERCE,2013,1.0283043384552,4,4,4,"Calificación, matemática",2,República Dominicana,Ratio de puntajes en pruebas estandarizadas para alumnos de tercer grado,Ratio de puntajes en pruebas estandarizadas entre niñas y niños de tercer grado.,Las series pueden presentar saltos por cambios metodológicos en las encuestas (ver documentos metodológicos). Fuente: GenLAC (CEDLAS).
DOM2013,"Total, lectura",DOM,(T)ERCE,2013,1.037540674209595,5,5,5,"Total, lectura",3,República Dominicana,Ratio de puntajes en pruebas estandarizadas para alumnos de tercer grado,Ratio de puntajes en pruebas estandarizadas entre niñas y niños de tercer grado.,Las series pueden presentar saltos por cambios metodológicos en las encuestas (ver documentos metodológicos). Fuente: GenLAC (CEDLAS).
DOM2013,"Hogares baja calificación, lectura",DOM,(T)ERCE,2013,1.038275003433228,6,6,6,"Calificación, lectura",4,República Dominicana,Ratio de puntajes en pruebas estandarizadas para alumnos de tercer grado,Ratio de puntajes en pruebas estandarizadas entre niñas y niños de tercer grado.,Las series pueden presentar saltos por cambios metodológicos en las encuestas (ver documentos metodológicos). Fuente: GenLAC (CEDLAS).
DOM2013,"Hogares media calificación, lectura",DOM,(T)ERCE,2013,1.03174889087677,7,7,7,"Calificación, lectura",4,República Dominicana,Ratio de puntajes en pruebas estandarizadas para alumnos de tercer grado,Ratio de puntajes en pruebas estandarizadas entre niñas y niños de tercer grado.,Las series pueden presentar saltos por cambios metodológicos en las encuestas (ver documentos metodológicos). Fuente: GenLAC (CEDLAS).
DOM2013,"Hogares alta calificación, lectura",DOM,(T)ERCE,2013,1.041060447692871,8,8,8,"Calificación, lectura",4,República Dominicana,Ratio de puntajes en pruebas estandarizadas para alumnos de tercer grado,Ratio de puntajes en pruebas estandarizadas entre niñas y niños de tercer grado.,Las series pueden presentar saltos por cambios metodológicos en las encuestas (ver documentos metodológicos). Fuente: GenLAC (CEDLAS).
URY2006,"Total, matemática",URY,(S)ERCE,2006,1.000512719154358,1,1,1,"Total, matemática",1,Uruguay,Ratio de puntajes en pruebas estandarizadas para alumnos de tercer grado,Ratio de puntajes en pruebas estandarizadas entre niñas y niños de tercer grado.,Las series pueden presentar saltos por cambios metodológicos en las encuestas (ver documentos metodológicos). Fuente: GenLAC (CEDLAS).
URY2006,"Hogares baja calificación, matemática",URY,(S)ERCE,2006,1.003255844116211,2,2,2,"Calificación, matemática",2,Uruguay,Ratio de puntajes en pruebas estandarizadas para alumnos de tercer grado,Ratio de puntajes en pruebas estandarizadas entre niñas y niños de tercer grado.,Las series pueden presentar saltos por cambios metodológicos en las encuestas (ver documentos metodológicos). Fuente: GenLAC (CEDLAS).
URY2006,"Hogares media calificación, matemática",URY,(S)ERCE,2006,.9914852380752564,3,3,3,"Calificación, matemática",2,Uruguay,Ratio de puntajes en pruebas estandarizadas para alumnos de tercer grado,Ratio de puntajes en pruebas estandarizadas entre niñas y niños de tercer grado.,Las series pueden presentar saltos por cambios metodológicos en las encuestas (ver documentos metodológicos). Fuente: GenLAC (CEDLAS).
URY2006,"Hogares alta calificación, matemática",URY,(S)ERCE,2006,.9910253286361694,4,4,4,"Calificación, matemática",2,Uruguay,Ratio de puntajes en pruebas estandarizadas para alumnos de tercer grado,Ratio de puntajes en pruebas estandarizadas entre niñas y niños de tercer grado.,Las series pueden presentar saltos por cambios metodológicos en las encuestas (ver documentos metodológicos). Fuente: GenLAC (CEDLAS).
URY2006,"Total, lectura",URY,(S)ERCE,2006,1.024520516395569,5,5,5,"Total, lectura",3,Uruguay,Ratio de puntajes en pruebas estandarizadas para alumnos de tercer grado,Ratio de puntajes en pruebas estandarizadas entre niñas y niños de tercer grado.,Las series pueden presentar saltos por cambios metodológicos en las encuestas (ver documentos metodológicos). Fuente: GenLAC (CEDLAS).
URY2006,"Hogares baja calificación, lectura",URY,(S)ERCE,2006,1.032926082611084,6,6,6,"Calificación, lectura",4,Uruguay,Ratio de puntajes en pruebas estandarizadas para alumnos de tercer grado,Ratio de puntajes en pruebas estandarizadas entre niñas y niños de tercer grado.,Las series pueden presentar saltos por cambios metodológicos en las encuestas (ver documentos metodológicos). Fuente: GenLAC (CEDLAS).
URY2006,"Hogares media calificación, lectura",URY,(S)ERCE,2006,1.021016716957092,7,7,7,"Calificación, lectura",4,Uruguay,Ratio de puntajes en pruebas estandarizadas para alumnos de tercer grado,Ratio de puntajes en pruebas estandarizadas entre niñas y niños de tercer grado.,Las series pueden presentar saltos por cambios metodológicos en las encuestas (ver documentos metodológicos). Fuente: GenLAC (CEDLAS).
URY2006,"Hogares alta calificación, lectura",URY,(S)ERCE,2006,.999076247215271,8,8,8,"Calificación, lectura",4,Uruguay,Ratio de puntajes en pruebas estandarizadas para alumnos de tercer grado,Ratio de puntajes en pruebas estandarizadas entre niñas y niños de tercer grado.,Las series pueden presentar saltos por cambios metodológicos en las encuestas (ver documentos metodológicos). Fuente: GenLAC (CEDLAS).
URY2013,"Total, matemática",URY,(T)ERCE,2013,1.022878050804138,1,1,1,"Total, matemática",1,Uruguay,Ratio de puntajes en pruebas estandarizadas para alumnos de tercer grado,Ratio de puntajes en pruebas estandarizadas entre niñas y niños de tercer grado.,Las series pueden presentar saltos por cambios metodológicos en las encuestas (ver documentos metodológicos). Fuente: GenLAC (CEDLAS).
URY2013,"Hogares baja calificación, matemática",URY,(T)ERCE,2013,1.016310214996338,2,2,2,"Calificación, matemática",2,Uruguay,Ratio de puntajes en pruebas estandarizadas para alumnos de tercer grado,Ratio de puntajes en pruebas estandarizadas entre niñas y niños de tercer grado.,Las series pueden presentar saltos por cambios metodológicos en las encuestas (ver documentos metodológicos). Fuente: GenLAC (CEDLAS).
URY2013,"Hogares media calificación, matemática",URY,(T)ERCE,2013,1.030795693397522,3,3,3,"Calificación, matemática",2,Uruguay,Ratio de puntajes en pruebas estandarizadas para alumnos de tercer grado,Ratio de puntajes en pruebas estandarizadas entre niñas y niños de tercer grado.,Las series pueden presentar saltos por cambios metodológicos en las encuestas (ver documentos metodológicos). Fuente: GenLAC (CEDLAS).
URY2013,"Hogares alta calificación, matemática",URY,(T)ERCE,2013,1.014689087867737,4,4,4,"Calificación, matemática",2,Uruguay,Ratio de puntajes en pruebas estandarizadas para alumnos de tercer grado,Ratio de puntajes en pruebas estandarizadas entre niñas y niños de tercer grado.,Las series pueden presentar saltos por cambios metodológicos en las encuestas (ver documentos metodológicos). Fuente: GenLAC (CEDLAS).
URY2013,"Total, lectura",URY,(T)ERCE,2013,1.027435541152954,5,5,5,"Total, lectura",3,Uruguay,Ratio de puntajes en pruebas estandarizadas para alumnos de tercer grado,Ratio de puntajes en pruebas estandarizadas entre niñas y niños de tercer grado.,Las series pueden presentar saltos por cambios metodológicos en las encuestas (ver documentos metodológicos). Fuente: GenLAC (CEDLAS).
URY2013,"Hogares baja calificación, lectura",URY,(T)ERCE,2013,1.039915800094605,6,6,6,"Calificación, lectura",4,Uruguay,Ratio de puntajes en pruebas estandarizadas para alumnos de tercer grado,Ratio de puntajes en pruebas estandarizadas entre niñas y niños de tercer grado.,Las series pueden presentar saltos por cambios metodológicos en las encuestas (ver documentos metodológicos). Fuente: GenLAC (CEDLAS).
URY2013,"Hogares media calificación, lectura",URY,(T)ERCE,2013,1.02335524559021,7,7,7,"Calificación, lectura",4,Uruguay,Ratio de puntajes en pruebas estandarizadas para alumnos de tercer grado,Ratio de puntajes en pruebas estandarizadas entre niñas y niños de tercer grado.,Las series pueden presentar saltos por cambios metodológicos en las encuestas (ver documentos metodológicos). Fuente: GenLAC (CEDLAS).
URY2013,"Hogares alta calificación, lectura",URY,(T)ERCE,2013,1.049284934997559,8,8,8,"Calificación, lectura",4,Uruguay,Ratio de puntajes en pruebas estandarizadas para alumnos de tercer grado,Ratio de puntajes en pruebas estandarizadas entre niñas y niños de tercer grado.,Las series pueden presentar saltos por cambios metodológicos en las encuestas (ver documentos metodológicos). Fuente: GenLAC (CEDLAS).
