id_paisano,desagregacion,pais_cod,encuesta,ano,valor,desagregacion_por_orden,variable_orden,valor_errorestandar,comparacion_por,comparacion_por_orden,pais,detalle_indicador,indicador,disclaimer
ARG2013,Ratio mujeres/hombres,ARG,MUT - EAHU 2013,2013,,26,26,,Ratio mujeres/hombres,6,Argentina,Porcentaje de la población de 25 a 54 años que realiza actividades de ocio.,Participación en actividades de ocio,Las series pueden presentar saltos por cambios metodológicos en las encuestas (ver documentos metodológicos). Fuente: GenLAC (CEDLAS).
ARG2013,Ratio mujeres/hombres (baja calificación),ARG,MUT - EAHU 2013,2013,,27,27,,Ratio calificación,15,Argentina,Porcentaje de la población de 25 a 54 años que realiza actividades de ocio.,Participación en actividades de ocio,Las series pueden presentar saltos por cambios metodológicos en las encuestas (ver documentos metodológicos). Fuente: GenLAC (CEDLAS).
ARG2013,Ratio mujeres/hombres (media calificación),ARG,MUT - EAHU 2013,2013,,28,28,,Ratio calificación,15,Argentina,Porcentaje de la población de 25 a 54 años que realiza actividades de ocio.,Participación en actividades de ocio,Las series pueden presentar saltos por cambios metodológicos en las encuestas (ver documentos metodológicos). Fuente: GenLAC (CEDLAS).
ARG2013,Ratio mujeres/hombres (alta calificación),ARG,MUT - EAHU 2013,2013,,29,29,,Ratio calificación,15,Argentina,Porcentaje de la población de 25 a 54 años que realiza actividades de ocio.,Participación en actividades de ocio,Las series pueden presentar saltos por cambios metodológicos en las encuestas (ver documentos metodológicos). Fuente: GenLAC (CEDLAS).
ARG2013,Ratio mujeres/hombres (solteros),ARG,MUT - EAHU 2013,2013,,30,30,,Ratio situación conyugal,14,Argentina,Porcentaje de la población de 25 a 54 años que realiza actividades de ocio.,Participación en actividades de ocio,Las series pueden presentar saltos por cambios metodológicos en las encuestas (ver documentos metodológicos). Fuente: GenLAC (CEDLAS).
ARG2013,Ratio mujeres/hombres (en pareja),ARG,MUT - EAHU 2013,2013,,31,31,,Ratio situación conyugal,14,Argentina,Porcentaje de la población de 25 a 54 años que realiza actividades de ocio.,Participación en actividades de ocio,Las series pueden presentar saltos por cambios metodológicos en las encuestas (ver documentos metodológicos). Fuente: GenLAC (CEDLAS).
ARG2013,Ratio mujeres/hombres (sin hijos),ARG,MUT - EAHU 2013,2013,,32,32,,Ratio hijos,13,Argentina,Porcentaje de la población de 25 a 54 años que realiza actividades de ocio.,Participación en actividades de ocio,Las series pueden presentar saltos por cambios metodológicos en las encuestas (ver documentos metodológicos). Fuente: GenLAC (CEDLAS).
ARG2013,Ratio mujeres/hombres (con hijos de 0 a 5 años),ARG,MUT - EAHU 2013,2013,,33,33,,Ratio hijos,13,Argentina,Porcentaje de la población de 25 a 54 años que realiza actividades de ocio.,Participación en actividades de ocio,Las series pueden presentar saltos por cambios metodológicos en las encuestas (ver documentos metodológicos). Fuente: GenLAC (CEDLAS).
ARG2013,Ratio mujeres/hombres (con hijos de 6 años o más),ARG,MUT - EAHU 2013,2013,,34,34,,Ratio hijos,13,Argentina,Porcentaje de la población de 25 a 54 años que realiza actividades de ocio.,Participación en actividades de ocio,Las series pueden presentar saltos por cambios metodológicos en las encuestas (ver documentos metodológicos). Fuente: GenLAC (CEDLAS).
CHL2015,Ratio mujeres/hombres,CHL,ENUT 2015,2015,.9968401789665222,26,26,,Ratio mujeres/hombres,6,Chile,Porcentaje de la población de 25 a 54 años que realiza actividades de ocio.,Participación en actividades de ocio,Las series pueden presentar saltos por cambios metodológicos en las encuestas (ver documentos metodológicos). Fuente: GenLAC (CEDLAS).
CHL2015,Ratio mujeres/hombres (baja calificación),CHL,ENUT 2015,2015,1.002180814743042,27,27,,Ratio calificación,15,Chile,Porcentaje de la población de 25 a 54 años que realiza actividades de ocio.,Participación en actividades de ocio,Las series pueden presentar saltos por cambios metodológicos en las encuestas (ver documentos metodológicos). Fuente: GenLAC (CEDLAS).
CHL2015,Ratio mujeres/hombres (media calificación),CHL,ENUT 2015,2015,.9921498894691467,28,28,,Ratio calificación,15,Chile,Porcentaje de la población de 25 a 54 años que realiza actividades de ocio.,Participación en actividades de ocio,Las series pueden presentar saltos por cambios metodológicos en las encuestas (ver documentos metodológicos). Fuente: GenLAC (CEDLAS).
CHL2015,Ratio mujeres/hombres (alta calificación),CHL,ENUT 2015,2015,1.000166416168213,29,29,,Ratio calificación,15,Chile,Porcentaje de la población de 25 a 54 años que realiza actividades de ocio.,Participación en actividades de ocio,Las series pueden presentar saltos por cambios metodológicos en las encuestas (ver documentos metodológicos). Fuente: GenLAC (CEDLAS).
CHL2015,Ratio mujeres/hombres (solteros),CHL,ENUT 2015,2015,.9994112849235535,30,30,,Ratio situación conyugal,14,Chile,Porcentaje de la población de 25 a 54 años que realiza actividades de ocio.,Participación en actividades de ocio,Las series pueden presentar saltos por cambios metodológicos en las encuestas (ver documentos metodológicos). Fuente: GenLAC (CEDLAS).
CHL2015,Ratio mujeres/hombres (en pareja),CHL,ENUT 2015,2015,.9953736662864685,31,31,,Ratio situación conyugal,14,Chile,Porcentaje de la población de 25 a 54 años que realiza actividades de ocio.,Participación en actividades de ocio,Las series pueden presentar saltos por cambios metodológicos en las encuestas (ver documentos metodológicos). Fuente: GenLAC (CEDLAS).
CHL2015,Ratio mujeres/hombres (sin hijos),CHL,ENUT 2015,2015,.9938168525695801,32,32,,Ratio hijos,13,Chile,Porcentaje de la población de 25 a 54 años que realiza actividades de ocio.,Participación en actividades de ocio,Las series pueden presentar saltos por cambios metodológicos en las encuestas (ver documentos metodológicos). Fuente: GenLAC (CEDLAS).
CHL2015,Ratio mujeres/hombres (con hijos de 0 a 5 años),CHL,ENUT 2015,2015,.9986486434936523,33,33,,Ratio hijos,13,Chile,Porcentaje de la población de 25 a 54 años que realiza actividades de ocio.,Participación en actividades de ocio,Las series pueden presentar saltos por cambios metodológicos en las encuestas (ver documentos metodológicos). Fuente: GenLAC (CEDLAS).
CHL2015,Ratio mujeres/hombres (con hijos de 6 años o más),CHL,ENUT 2015,2015,.9956622719764709,34,34,,Ratio hijos,13,Chile,Porcentaje de la población de 25 a 54 años que realiza actividades de ocio.,Participación en actividades de ocio,Las series pueden presentar saltos por cambios metodológicos en las encuestas (ver documentos metodológicos). Fuente: GenLAC (CEDLAS).
COL2012,Ratio mujeres/hombres,COL,ENUT 2012-13,2012,.9934121966362,26,26,,Ratio mujeres/hombres,6,Colombia,Porcentaje de la población de 25 a 54 años que realiza actividades de ocio.,Participación en actividades de ocio,Las series pueden presentar saltos por cambios metodológicos en las encuestas (ver documentos metodológicos). Fuente: GenLAC (CEDLAS).
COL2012,Ratio mujeres/hombres (baja calificación),COL,ENUT 2012-13,2012,.9914756417274475,27,27,,Ratio calificación,15,Colombia,Porcentaje de la población de 25 a 54 años que realiza actividades de ocio.,Participación en actividades de ocio,Las series pueden presentar saltos por cambios metodológicos en las encuestas (ver documentos metodológicos). Fuente: GenLAC (CEDLAS).
COL2012,Ratio mujeres/hombres (media calificación),COL,ENUT 2012-13,2012,.9947378635406494,28,28,,Ratio calificación,15,Colombia,Porcentaje de la población de 25 a 54 años que realiza actividades de ocio.,Participación en actividades de ocio,Las series pueden presentar saltos por cambios metodológicos en las encuestas (ver documentos metodológicos). Fuente: GenLAC (CEDLAS).
COL2012,Ratio mujeres/hombres (alta calificación),COL,ENUT 2012-13,2012,.9944818019866943,29,29,,Ratio calificación,15,Colombia,Porcentaje de la población de 25 a 54 años que realiza actividades de ocio.,Participación en actividades de ocio,Las series pueden presentar saltos por cambios metodológicos en las encuestas (ver documentos metodológicos). Fuente: GenLAC (CEDLAS).
COL2012,Ratio mujeres/hombres (solteros),COL,ENUT 2012-13,2012,.9903967976570129,30,30,,Ratio situación conyugal,14,Colombia,Porcentaje de la población de 25 a 54 años que realiza actividades de ocio.,Participación en actividades de ocio,Las series pueden presentar saltos por cambios metodológicos en las encuestas (ver documentos metodológicos). Fuente: GenLAC (CEDLAS).
COL2012,Ratio mujeres/hombres (en pareja),COL,ENUT 2012-13,2012,.9948474764823914,31,31,,Ratio situación conyugal,14,Colombia,Porcentaje de la población de 25 a 54 años que realiza actividades de ocio.,Participación en actividades de ocio,Las series pueden presentar saltos por cambios metodológicos en las encuestas (ver documentos metodológicos). Fuente: GenLAC (CEDLAS).
COL2012,Ratio mujeres/hombres (sin hijos),COL,ENUT 2012-13,2012,1.00115180015564,32,32,,Ratio hijos,13,Colombia,Porcentaje de la población de 25 a 54 años que realiza actividades de ocio.,Participación en actividades de ocio,Las series pueden presentar saltos por cambios metodológicos en las encuestas (ver documentos metodológicos). Fuente: GenLAC (CEDLAS).
COL2012,Ratio mujeres/hombres (con hijos de 0 a 5 años),COL,ENUT 2012-13,2012,.9875783920288086,33,33,,Ratio hijos,13,Colombia,Porcentaje de la población de 25 a 54 años que realiza actividades de ocio.,Participación en actividades de ocio,Las series pueden presentar saltos por cambios metodológicos en las encuestas (ver documentos metodológicos). Fuente: GenLAC (CEDLAS).
COL2012,Ratio mujeres/hombres (con hijos de 6 años o más),COL,ENUT 2012-13,2012,.9924337267875671,34,34,,Ratio hijos,13,Colombia,Porcentaje de la población de 25 a 54 años que realiza actividades de ocio.,Participación en actividades de ocio,Las series pueden presentar saltos por cambios metodológicos en las encuestas (ver documentos metodológicos). Fuente: GenLAC (CEDLAS).
COL2016,Ratio mujeres/hombres,COL,ENUT 2016-17,2016,.9936425089836121,26,26,,Ratio mujeres/hombres,6,Colombia,Porcentaje de la población de 25 a 54 años que realiza actividades de ocio.,Participación en actividades de ocio,Las series pueden presentar saltos por cambios metodológicos en las encuestas (ver documentos metodológicos). Fuente: GenLAC (CEDLAS).
COL2016,Ratio mujeres/hombres (baja calificación),COL,ENUT 2016-17,2016,.9932655096054077,27,27,,Ratio calificación,15,Colombia,Porcentaje de la población de 25 a 54 años que realiza actividades de ocio.,Participación en actividades de ocio,Las series pueden presentar saltos por cambios metodológicos en las encuestas (ver documentos metodológicos). Fuente: GenLAC (CEDLAS).
COL2016,Ratio mujeres/hombres (media calificación),COL,ENUT 2016-17,2016,.9931617379188538,28,28,,Ratio calificación,15,Colombia,Porcentaje de la población de 25 a 54 años que realiza actividades de ocio.,Participación en actividades de ocio,Las series pueden presentar saltos por cambios metodológicos en las encuestas (ver documentos metodológicos). Fuente: GenLAC (CEDLAS).
COL2016,Ratio mujeres/hombres (alta calificación),COL,ENUT 2016-17,2016,.9942265152931213,29,29,,Ratio calificación,15,Colombia,Porcentaje de la población de 25 a 54 años que realiza actividades de ocio.,Participación en actividades de ocio,Las series pueden presentar saltos por cambios metodológicos en las encuestas (ver documentos metodológicos). Fuente: GenLAC (CEDLAS).
COL2016,Ratio mujeres/hombres (solteros),COL,ENUT 2016-17,2016,.9894595146179199,30,30,,Ratio situación conyugal,14,Colombia,Porcentaje de la población de 25 a 54 años que realiza actividades de ocio.,Participación en actividades de ocio,Las series pueden presentar saltos por cambios metodológicos en las encuestas (ver documentos metodológicos). Fuente: GenLAC (CEDLAS).
COL2016,Ratio mujeres/hombres (en pareja),COL,ENUT 2016-17,2016,.9958836436271667,31,31,,Ratio situación conyugal,14,Colombia,Porcentaje de la población de 25 a 54 años que realiza actividades de ocio.,Participación en actividades de ocio,Las series pueden presentar saltos por cambios metodológicos en las encuestas (ver documentos metodológicos). Fuente: GenLAC (CEDLAS).
COL2016,Ratio mujeres/hombres (sin hijos),COL,ENUT 2016-17,2016,.9996589422225952,32,32,,Ratio hijos,13,Colombia,Porcentaje de la población de 25 a 54 años que realiza actividades de ocio.,Participación en actividades de ocio,Las series pueden presentar saltos por cambios metodológicos en las encuestas (ver documentos metodológicos). Fuente: GenLAC (CEDLAS).
COL2016,Ratio mujeres/hombres (con hijos de 0 a 5 años),COL,ENUT 2016-17,2016,.9862101674079895,33,33,,Ratio hijos,13,Colombia,Porcentaje de la población de 25 a 54 años que realiza actividades de ocio.,Participación en actividades de ocio,Las series pueden presentar saltos por cambios metodológicos en las encuestas (ver documentos metodológicos). Fuente: GenLAC (CEDLAS).
COL2016,Ratio mujeres/hombres (con hijos de 6 años o más),COL,ENUT 2016-17,2016,.9937708377838135,34,34,,Ratio hijos,13,Colombia,Porcentaje de la población de 25 a 54 años que realiza actividades de ocio.,Participación en actividades de ocio,Las series pueden presentar saltos por cambios metodológicos en las encuestas (ver documentos metodológicos). Fuente: GenLAC (CEDLAS).
COL2020,Ratio mujeres/hombres,COL,ENUT 2020-21,2020,.9868336915969849,26,26,,Ratio mujeres/hombres,6,Colombia,Porcentaje de la población de 25 a 54 años que realiza actividades de ocio.,Participación en actividades de ocio,Las series pueden presentar saltos por cambios metodológicos en las encuestas (ver documentos metodológicos). Fuente: GenLAC (CEDLAS).
COL2020,Ratio mujeres/hombres (baja calificación),COL,ENUT 2020-21,2020,.9836495518684387,27,27,,Ratio calificación,15,Colombia,Porcentaje de la población de 25 a 54 años que realiza actividades de ocio.,Participación en actividades de ocio,Las series pueden presentar saltos por cambios metodológicos en las encuestas (ver documentos metodológicos). Fuente: GenLAC (CEDLAS).
COL2020,Ratio mujeres/hombres (media calificación),COL,ENUT 2020-21,2020,.9914118051528931,28,28,,Ratio calificación,15,Colombia,Porcentaje de la población de 25 a 54 años que realiza actividades de ocio.,Participación en actividades de ocio,Las series pueden presentar saltos por cambios metodológicos en las encuestas (ver documentos metodológicos). Fuente: GenLAC (CEDLAS).
COL2020,Ratio mujeres/hombres (alta calificación),COL,ENUT 2020-21,2020,.977592945098877,29,29,,Ratio calificación,15,Colombia,Porcentaje de la población de 25 a 54 años que realiza actividades de ocio.,Participación en actividades de ocio,Las series pueden presentar saltos por cambios metodológicos en las encuestas (ver documentos metodológicos). Fuente: GenLAC (CEDLAS).
COL2020,Ratio mujeres/hombres (solteros),COL,ENUT 2020-21,2020,.9790993928909302,30,30,,Ratio situación conyugal,14,Colombia,Porcentaje de la población de 25 a 54 años que realiza actividades de ocio.,Participación en actividades de ocio,Las series pueden presentar saltos por cambios metodológicos en las encuestas (ver documentos metodológicos). Fuente: GenLAC (CEDLAS).
COL2020,Ratio mujeres/hombres (en pareja),COL,ENUT 2020-21,2020,.991350531578064,31,31,,Ratio situación conyugal,14,Colombia,Porcentaje de la población de 25 a 54 años que realiza actividades de ocio.,Participación en actividades de ocio,Las series pueden presentar saltos por cambios metodológicos en las encuestas (ver documentos metodológicos). Fuente: GenLAC (CEDLAS).
COL2020,Ratio mujeres/hombres (sin hijos),COL,ENUT 2020-21,2020,.9992659091949463,32,32,,Ratio hijos,13,Colombia,Porcentaje de la población de 25 a 54 años que realiza actividades de ocio.,Participación en actividades de ocio,Las series pueden presentar saltos por cambios metodológicos en las encuestas (ver documentos metodológicos). Fuente: GenLAC (CEDLAS).
COL2020,Ratio mujeres/hombres (con hijos de 0 a 5 años),COL,ENUT 2020-21,2020,.9598572850227356,33,33,,Ratio hijos,13,Colombia,Porcentaje de la población de 25 a 54 años que realiza actividades de ocio.,Participación en actividades de ocio,Las series pueden presentar saltos por cambios metodológicos en las encuestas (ver documentos metodológicos). Fuente: GenLAC (CEDLAS).
COL2020,Ratio mujeres/hombres (con hijos de 6 años o más),COL,ENUT 2020-21,2020,.996631383895874,34,34,,Ratio hijos,13,Colombia,Porcentaje de la población de 25 a 54 años que realiza actividades de ocio.,Participación en actividades de ocio,Las series pueden presentar saltos por cambios metodológicos en las encuestas (ver documentos metodológicos). Fuente: GenLAC (CEDLAS).
CRI2004,Ratio mujeres/hombres,CRI,MUT EHPM 2004,2004,1.01459527015686,26,26,,Ratio mujeres/hombres,6,Costa Rica,Porcentaje de la población de 25 a 54 años que realiza actividades de ocio.,Participación en actividades de ocio,Las series pueden presentar saltos por cambios metodológicos en las encuestas (ver documentos metodológicos). Fuente: GenLAC (CEDLAS).
CRI2004,Ratio mujeres/hombres (baja calificación),CRI,MUT EHPM 2004,2004,1.020173788070679,27,27,,Ratio calificación,15,Costa Rica,Porcentaje de la población de 25 a 54 años que realiza actividades de ocio.,Participación en actividades de ocio,Las series pueden presentar saltos por cambios metodológicos en las encuestas (ver documentos metodológicos). Fuente: GenLAC (CEDLAS).
CRI2004,Ratio mujeres/hombres (media calificación),CRI,MUT EHPM 2004,2004,1.003368258476257,28,28,,Ratio calificación,15,Costa Rica,Porcentaje de la población de 25 a 54 años que realiza actividades de ocio.,Participación en actividades de ocio,Las series pueden presentar saltos por cambios metodológicos en las encuestas (ver documentos metodológicos). Fuente: GenLAC (CEDLAS).
CRI2004,Ratio mujeres/hombres (alta calificación),CRI,MUT EHPM 2004,2004,1.002542614936829,29,29,,Ratio calificación,15,Costa Rica,Porcentaje de la población de 25 a 54 años que realiza actividades de ocio.,Participación en actividades de ocio,Las series pueden presentar saltos por cambios metodológicos en las encuestas (ver documentos metodológicos). Fuente: GenLAC (CEDLAS).
CRI2004,Ratio mujeres/hombres (solteros),CRI,MUT EHPM 2004,2004,1.001736164093018,30,30,,Ratio situación conyugal,14,Costa Rica,Porcentaje de la población de 25 a 54 años que realiza actividades de ocio.,Participación en actividades de ocio,Las series pueden presentar saltos por cambios metodológicos en las encuestas (ver documentos metodológicos). Fuente: GenLAC (CEDLAS).
CRI2004,Ratio mujeres/hombres (en pareja),CRI,MUT EHPM 2004,2004,1.01951277256012,31,31,,Ratio situación conyugal,14,Costa Rica,Porcentaje de la población de 25 a 54 años que realiza actividades de ocio.,Participación en actividades de ocio,Las series pueden presentar saltos por cambios metodológicos en las encuestas (ver documentos metodológicos). Fuente: GenLAC (CEDLAS).
CRI2004,Ratio mujeres/hombres (sin hijos),CRI,MUT EHPM 2004,2004,1.016716122627258,32,32,,Ratio hijos,13,Costa Rica,Porcentaje de la población de 25 a 54 años que realiza actividades de ocio.,Participación en actividades de ocio,Las series pueden presentar saltos por cambios metodológicos en las encuestas (ver documentos metodológicos). Fuente: GenLAC (CEDLAS).
CRI2004,Ratio mujeres/hombres (con hijos de 0 a 5 años),CRI,MUT EHPM 2004,2004,1.002665996551514,33,33,,Ratio hijos,13,Costa Rica,Porcentaje de la población de 25 a 54 años que realiza actividades de ocio.,Participación en actividades de ocio,Las series pueden presentar saltos por cambios metodológicos en las encuestas (ver documentos metodológicos). Fuente: GenLAC (CEDLAS).
CRI2004,Ratio mujeres/hombres (con hijos de 6 años o más),CRI,MUT EHPM 2004,2004,1.025148153305054,34,34,,Ratio hijos,13,Costa Rica,Porcentaje de la población de 25 a 54 años que realiza actividades de ocio.,Participación en actividades de ocio,Las series pueden presentar saltos por cambios metodológicos en las encuestas (ver documentos metodológicos). Fuente: GenLAC (CEDLAS).
CRI2017,Ratio mujeres/hombres,CRI,ENUT 2017,2017,1.000449657440186,26,26,,Ratio mujeres/hombres,6,Costa Rica,Porcentaje de la población de 25 a 54 años que realiza actividades de ocio.,Participación en actividades de ocio,Las series pueden presentar saltos por cambios metodológicos en las encuestas (ver documentos metodológicos). Fuente: GenLAC (CEDLAS).
CRI2017,Ratio mujeres/hombres (baja calificación),CRI,ENUT 2017,2017,1.000809550285339,27,27,,Ratio calificación,15,Costa Rica,Porcentaje de la población de 25 a 54 años que realiza actividades de ocio.,Participación en actividades de ocio,Las series pueden presentar saltos por cambios metodológicos en las encuestas (ver documentos metodológicos). Fuente: GenLAC (CEDLAS).
CRI2017,Ratio mujeres/hombres (media calificación),CRI,ENUT 2017,2017,1,28,28,,Ratio calificación,15,Costa Rica,Porcentaje de la población de 25 a 54 años que realiza actividades de ocio.,Participación en actividades de ocio,Las series pueden presentar saltos por cambios metodológicos en las encuestas (ver documentos metodológicos). Fuente: GenLAC (CEDLAS).
CRI2017,Ratio mujeres/hombres (alta calificación),CRI,ENUT 2017,2017,1,29,29,,Ratio calificación,15,Costa Rica,Porcentaje de la población de 25 a 54 años que realiza actividades de ocio.,Participación en actividades de ocio,Las series pueden presentar saltos por cambios metodológicos en las encuestas (ver documentos metodológicos). Fuente: GenLAC (CEDLAS).
CRI2017,Ratio mujeres/hombres (solteros),CRI,ENUT 2017,2017,1.000145077705383,30,30,,Ratio situación conyugal,14,Costa Rica,Porcentaje de la población de 25 a 54 años que realiza actividades de ocio.,Participación en actividades de ocio,Las series pueden presentar saltos por cambios metodológicos en las encuestas (ver documentos metodológicos). Fuente: GenLAC (CEDLAS).
CRI2017,Ratio mujeres/hombres (en pareja),CRI,ENUT 2017,2017,1.00061309337616,31,31,,Ratio situación conyugal,14,Costa Rica,Porcentaje de la población de 25 a 54 años que realiza actividades de ocio.,Participación en actividades de ocio,Las series pueden presentar saltos por cambios metodológicos en las encuestas (ver documentos metodológicos). Fuente: GenLAC (CEDLAS).
CRI2017,Ratio mujeres/hombres (sin hijos),CRI,ENUT 2017,2017,,32,32,,Ratio hijos,13,Costa Rica,Porcentaje de la población de 25 a 54 años que realiza actividades de ocio.,Participación en actividades de ocio,Las series pueden presentar saltos por cambios metodológicos en las encuestas (ver documentos metodológicos). Fuente: GenLAC (CEDLAS).
CRI2017,Ratio mujeres/hombres (con hijos de 0 a 5 años),CRI,ENUT 2017,2017,,33,33,,Ratio hijos,13,Costa Rica,Porcentaje de la población de 25 a 54 años que realiza actividades de ocio.,Participación en actividades de ocio,Las series pueden presentar saltos por cambios metodológicos en las encuestas (ver documentos metodológicos). Fuente: GenLAC (CEDLAS).
CRI2017,Ratio mujeres/hombres (con hijos de 6 años o más),CRI,ENUT 2017,2017,,34,34,,Ratio hijos,13,Costa Rica,Porcentaje de la población de 25 a 54 años que realiza actividades de ocio.,Participación en actividades de ocio,Las series pueden presentar saltos por cambios metodológicos en las encuestas (ver documentos metodológicos). Fuente: GenLAC (CEDLAS).
ECU2012,Ratio mujeres/hombres,ECU,EUT 2012,2012,1.008260011672974,26,26,,Ratio mujeres/hombres,6,Ecuador,Porcentaje de la población de 25 a 54 años que realiza actividades de ocio.,Participación en actividades de ocio,Las series pueden presentar saltos por cambios metodológicos en las encuestas (ver documentos metodológicos). Fuente: GenLAC (CEDLAS).
ECU2012,Ratio mujeres/hombres (baja calificación),ECU,EUT 2012,2012,1.007210254669189,27,27,,Ratio calificación,15,Ecuador,Porcentaje de la población de 25 a 54 años que realiza actividades de ocio.,Participación en actividades de ocio,Las series pueden presentar saltos por cambios metodológicos en las encuestas (ver documentos metodológicos). Fuente: GenLAC (CEDLAS).
ECU2012,Ratio mujeres/hombres (media calificación),ECU,EUT 2012,2012,1.011218905448914,28,28,,Ratio calificación,15,Ecuador,Porcentaje de la población de 25 a 54 años que realiza actividades de ocio.,Participación en actividades de ocio,Las series pueden presentar saltos por cambios metodológicos en las encuestas (ver documentos metodológicos). Fuente: GenLAC (CEDLAS).
ECU2012,Ratio mujeres/hombres (alta calificación),ECU,EUT 2012,2012,1.008860468864441,29,29,,Ratio calificación,15,Ecuador,Porcentaje de la población de 25 a 54 años que realiza actividades de ocio.,Participación en actividades de ocio,Las series pueden presentar saltos por cambios metodológicos en las encuestas (ver documentos metodológicos). Fuente: GenLAC (CEDLAS).
ECU2012,Ratio mujeres/hombres (solteros),ECU,EUT 2012,2012,1.007814288139343,30,30,,Ratio situación conyugal,14,Ecuador,Porcentaje de la población de 25 a 54 años que realiza actividades de ocio.,Participación en actividades de ocio,Las series pueden presentar saltos por cambios metodológicos en las encuestas (ver documentos metodológicos). Fuente: GenLAC (CEDLAS).
ECU2012,Ratio mujeres/hombres (en pareja),ECU,EUT 2012,2012,1.008848428726196,31,31,,Ratio situación conyugal,14,Ecuador,Porcentaje de la población de 25 a 54 años que realiza actividades de ocio.,Participación en actividades de ocio,Las series pueden presentar saltos por cambios metodológicos en las encuestas (ver documentos metodológicos). Fuente: GenLAC (CEDLAS).
ECU2012,Ratio mujeres/hombres (sin hijos),ECU,EUT 2012,2012,1.030433535575867,32,32,,Ratio hijos,13,Ecuador,Porcentaje de la población de 25 a 54 años que realiza actividades de ocio.,Participación en actividades de ocio,Las series pueden presentar saltos por cambios metodológicos en las encuestas (ver documentos metodológicos). Fuente: GenLAC (CEDLAS).
ECU2012,Ratio mujeres/hombres (con hijos de 0 a 5 años),ECU,EUT 2012,2012,1.007593631744385,33,33,,Ratio hijos,13,Ecuador,Porcentaje de la población de 25 a 54 años que realiza actividades de ocio.,Participación en actividades de ocio,Las series pueden presentar saltos por cambios metodológicos en las encuestas (ver documentos metodológicos). Fuente: GenLAC (CEDLAS).
ECU2012,Ratio mujeres/hombres (con hijos de 6 años o más),ECU,EUT 2012,2012,1.002621173858643,34,34,,Ratio hijos,13,Ecuador,Porcentaje de la población de 25 a 54 años que realiza actividades de ocio.,Participación en actividades de ocio,Las series pueden presentar saltos por cambios metodológicos en las encuestas (ver documentos metodológicos). Fuente: GenLAC (CEDLAS).
SLV2017,Ratio mujeres/hombres,SLV,ENUT 2017,2017,.9900527000427246,26,26,,Ratio mujeres/hombres,6,El Salvador,Porcentaje de la población de 25 a 54 años que realiza actividades de ocio.,Participación en actividades de ocio,Las series pueden presentar saltos por cambios metodológicos en las encuestas (ver documentos metodológicos). Fuente: GenLAC (CEDLAS).
SLV2017,Ratio mujeres/hombres (baja calificación),SLV,ENUT 2017,2017,.9907890558242798,27,27,,Ratio calificación,15,El Salvador,Porcentaje de la población de 25 a 54 años que realiza actividades de ocio.,Participación en actividades de ocio,Las series pueden presentar saltos por cambios metodológicos en las encuestas (ver documentos metodológicos). Fuente: GenLAC (CEDLAS).
SLV2017,Ratio mujeres/hombres (media calificación),SLV,ENUT 2017,2017,.9924359917640686,28,28,,Ratio calificación,15,El Salvador,Porcentaje de la población de 25 a 54 años que realiza actividades de ocio.,Participación en actividades de ocio,Las series pueden presentar saltos por cambios metodológicos en las encuestas (ver documentos metodológicos). Fuente: GenLAC (CEDLAS).
SLV2017,Ratio mujeres/hombres (alta calificación),SLV,ENUT 2017,2017,1.004811406135559,29,29,,Ratio calificación,15,El Salvador,Porcentaje de la población de 25 a 54 años que realiza actividades de ocio.,Participación en actividades de ocio,Las series pueden presentar saltos por cambios metodológicos en las encuestas (ver documentos metodológicos). Fuente: GenLAC (CEDLAS).
SLV2017,Ratio mujeres/hombres (solteros),SLV,ENUT 2017,2017,.9943446516990662,30,30,,Ratio situación conyugal,14,El Salvador,Porcentaje de la población de 25 a 54 años que realiza actividades de ocio.,Participación en actividades de ocio,Las series pueden presentar saltos por cambios metodológicos en las encuestas (ver documentos metodológicos). Fuente: GenLAC (CEDLAS).
SLV2017,Ratio mujeres/hombres (en pareja),SLV,ENUT 2017,2017,.9873654246330261,31,31,,Ratio situación conyugal,14,El Salvador,Porcentaje de la población de 25 a 54 años que realiza actividades de ocio.,Participación en actividades de ocio,Las series pueden presentar saltos por cambios metodológicos en las encuestas (ver documentos metodológicos). Fuente: GenLAC (CEDLAS).
SLV2017,Ratio mujeres/hombres (sin hijos),SLV,ENUT 2017,2017,.9831728339195251,32,32,,Ratio hijos,13,El Salvador,Porcentaje de la población de 25 a 54 años que realiza actividades de ocio.,Participación en actividades de ocio,Las series pueden presentar saltos por cambios metodológicos en las encuestas (ver documentos metodológicos). Fuente: GenLAC (CEDLAS).
SLV2017,Ratio mujeres/hombres (con hijos de 0 a 5 años),SLV,ENUT 2017,2017,.9794564247131348,33,33,,Ratio hijos,13,El Salvador,Porcentaje de la población de 25 a 54 años que realiza actividades de ocio.,Participación en actividades de ocio,Las series pueden presentar saltos por cambios metodológicos en las encuestas (ver documentos metodológicos). Fuente: GenLAC (CEDLAS).
SLV2017,Ratio mujeres/hombres (con hijos de 6 años o más),SLV,ENUT 2017,2017,.9979737401008606,34,34,,Ratio hijos,13,El Salvador,Porcentaje de la población de 25 a 54 años que realiza actividades de ocio.,Participación en actividades de ocio,Las series pueden presentar saltos por cambios metodológicos en las encuestas (ver documentos metodológicos). Fuente: GenLAC (CEDLAS).
GTM2011,Ratio mujeres/hombres,GTM,ENCOVI 2011,2011,,26,26,,Ratio mujeres/hombres,6,Guatemala,Porcentaje de la población de 25 a 54 años que realiza actividades de ocio.,Participación en actividades de ocio,Las series pueden presentar saltos por cambios metodológicos en las encuestas (ver documentos metodológicos). Fuente: GenLAC (CEDLAS).
GTM2011,Ratio mujeres/hombres (baja calificación),GTM,ENCOVI 2011,2011,,27,27,,Ratio calificación,15,Guatemala,Porcentaje de la población de 25 a 54 años que realiza actividades de ocio.,Participación en actividades de ocio,Las series pueden presentar saltos por cambios metodológicos en las encuestas (ver documentos metodológicos). Fuente: GenLAC (CEDLAS).
GTM2011,Ratio mujeres/hombres (media calificación),GTM,ENCOVI 2011,2011,,28,28,,Ratio calificación,15,Guatemala,Porcentaje de la población de 25 a 54 años que realiza actividades de ocio.,Participación en actividades de ocio,Las series pueden presentar saltos por cambios metodológicos en las encuestas (ver documentos metodológicos). Fuente: GenLAC (CEDLAS).
GTM2011,Ratio mujeres/hombres (alta calificación),GTM,ENCOVI 2011,2011,,29,29,,Ratio calificación,15,Guatemala,Porcentaje de la población de 25 a 54 años que realiza actividades de ocio.,Participación en actividades de ocio,Las series pueden presentar saltos por cambios metodológicos en las encuestas (ver documentos metodológicos). Fuente: GenLAC (CEDLAS).
GTM2011,Ratio mujeres/hombres (solteros),GTM,ENCOVI 2011,2011,,30,30,,Ratio situación conyugal,14,Guatemala,Porcentaje de la población de 25 a 54 años que realiza actividades de ocio.,Participación en actividades de ocio,Las series pueden presentar saltos por cambios metodológicos en las encuestas (ver documentos metodológicos). Fuente: GenLAC (CEDLAS).
GTM2011,Ratio mujeres/hombres (en pareja),GTM,ENCOVI 2011,2011,,31,31,,Ratio situación conyugal,14,Guatemala,Porcentaje de la población de 25 a 54 años que realiza actividades de ocio.,Participación en actividades de ocio,Las series pueden presentar saltos por cambios metodológicos en las encuestas (ver documentos metodológicos). Fuente: GenLAC (CEDLAS).
GTM2011,Ratio mujeres/hombres (sin hijos),GTM,ENCOVI 2011,2011,,32,32,,Ratio hijos,13,Guatemala,Porcentaje de la población de 25 a 54 años que realiza actividades de ocio.,Participación en actividades de ocio,Las series pueden presentar saltos por cambios metodológicos en las encuestas (ver documentos metodológicos). Fuente: GenLAC (CEDLAS).
GTM2011,Ratio mujeres/hombres (con hijos de 0 a 5 años),GTM,ENCOVI 2011,2011,,33,33,,Ratio hijos,13,Guatemala,Porcentaje de la población de 25 a 54 años que realiza actividades de ocio.,Participación en actividades de ocio,Las series pueden presentar saltos por cambios metodológicos en las encuestas (ver documentos metodológicos). Fuente: GenLAC (CEDLAS).
GTM2011,Ratio mujeres/hombres (con hijos de 6 años o más),GTM,ENCOVI 2011,2011,,34,34,,Ratio hijos,13,Guatemala,Porcentaje de la población de 25 a 54 años que realiza actividades de ocio.,Participación en actividades de ocio,Las series pueden presentar saltos por cambios metodológicos en las encuestas (ver documentos metodológicos). Fuente: GenLAC (CEDLAS).
GTM2014,Ratio mujeres/hombres,GTM,ENCOVI 2014,2014,.9774730205535889,26,26,,Ratio mujeres/hombres,6,Guatemala,Porcentaje de la población de 25 a 54 años que realiza actividades de ocio.,Participación en actividades de ocio,Las series pueden presentar saltos por cambios metodológicos en las encuestas (ver documentos metodológicos). Fuente: GenLAC (CEDLAS).
GTM2014,Ratio mujeres/hombres (baja calificación),GTM,ENCOVI 2014,2014,.9760974049568176,27,27,,Ratio calificación,15,Guatemala,Porcentaje de la población de 25 a 54 años que realiza actividades de ocio.,Participación en actividades de ocio,Las series pueden presentar saltos por cambios metodológicos en las encuestas (ver documentos metodológicos). Fuente: GenLAC (CEDLAS).
GTM2014,Ratio mujeres/hombres (media calificación),GTM,ENCOVI 2014,2014,.9949489235877991,28,28,,Ratio calificación,15,Guatemala,Porcentaje de la población de 25 a 54 años que realiza actividades de ocio.,Participación en actividades de ocio,Las series pueden presentar saltos por cambios metodológicos en las encuestas (ver documentos metodológicos). Fuente: GenLAC (CEDLAS).
GTM2014,Ratio mujeres/hombres (alta calificación),GTM,ENCOVI 2014,2014,.9826958179473877,29,29,,Ratio calificación,15,Guatemala,Porcentaje de la población de 25 a 54 años que realiza actividades de ocio.,Participación en actividades de ocio,Las series pueden presentar saltos por cambios metodológicos en las encuestas (ver documentos metodológicos). Fuente: GenLAC (CEDLAS).
GTM2014,Ratio mujeres/hombres (solteros),GTM,ENCOVI 2014,2014,.9427675008773804,30,30,,Ratio situación conyugal,14,Guatemala,Porcentaje de la población de 25 a 54 años que realiza actividades de ocio.,Participación en actividades de ocio,Las series pueden presentar saltos por cambios metodológicos en las encuestas (ver documentos metodológicos). Fuente: GenLAC (CEDLAS).
GTM2014,Ratio mujeres/hombres (en pareja),GTM,ENCOVI 2014,2014,.9873129725456238,31,31,,Ratio situación conyugal,14,Guatemala,Porcentaje de la población de 25 a 54 años que realiza actividades de ocio.,Participación en actividades de ocio,Las series pueden presentar saltos por cambios metodológicos en las encuestas (ver documentos metodológicos). Fuente: GenLAC (CEDLAS).
GTM2014,Ratio mujeres/hombres (sin hijos),GTM,ENCOVI 2014,2014,.9860458374023438,32,32,,Ratio hijos,13,Guatemala,Porcentaje de la población de 25 a 54 años que realiza actividades de ocio.,Participación en actividades de ocio,Las series pueden presentar saltos por cambios metodológicos en las encuestas (ver documentos metodológicos). Fuente: GenLAC (CEDLAS).
GTM2014,Ratio mujeres/hombres (con hijos de 0 a 5 años),GTM,ENCOVI 2014,2014,.9597781300544739,33,33,,Ratio hijos,13,Guatemala,Porcentaje de la población de 25 a 54 años que realiza actividades de ocio.,Participación en actividades de ocio,Las series pueden presentar saltos por cambios metodológicos en las encuestas (ver documentos metodológicos). Fuente: GenLAC (CEDLAS).
GTM2014,Ratio mujeres/hombres (con hijos de 6 años o más),GTM,ENCOVI 2014,2014,.9933854341506958,34,34,,Ratio hijos,13,Guatemala,Porcentaje de la población de 25 a 54 años que realiza actividades de ocio.,Participación en actividades de ocio,Las series pueden presentar saltos por cambios metodológicos en las encuestas (ver documentos metodológicos). Fuente: GenLAC (CEDLAS).
GTM2018,Ratio mujeres/hombres,GTM,ENEI - Modulo UT,2018,,26,26,,Ratio mujeres/hombres,6,Guatemala,Porcentaje de la población de 25 a 54 años que realiza actividades de ocio.,Participación en actividades de ocio,Las series pueden presentar saltos por cambios metodológicos en las encuestas (ver documentos metodológicos). Fuente: GenLAC (CEDLAS).
GTM2018,Ratio mujeres/hombres (baja calificación),GTM,ENEI - Modulo UT,2018,,27,27,,Ratio calificación,15,Guatemala,Porcentaje de la población de 25 a 54 años que realiza actividades de ocio.,Participación en actividades de ocio,Las series pueden presentar saltos por cambios metodológicos en las encuestas (ver documentos metodológicos). Fuente: GenLAC (CEDLAS).
GTM2018,Ratio mujeres/hombres (media calificación),GTM,ENEI - Modulo UT,2018,,28,28,,Ratio calificación,15,Guatemala,Porcentaje de la población de 25 a 54 años que realiza actividades de ocio.,Participación en actividades de ocio,Las series pueden presentar saltos por cambios metodológicos en las encuestas (ver documentos metodológicos). Fuente: GenLAC (CEDLAS).
GTM2018,Ratio mujeres/hombres (alta calificación),GTM,ENEI - Modulo UT,2018,,29,29,,Ratio calificación,15,Guatemala,Porcentaje de la población de 25 a 54 años que realiza actividades de ocio.,Participación en actividades de ocio,Las series pueden presentar saltos por cambios metodológicos en las encuestas (ver documentos metodológicos). Fuente: GenLAC (CEDLAS).
GTM2018,Ratio mujeres/hombres (solteros),GTM,ENEI - Modulo UT,2018,,30,30,,Ratio situación conyugal,14,Guatemala,Porcentaje de la población de 25 a 54 años que realiza actividades de ocio.,Participación en actividades de ocio,Las series pueden presentar saltos por cambios metodológicos en las encuestas (ver documentos metodológicos). Fuente: GenLAC (CEDLAS).
GTM2018,Ratio mujeres/hombres (en pareja),GTM,ENEI - Modulo UT,2018,,31,31,,Ratio situación conyugal,14,Guatemala,Porcentaje de la población de 25 a 54 años que realiza actividades de ocio.,Participación en actividades de ocio,Las series pueden presentar saltos por cambios metodológicos en las encuestas (ver documentos metodológicos). Fuente: GenLAC (CEDLAS).
GTM2018,Ratio mujeres/hombres (sin hijos),GTM,ENEI - Modulo UT,2018,,32,32,,Ratio hijos,13,Guatemala,Porcentaje de la población de 25 a 54 años que realiza actividades de ocio.,Participación en actividades de ocio,Las series pueden presentar saltos por cambios metodológicos en las encuestas (ver documentos metodológicos). Fuente: GenLAC (CEDLAS).
GTM2018,Ratio mujeres/hombres (con hijos de 0 a 5 años),GTM,ENEI - Modulo UT,2018,,33,33,,Ratio hijos,13,Guatemala,Porcentaje de la población de 25 a 54 años que realiza actividades de ocio.,Participación en actividades de ocio,Las series pueden presentar saltos por cambios metodológicos en las encuestas (ver documentos metodológicos). Fuente: GenLAC (CEDLAS).
GTM2018,Ratio mujeres/hombres (con hijos de 6 años o más),GTM,ENEI - Modulo UT,2018,,34,34,,Ratio hijos,13,Guatemala,Porcentaje de la población de 25 a 54 años que realiza actividades de ocio.,Participación en actividades de ocio,Las series pueden presentar saltos por cambios metodológicos en las encuestas (ver documentos metodológicos). Fuente: GenLAC (CEDLAS).
GTM2019,Ratio mujeres/hombres,GTM,ENEI - Modulo UT,2019,,26,26,,Ratio mujeres/hombres,6,Guatemala,Porcentaje de la población de 25 a 54 años que realiza actividades de ocio.,Participación en actividades de ocio,Las series pueden presentar saltos por cambios metodológicos en las encuestas (ver documentos metodológicos). Fuente: GenLAC (CEDLAS).
GTM2019,Ratio mujeres/hombres (baja calificación),GTM,ENEI - Modulo UT,2019,,27,27,,Ratio calificación,15,Guatemala,Porcentaje de la población de 25 a 54 años que realiza actividades de ocio.,Participación en actividades de ocio,Las series pueden presentar saltos por cambios metodológicos en las encuestas (ver documentos metodológicos). Fuente: GenLAC (CEDLAS).
GTM2019,Ratio mujeres/hombres (media calificación),GTM,ENEI - Modulo UT,2019,,28,28,,Ratio calificación,15,Guatemala,Porcentaje de la población de 25 a 54 años que realiza actividades de ocio.,Participación en actividades de ocio,Las series pueden presentar saltos por cambios metodológicos en las encuestas (ver documentos metodológicos). Fuente: GenLAC (CEDLAS).
GTM2019,Ratio mujeres/hombres (alta calificación),GTM,ENEI - Modulo UT,2019,,29,29,,Ratio calificación,15,Guatemala,Porcentaje de la población de 25 a 54 años que realiza actividades de ocio.,Participación en actividades de ocio,Las series pueden presentar saltos por cambios metodológicos en las encuestas (ver documentos metodológicos). Fuente: GenLAC (CEDLAS).
GTM2019,Ratio mujeres/hombres (solteros),GTM,ENEI - Modulo UT,2019,,30,30,,Ratio situación conyugal,14,Guatemala,Porcentaje de la población de 25 a 54 años que realiza actividades de ocio.,Participación en actividades de ocio,Las series pueden presentar saltos por cambios metodológicos en las encuestas (ver documentos metodológicos). Fuente: GenLAC (CEDLAS).
GTM2019,Ratio mujeres/hombres (en pareja),GTM,ENEI - Modulo UT,2019,,31,31,,Ratio situación conyugal,14,Guatemala,Porcentaje de la población de 25 a 54 años que realiza actividades de ocio.,Participación en actividades de ocio,Las series pueden presentar saltos por cambios metodológicos en las encuestas (ver documentos metodológicos). Fuente: GenLAC (CEDLAS).
GTM2019,Ratio mujeres/hombres (sin hijos),GTM,ENEI - Modulo UT,2019,,32,32,,Ratio hijos,13,Guatemala,Porcentaje de la población de 25 a 54 años que realiza actividades de ocio.,Participación en actividades de ocio,Las series pueden presentar saltos por cambios metodológicos en las encuestas (ver documentos metodológicos). Fuente: GenLAC (CEDLAS).
GTM2019,Ratio mujeres/hombres (con hijos de 0 a 5 años),GTM,ENEI - Modulo UT,2019,,33,33,,Ratio hijos,13,Guatemala,Porcentaje de la población de 25 a 54 años que realiza actividades de ocio.,Participación en actividades de ocio,Las series pueden presentar saltos por cambios metodológicos en las encuestas (ver documentos metodológicos). Fuente: GenLAC (CEDLAS).
GTM2019,Ratio mujeres/hombres (con hijos de 6 años o más),GTM,ENEI - Modulo UT,2019,,34,34,,Ratio hijos,13,Guatemala,Porcentaje de la población de 25 a 54 años que realiza actividades de ocio.,Participación en actividades de ocio,Las series pueden presentar saltos por cambios metodológicos en las encuestas (ver documentos metodológicos). Fuente: GenLAC (CEDLAS).
MEX2009,Ratio mujeres/hombres,MEX,ENUT 2009,2009,.9674318432807922,26,26,,Ratio mujeres/hombres,6,México,Porcentaje de la población de 25 a 54 años que realiza actividades de ocio.,Participación en actividades de ocio,Las series pueden presentar saltos por cambios metodológicos en las encuestas (ver documentos metodológicos). Fuente: GenLAC (CEDLAS).
MEX2009,Ratio mujeres/hombres (baja calificación),MEX,ENUT 2009,2009,.9589638710021973,27,27,,Ratio calificación,15,México,Porcentaje de la población de 25 a 54 años que realiza actividades de ocio.,Participación en actividades de ocio,Las series pueden presentar saltos por cambios metodológicos en las encuestas (ver documentos metodológicos). Fuente: GenLAC (CEDLAS).
MEX2009,Ratio mujeres/hombres (media calificación),MEX,ENUT 2009,2009,.9717393517494202,28,28,,Ratio calificación,15,México,Porcentaje de la población de 25 a 54 años que realiza actividades de ocio.,Participación en actividades de ocio,Las series pueden presentar saltos por cambios metodológicos en las encuestas (ver documentos metodológicos). Fuente: GenLAC (CEDLAS).
MEX2009,Ratio mujeres/hombres (alta calificación),MEX,ENUT 2009,2009,.9951006770133972,29,29,,Ratio calificación,15,México,Porcentaje de la población de 25 a 54 años que realiza actividades de ocio.,Participación en actividades de ocio,Las series pueden presentar saltos por cambios metodológicos en las encuestas (ver documentos metodológicos). Fuente: GenLAC (CEDLAS).
MEX2009,Ratio mujeres/hombres (solteros),MEX,ENUT 2009,2009,.9700129628181458,30,30,,Ratio situación conyugal,14,México,Porcentaje de la población de 25 a 54 años que realiza actividades de ocio.,Participación en actividades de ocio,Las series pueden presentar saltos por cambios metodológicos en las encuestas (ver documentos metodológicos). Fuente: GenLAC (CEDLAS).
MEX2009,Ratio mujeres/hombres (en pareja),MEX,ENUT 2009,2009,.9542794823646545,31,31,,Ratio situación conyugal,14,México,Porcentaje de la población de 25 a 54 años que realiza actividades de ocio.,Participación en actividades de ocio,Las series pueden presentar saltos por cambios metodológicos en las encuestas (ver documentos metodológicos). Fuente: GenLAC (CEDLAS).
MEX2009,Ratio mujeres/hombres (sin hijos),MEX,ENUT 2009,2009,.963599681854248,32,32,,Ratio hijos,13,México,Porcentaje de la población de 25 a 54 años que realiza actividades de ocio.,Participación en actividades de ocio,Las series pueden presentar saltos por cambios metodológicos en las encuestas (ver documentos metodológicos). Fuente: GenLAC (CEDLAS).
MEX2009,Ratio mujeres/hombres (con hijos de 0 a 5 años),MEX,ENUT 2009,2009,.9515942931175232,33,33,,Ratio hijos,13,México,Porcentaje de la población de 25 a 54 años que realiza actividades de ocio.,Participación en actividades de ocio,Las series pueden presentar saltos por cambios metodológicos en las encuestas (ver documentos metodológicos). Fuente: GenLAC (CEDLAS).
MEX2009,Ratio mujeres/hombres (con hijos de 6 años o más),MEX,ENUT 2009,2009,.9672735333442688,34,34,,Ratio hijos,13,México,Porcentaje de la población de 25 a 54 años que realiza actividades de ocio.,Participación en actividades de ocio,Las series pueden presentar saltos por cambios metodológicos en las encuestas (ver documentos metodológicos). Fuente: GenLAC (CEDLAS).
MEX2014,Ratio mujeres/hombres,MEX,ENUT 2014,2014,.9578275680541992,26,26,,Ratio mujeres/hombres,6,México,Porcentaje de la población de 25 a 54 años que realiza actividades de ocio.,Participación en actividades de ocio,Las series pueden presentar saltos por cambios metodológicos en las encuestas (ver documentos metodológicos). Fuente: GenLAC (CEDLAS).
MEX2014,Ratio mujeres/hombres (baja calificación),MEX,ENUT 2014,2014,.9513110518455505,27,27,,Ratio calificación,15,México,Porcentaje de la población de 25 a 54 años que realiza actividades de ocio.,Participación en actividades de ocio,Las series pueden presentar saltos por cambios metodológicos en las encuestas (ver documentos metodológicos). Fuente: GenLAC (CEDLAS).
MEX2014,Ratio mujeres/hombres (media calificación),MEX,ENUT 2014,2014,.9697983264923096,28,28,,Ratio calificación,15,México,Porcentaje de la población de 25 a 54 años que realiza actividades de ocio.,Participación en actividades de ocio,Las series pueden presentar saltos por cambios metodológicos en las encuestas (ver documentos metodológicos). Fuente: GenLAC (CEDLAS).
MEX2014,Ratio mujeres/hombres (alta calificación),MEX,ENUT 2014,2014,.9838612675666809,29,29,,Ratio calificación,15,México,Porcentaje de la población de 25 a 54 años que realiza actividades de ocio.,Participación en actividades de ocio,Las series pueden presentar saltos por cambios metodológicos en las encuestas (ver documentos metodológicos). Fuente: GenLAC (CEDLAS).
MEX2014,Ratio mujeres/hombres (solteros),MEX,ENUT 2014,2014,.9610510468482971,30,30,,Ratio situación conyugal,14,México,Porcentaje de la población de 25 a 54 años que realiza actividades de ocio.,Participación en actividades de ocio,Las series pueden presentar saltos por cambios metodológicos en las encuestas (ver documentos metodológicos). Fuente: GenLAC (CEDLAS).
MEX2014,Ratio mujeres/hombres (en pareja),MEX,ENUT 2014,2014,.9441220164299011,31,31,,Ratio situación conyugal,14,México,Porcentaje de la población de 25 a 54 años que realiza actividades de ocio.,Participación en actividades de ocio,Las series pueden presentar saltos por cambios metodológicos en las encuestas (ver documentos metodológicos). Fuente: GenLAC (CEDLAS).
MEX2014,Ratio mujeres/hombres (sin hijos),MEX,ENUT 2014,2014,.9614275693893433,32,32,,Ratio hijos,13,México,Porcentaje de la población de 25 a 54 años que realiza actividades de ocio.,Participación en actividades de ocio,Las series pueden presentar saltos por cambios metodológicos en las encuestas (ver documentos metodológicos). Fuente: GenLAC (CEDLAS).
MEX2014,Ratio mujeres/hombres (con hijos de 0 a 5 años),MEX,ENUT 2014,2014,.955216109752655,33,33,,Ratio hijos,13,México,Porcentaje de la población de 25 a 54 años que realiza actividades de ocio.,Participación en actividades de ocio,Las series pueden presentar saltos por cambios metodológicos en las encuestas (ver documentos metodológicos). Fuente: GenLAC (CEDLAS).
MEX2014,Ratio mujeres/hombres (con hijos de 6 años o más),MEX,ENUT 2014,2014,.949186384677887,34,34,,Ratio hijos,13,México,Porcentaje de la población de 25 a 54 años que realiza actividades de ocio.,Participación en actividades de ocio,Las series pueden presentar saltos por cambios metodológicos en las encuestas (ver documentos metodológicos). Fuente: GenLAC (CEDLAS).
MEX2019,Ratio mujeres/hombres,MEX,ENUT 2019,2019,1,26,26,,Ratio mujeres/hombres,6,México,Porcentaje de la población de 25 a 54 años que realiza actividades de ocio.,Participación en actividades de ocio,Las series pueden presentar saltos por cambios metodológicos en las encuestas (ver documentos metodológicos). Fuente: GenLAC (CEDLAS).
MEX2019,Ratio mujeres/hombres (baja calificación),MEX,ENUT 2019,2019,1,27,27,,Ratio calificación,15,México,Porcentaje de la población de 25 a 54 años que realiza actividades de ocio.,Participación en actividades de ocio,Las series pueden presentar saltos por cambios metodológicos en las encuestas (ver documentos metodológicos). Fuente: GenLAC (CEDLAS).
MEX2019,Ratio mujeres/hombres (media calificación),MEX,ENUT 2019,2019,1,28,28,,Ratio calificación,15,México,Porcentaje de la población de 25 a 54 años que realiza actividades de ocio.,Participación en actividades de ocio,Las series pueden presentar saltos por cambios metodológicos en las encuestas (ver documentos metodológicos). Fuente: GenLAC (CEDLAS).
MEX2019,Ratio mujeres/hombres (alta calificación),MEX,ENUT 2019,2019,1,29,29,,Ratio calificación,15,México,Porcentaje de la población de 25 a 54 años que realiza actividades de ocio.,Participación en actividades de ocio,Las series pueden presentar saltos por cambios metodológicos en las encuestas (ver documentos metodológicos). Fuente: GenLAC (CEDLAS).
MEX2019,Ratio mujeres/hombres (solteros),MEX,ENUT 2019,2019,1,30,30,,Ratio situación conyugal,14,México,Porcentaje de la población de 25 a 54 años que realiza actividades de ocio.,Participación en actividades de ocio,Las series pueden presentar saltos por cambios metodológicos en las encuestas (ver documentos metodológicos). Fuente: GenLAC (CEDLAS).
MEX2019,Ratio mujeres/hombres (en pareja),MEX,ENUT 2019,2019,1,31,31,,Ratio situación conyugal,14,México,Porcentaje de la población de 25 a 54 años que realiza actividades de ocio.,Participación en actividades de ocio,Las series pueden presentar saltos por cambios metodológicos en las encuestas (ver documentos metodológicos). Fuente: GenLAC (CEDLAS).
MEX2019,Ratio mujeres/hombres (sin hijos),MEX,ENUT 2019,2019,1,32,32,,Ratio hijos,13,México,Porcentaje de la población de 25 a 54 años que realiza actividades de ocio.,Participación en actividades de ocio,Las series pueden presentar saltos por cambios metodológicos en las encuestas (ver documentos metodológicos). Fuente: GenLAC (CEDLAS).
MEX2019,Ratio mujeres/hombres (con hijos de 0 a 5 años),MEX,ENUT 2019,2019,1,33,33,,Ratio hijos,13,México,Porcentaje de la población de 25 a 54 años que realiza actividades de ocio.,Participación en actividades de ocio,Las series pueden presentar saltos por cambios metodológicos en las encuestas (ver documentos metodológicos). Fuente: GenLAC (CEDLAS).
MEX2019,Ratio mujeres/hombres (con hijos de 6 años o más),MEX,ENUT 2019,2019,1,34,34,,Ratio hijos,13,México,Porcentaje de la población de 25 a 54 años que realiza actividades de ocio.,Participación en actividades de ocio,Las series pueden presentar saltos por cambios metodológicos en las encuestas (ver documentos metodológicos). Fuente: GenLAC (CEDLAS).
PRY2016,Ratio mujeres/hombres,PRY,EUT 2016,2016,.9841742515563965,26,26,,Ratio mujeres/hombres,6,Paraguay,Porcentaje de la población de 25 a 54 años que realiza actividades de ocio.,Participación en actividades de ocio,Las series pueden presentar saltos por cambios metodológicos en las encuestas (ver documentos metodológicos). Fuente: GenLAC (CEDLAS).
PRY2016,Ratio mujeres/hombres (baja calificación),PRY,EUT 2016,2016,.9916506409645081,27,27,,Ratio calificación,15,Paraguay,Porcentaje de la población de 25 a 54 años que realiza actividades de ocio.,Participación en actividades de ocio,Las series pueden presentar saltos por cambios metodológicos en las encuestas (ver documentos metodológicos). Fuente: GenLAC (CEDLAS).
PRY2016,Ratio mujeres/hombres (media calificación),PRY,EUT 2016,2016,.9626055955886841,28,28,,Ratio calificación,15,Paraguay,Porcentaje de la población de 25 a 54 años que realiza actividades de ocio.,Participación en actividades de ocio,Las series pueden presentar saltos por cambios metodológicos en las encuestas (ver documentos metodológicos). Fuente: GenLAC (CEDLAS).
PRY2016,Ratio mujeres/hombres (alta calificación),PRY,EUT 2016,2016,.9925848245620728,29,29,,Ratio calificación,15,Paraguay,Porcentaje de la población de 25 a 54 años que realiza actividades de ocio.,Participación en actividades de ocio,Las series pueden presentar saltos por cambios metodológicos en las encuestas (ver documentos metodológicos). Fuente: GenLAC (CEDLAS).
PRY2016,Ratio mujeres/hombres (solteros),PRY,EUT 2016,2016,.9669362306594849,30,30,,Ratio situación conyugal,14,Paraguay,Porcentaje de la población de 25 a 54 años que realiza actividades de ocio.,Participación en actividades de ocio,Las series pueden presentar saltos por cambios metodológicos en las encuestas (ver documentos metodológicos). Fuente: GenLAC (CEDLAS).
PRY2016,Ratio mujeres/hombres (en pareja),PRY,EUT 2016,2016,.9894950389862061,31,31,,Ratio situación conyugal,14,Paraguay,Porcentaje de la población de 25 a 54 años que realiza actividades de ocio.,Participación en actividades de ocio,Las series pueden presentar saltos por cambios metodológicos en las encuestas (ver documentos metodológicos). Fuente: GenLAC (CEDLAS).
PRY2016,Ratio mujeres/hombres (sin hijos),PRY,EUT 2016,2016,.9945225715637207,32,32,,Ratio hijos,13,Paraguay,Porcentaje de la población de 25 a 54 años que realiza actividades de ocio.,Participación en actividades de ocio,Las series pueden presentar saltos por cambios metodológicos en las encuestas (ver documentos metodológicos). Fuente: GenLAC (CEDLAS).
PRY2016,Ratio mujeres/hombres (con hijos de 0 a 5 años),PRY,EUT 2016,2016,.9795819520950317,33,33,,Ratio hijos,13,Paraguay,Porcentaje de la población de 25 a 54 años que realiza actividades de ocio.,Participación en actividades de ocio,Las series pueden presentar saltos por cambios metodológicos en las encuestas (ver documentos metodológicos). Fuente: GenLAC (CEDLAS).
PRY2016,Ratio mujeres/hombres (con hijos de 6 años o más),PRY,EUT 2016,2016,.9952732920646667,34,34,,Ratio hijos,13,Paraguay,Porcentaje de la población de 25 a 54 años que realiza actividades de ocio.,Participación en actividades de ocio,Las series pueden presentar saltos por cambios metodológicos en las encuestas (ver documentos metodológicos). Fuente: GenLAC (CEDLAS).
PER2010,Ratio mujeres/hombres,PER,ENUT 2010,2010,.9663738608360291,26,26,,Ratio mujeres/hombres,6,Perú,Porcentaje de la población de 25 a 54 años que realiza actividades de ocio.,Participación en actividades de ocio,Las series pueden presentar saltos por cambios metodológicos en las encuestas (ver documentos metodológicos). Fuente: GenLAC (CEDLAS).
PER2010,Ratio mujeres/hombres (baja calificación),PER,ENUT 2010,2010,.9613434672355652,27,27,,Ratio calificación,15,Perú,Porcentaje de la población de 25 a 54 años que realiza actividades de ocio.,Participación en actividades de ocio,Las series pueden presentar saltos por cambios metodológicos en las encuestas (ver documentos metodológicos). Fuente: GenLAC (CEDLAS).
PER2010,Ratio mujeres/hombres (media calificación),PER,ENUT 2010,2010,.9723637700080872,28,28,,Ratio calificación,15,Perú,Porcentaje de la población de 25 a 54 años que realiza actividades de ocio.,Participación en actividades de ocio,Las series pueden presentar saltos por cambios metodológicos en las encuestas (ver documentos metodológicos). Fuente: GenLAC (CEDLAS).
PER2010,Ratio mujeres/hombres (alta calificación),PER,ENUT 2010,2010,.9968031048774719,29,29,,Ratio calificación,15,Perú,Porcentaje de la población de 25 a 54 años que realiza actividades de ocio.,Participación en actividades de ocio,Las series pueden presentar saltos por cambios metodológicos en las encuestas (ver documentos metodológicos). Fuente: GenLAC (CEDLAS).
PER2010,Ratio mujeres/hombres (solteros),PER,ENUT 2010,2010,.9565172791481018,30,30,,Ratio situación conyugal,14,Perú,Porcentaje de la población de 25 a 54 años que realiza actividades de ocio.,Participación en actividades de ocio,Las series pueden presentar saltos por cambios metodológicos en las encuestas (ver documentos metodológicos). Fuente: GenLAC (CEDLAS).
PER2010,Ratio mujeres/hombres (en pareja),PER,ENUT 2010,2010,.9695106148719788,31,31,,Ratio situación conyugal,14,Perú,Porcentaje de la población de 25 a 54 años que realiza actividades de ocio.,Participación en actividades de ocio,Las series pueden presentar saltos por cambios metodológicos en las encuestas (ver documentos metodológicos). Fuente: GenLAC (CEDLAS).
PER2010,Ratio mujeres/hombres (sin hijos),PER,ENUT 2010,2010,.9772031307220459,32,32,,Ratio hijos,13,Perú,Porcentaje de la población de 25 a 54 años que realiza actividades de ocio.,Participación en actividades de ocio,Las series pueden presentar saltos por cambios metodológicos en las encuestas (ver documentos metodológicos). Fuente: GenLAC (CEDLAS).
PER2010,Ratio mujeres/hombres (con hijos de 0 a 5 años),PER,ENUT 2010,2010,.9413735866546631,33,33,,Ratio hijos,13,Perú,Porcentaje de la población de 25 a 54 años que realiza actividades de ocio.,Participación en actividades de ocio,Las series pueden presentar saltos por cambios metodológicos en las encuestas (ver documentos metodológicos). Fuente: GenLAC (CEDLAS).
PER2010,Ratio mujeres/hombres (con hijos de 6 años o más),PER,ENUT 2010,2010,.9791525602340698,34,34,,Ratio hijos,13,Perú,Porcentaje de la población de 25 a 54 años que realiza actividades de ocio.,Participación en actividades de ocio,Las series pueden presentar saltos por cambios metodológicos en las encuestas (ver documentos metodológicos). Fuente: GenLAC (CEDLAS).
DOM2016,Ratio mujeres/hombres,DOM,MUT - ENOHGAR 20,2016,,26,26,,Ratio mujeres/hombres,6,República Dominicana,Porcentaje de la población de 25 a 54 años que realiza actividades de ocio.,Participación en actividades de ocio,Las series pueden presentar saltos por cambios metodológicos en las encuestas (ver documentos metodológicos). Fuente: GenLAC (CEDLAS).
DOM2016,Ratio mujeres/hombres (baja calificación),DOM,MUT - ENOHGAR 20,2016,,27,27,,Ratio calificación,15,República Dominicana,Porcentaje de la población de 25 a 54 años que realiza actividades de ocio.,Participación en actividades de ocio,Las series pueden presentar saltos por cambios metodológicos en las encuestas (ver documentos metodológicos). Fuente: GenLAC (CEDLAS).
DOM2016,Ratio mujeres/hombres (media calificación),DOM,MUT - ENOHGAR 20,2016,,28,28,,Ratio calificación,15,República Dominicana,Porcentaje de la población de 25 a 54 años que realiza actividades de ocio.,Participación en actividades de ocio,Las series pueden presentar saltos por cambios metodológicos en las encuestas (ver documentos metodológicos). Fuente: GenLAC (CEDLAS).
DOM2016,Ratio mujeres/hombres (alta calificación),DOM,MUT - ENOHGAR 20,2016,,29,29,,Ratio calificación,15,República Dominicana,Porcentaje de la población de 25 a 54 años que realiza actividades de ocio.,Participación en actividades de ocio,Las series pueden presentar saltos por cambios metodológicos en las encuestas (ver documentos metodológicos). Fuente: GenLAC (CEDLAS).
DOM2016,Ratio mujeres/hombres (solteros),DOM,MUT - ENOHGAR 20,2016,,30,30,,Ratio situación conyugal,14,República Dominicana,Porcentaje de la población de 25 a 54 años que realiza actividades de ocio.,Participación en actividades de ocio,Las series pueden presentar saltos por cambios metodológicos en las encuestas (ver documentos metodológicos). Fuente: GenLAC (CEDLAS).
DOM2016,Ratio mujeres/hombres (en pareja),DOM,MUT - ENOHGAR 20,2016,,31,31,,Ratio situación conyugal,14,República Dominicana,Porcentaje de la población de 25 a 54 años que realiza actividades de ocio.,Participación en actividades de ocio,Las series pueden presentar saltos por cambios metodológicos en las encuestas (ver documentos metodológicos). Fuente: GenLAC (CEDLAS).
DOM2016,Ratio mujeres/hombres (sin hijos),DOM,MUT - ENOHGAR 20,2016,,32,32,,Ratio hijos,13,República Dominicana,Porcentaje de la población de 25 a 54 años que realiza actividades de ocio.,Participación en actividades de ocio,Las series pueden presentar saltos por cambios metodológicos en las encuestas (ver documentos metodológicos). Fuente: GenLAC (CEDLAS).
DOM2016,Ratio mujeres/hombres (con hijos de 0 a 5 años),DOM,MUT - ENOHGAR 20,2016,,33,33,,Ratio hijos,13,República Dominicana,Porcentaje de la población de 25 a 54 años que realiza actividades de ocio.,Participación en actividades de ocio,Las series pueden presentar saltos por cambios metodológicos en las encuestas (ver documentos metodológicos). Fuente: GenLAC (CEDLAS).
DOM2016,Ratio mujeres/hombres (con hijos de 6 años o más),DOM,MUT - ENOHGAR 20,2016,,34,34,,Ratio hijos,13,República Dominicana,Porcentaje de la población de 25 a 54 años que realiza actividades de ocio.,Participación en actividades de ocio,Las series pueden presentar saltos por cambios metodológicos en las encuestas (ver documentos metodológicos). Fuente: GenLAC (CEDLAS).
URY2007,Ratio mujeres/hombres,URY,MUT - ECH 2007,2007,.9886135458946228,26,26,,Ratio mujeres/hombres,6,Uruguay,Porcentaje de la población de 25 a 54 años que realiza actividades de ocio.,Participación en actividades de ocio,Las series pueden presentar saltos por cambios metodológicos en las encuestas (ver documentos metodológicos). Fuente: GenLAC (CEDLAS).
URY2007,Ratio mujeres/hombres (baja calificación),URY,MUT - ECH 2007,2007,.9852890372276306,27,27,,Ratio calificación,15,Uruguay,Porcentaje de la población de 25 a 54 años que realiza actividades de ocio.,Participación en actividades de ocio,Las series pueden presentar saltos por cambios metodológicos en las encuestas (ver documentos metodológicos). Fuente: GenLAC (CEDLAS).
URY2007,Ratio mujeres/hombres (media calificación),URY,MUT - ECH 2007,2007,.9879863262176514,28,28,,Ratio calificación,15,Uruguay,Porcentaje de la población de 25 a 54 años que realiza actividades de ocio.,Participación en actividades de ocio,Las series pueden presentar saltos por cambios metodológicos en las encuestas (ver documentos metodológicos). Fuente: GenLAC (CEDLAS).
URY2007,Ratio mujeres/hombres (alta calificación),URY,MUT - ECH 2007,2007,.9894317388534546,29,29,,Ratio calificación,15,Uruguay,Porcentaje de la población de 25 a 54 años que realiza actividades de ocio.,Participación en actividades de ocio,Las series pueden presentar saltos por cambios metodológicos en las encuestas (ver documentos metodológicos). Fuente: GenLAC (CEDLAS).
URY2007,Ratio mujeres/hombres (solteros),URY,MUT - ECH 2007,2007,.9993728399276733,30,30,,Ratio situación conyugal,14,Uruguay,Porcentaje de la población de 25 a 54 años que realiza actividades de ocio.,Participación en actividades de ocio,Las series pueden presentar saltos por cambios metodológicos en las encuestas (ver documentos metodológicos). Fuente: GenLAC (CEDLAS).
URY2007,Ratio mujeres/hombres (en pareja),URY,MUT - ECH 2007,2007,.9841400384902954,31,31,,Ratio situación conyugal,14,Uruguay,Porcentaje de la población de 25 a 54 años que realiza actividades de ocio.,Participación en actividades de ocio,Las series pueden presentar saltos por cambios metodológicos en las encuestas (ver documentos metodológicos). Fuente: GenLAC (CEDLAS).
URY2007,Ratio mujeres/hombres (sin hijos),URY,MUT - ECH 2007,2007,.9964830875396729,32,32,,Ratio hijos,13,Uruguay,Porcentaje de la población de 25 a 54 años que realiza actividades de ocio.,Participación en actividades de ocio,Las series pueden presentar saltos por cambios metodológicos en las encuestas (ver documentos metodológicos). Fuente: GenLAC (CEDLAS).
URY2007,Ratio mujeres/hombres (con hijos de 0 a 5 años),URY,MUT - ECH 2007,2007,.9790170788764954,33,33,,Ratio hijos,13,Uruguay,Porcentaje de la población de 25 a 54 años que realiza actividades de ocio.,Participación en actividades de ocio,Las series pueden presentar saltos por cambios metodológicos en las encuestas (ver documentos metodológicos). Fuente: GenLAC (CEDLAS).
URY2007,Ratio mujeres/hombres (con hijos de 6 años o más),URY,MUT - ECH 2007,2007,.9806381464004517,34,34,,Ratio hijos,13,Uruguay,Porcentaje de la población de 25 a 54 años que realiza actividades de ocio.,Participación en actividades de ocio,Las series pueden presentar saltos por cambios metodológicos en las encuestas (ver documentos metodológicos). Fuente: GenLAC (CEDLAS).
URY2013,Ratio mujeres/hombres,URY,EUT 2013,2013,1.00489330291748,26,26,,Ratio mujeres/hombres,6,Uruguay,Porcentaje de la población de 25 a 54 años que realiza actividades de ocio.,Participación en actividades de ocio,Las series pueden presentar saltos por cambios metodológicos en las encuestas (ver documentos metodológicos). Fuente: GenLAC (CEDLAS).
URY2013,Ratio mujeres/hombres (baja calificación),URY,EUT 2013,2013,1.000181436538696,27,27,,Ratio calificación,15,Uruguay,Porcentaje de la población de 25 a 54 años que realiza actividades de ocio.,Participación en actividades de ocio,Las series pueden presentar saltos por cambios metodológicos en las encuestas (ver documentos metodológicos). Fuente: GenLAC (CEDLAS).
URY2013,Ratio mujeres/hombres (media calificación),URY,EUT 2013,2013,.9971169829368591,28,28,,Ratio calificación,15,Uruguay,Porcentaje de la población de 25 a 54 años que realiza actividades de ocio.,Participación en actividades de ocio,Las series pueden presentar saltos por cambios metodológicos en las encuestas (ver documentos metodológicos). Fuente: GenLAC (CEDLAS).
URY2013,Ratio mujeres/hombres (alta calificación),URY,EUT 2013,2013,.9434608221054077,29,29,,Ratio calificación,15,Uruguay,Porcentaje de la población de 25 a 54 años que realiza actividades de ocio.,Participación en actividades de ocio,Las series pueden presentar saltos por cambios metodológicos en las encuestas (ver documentos metodológicos). Fuente: GenLAC (CEDLAS).
URY2013,Ratio mujeres/hombres (solteros),URY,EUT 2013,2013,.9023923277854919,30,30,,Ratio situación conyugal,14,Uruguay,Porcentaje de la población de 25 a 54 años que realiza actividades de ocio.,Participación en actividades de ocio,Las series pueden presentar saltos por cambios metodológicos en las encuestas (ver documentos metodológicos). Fuente: GenLAC (CEDLAS).
URY2013,Ratio mujeres/hombres (en pareja),URY,EUT 2013,2013,1.051755547523499,31,31,,Ratio situación conyugal,14,Uruguay,Porcentaje de la población de 25 a 54 años que realiza actividades de ocio.,Participación en actividades de ocio,Las series pueden presentar saltos por cambios metodológicos en las encuestas (ver documentos metodológicos). Fuente: GenLAC (CEDLAS).
URY2013,Ratio mujeres/hombres (sin hijos),URY,EUT 2013,2013,1.104382157325745,32,32,,Ratio hijos,13,Uruguay,Porcentaje de la población de 25 a 54 años que realiza actividades de ocio.,Participación en actividades de ocio,Las series pueden presentar saltos por cambios metodológicos en las encuestas (ver documentos metodológicos). Fuente: GenLAC (CEDLAS).
URY2013,Ratio mujeres/hombres (con hijos de 0 a 5 años),URY,EUT 2013,2013,.95548415184021,33,33,,Ratio hijos,13,Uruguay,Porcentaje de la población de 25 a 54 años que realiza actividades de ocio.,Participación en actividades de ocio,Las series pueden presentar saltos por cambios metodológicos en las encuestas (ver documentos metodológicos). Fuente: GenLAC (CEDLAS).
URY2013,Ratio mujeres/hombres (con hijos de 6 años o más),URY,EUT 2013,2013,1.089203834533691,34,34,,Ratio hijos,13,Uruguay,Porcentaje de la población de 25 a 54 años que realiza actividades de ocio.,Participación en actividades de ocio,Las series pueden presentar saltos por cambios metodológicos en las encuestas (ver documentos metodológicos). Fuente: GenLAC (CEDLAS).
