id_paisano,desagregacion,pais_cod,encuesta,ano,valor,desagregacion_por_orden,comparacion_por,comparacion_por_orden,pais,indicador,detalle_indicador,disclaimer
BOL2003,Women,BOL,ENDSA 2003,2003,4.126476764678955,1,Women,1,Bolivia,Percentage of women who have experienced non-partner sexual violence,"Women who have ever experienced some type of violence (psychological, physical or sexual) by their last partner, as percentage of women aged 25-49 years.",The series may present jumps due to methodological changes in the surveys (see methodological documents). Source: GenLAC (CEDLAS).
BOL2003,Women without children,BOL,ENDSA 2003,2003,8.902130126953125,2,Children (women),2,Bolivia,Percentage of women who have experienced non-partner sexual violence,"Women who have ever experienced some type of violence (psychological, physical or sexual) by their last partner, as percentage of women aged 25-49 years.",The series may present jumps due to methodological changes in the surveys (see methodological documents). Source: GenLAC (CEDLAS).
BOL2003,Women with children aged 0-5,BOL,ENDSA 2003,2003,3.920010566711426,3,Children (women),2,Bolivia,Percentage of women who have experienced non-partner sexual violence,"Women who have ever experienced some type of violence (psychological, physical or sexual) by their last partner, as percentage of women aged 25-49 years.",The series may present jumps due to methodological changes in the surveys (see methodological documents). Source: GenLAC (CEDLAS).
BOL2003,Women with children older than 5,BOL,ENDSA 2003,2003,3.691634893417358,4,Children (women),2,Bolivia,Percentage of women who have experienced non-partner sexual violence,"Women who have ever experienced some type of violence (psychological, physical or sexual) by their last partner, as percentage of women aged 25-49 years.",The series may present jumps due to methodological changes in the surveys (see methodological documents). Source: GenLAC (CEDLAS).
BOL2003,Not married women,BOL,ENDSA 2003,2003,7.172163009643555,5,Marital status (women),3,Bolivia,Percentage of women who have experienced non-partner sexual violence,"Women who have ever experienced some type of violence (psychological, physical or sexual) by their last partner, as percentage of women aged 25-49 years.",The series may present jumps due to methodological changes in the surveys (see methodological documents). Source: GenLAC (CEDLAS).
BOL2003,Married women,BOL,ENDSA 2003,2003,3.514390707015991,6,Marital status (women),3,Bolivia,Percentage of women who have experienced non-partner sexual violence,"Women who have ever experienced some type of violence (psychological, physical or sexual) by their last partner, as percentage of women aged 25-49 years.",The series may present jumps due to methodological changes in the surveys (see methodological documents). Source: GenLAC (CEDLAS).
BOL2003,Low skilled women,BOL,ENDSA 2003,2003,4.071271896362305,7,Qualification (women),4,Bolivia,Percentage of women who have experienced non-partner sexual violence,"Women who have ever experienced some type of violence (psychological, physical or sexual) by their last partner, as percentage of women aged 25-49 years.",The series may present jumps due to methodological changes in the surveys (see methodological documents). Source: GenLAC (CEDLAS).
BOL2003,Medium skilled women,BOL,ENDSA 2003,2003,4.578607082366943,8,Qualification (women),4,Bolivia,Percentage of women who have experienced non-partner sexual violence,"Women who have ever experienced some type of violence (psychological, physical or sexual) by their last partner, as percentage of women aged 25-49 years.",The series may present jumps due to methodological changes in the surveys (see methodological documents). Source: GenLAC (CEDLAS).
BOL2003,High skilled women,BOL,ENDSA 2003,2003,3.664182186126709,9,Qualification (women),4,Bolivia,Percentage of women who have experienced non-partner sexual violence,"Women who have ever experienced some type of violence (psychological, physical or sexual) by their last partner, as percentage of women aged 25-49 years.",The series may present jumps due to methodological changes in the surveys (see methodological documents). Source: GenLAC (CEDLAS).
BOL2008,Women,BOL,ENDSA 2008,2008,3.858837604522705,1,Women,1,Bolivia,Percentage of women who have experienced non-partner sexual violence,"Women who have ever experienced some type of violence (psychological, physical or sexual) by their last partner, as percentage of women aged 25-49 years.",The series may present jumps due to methodological changes in the surveys (see methodological documents). Source: GenLAC (CEDLAS).
BOL2008,Women without children,BOL,ENDSA 2008,2008,6.442845821380615,2,Children (women),2,Bolivia,Percentage of women who have experienced non-partner sexual violence,"Women who have ever experienced some type of violence (psychological, physical or sexual) by their last partner, as percentage of women aged 25-49 years.",The series may present jumps due to methodological changes in the surveys (see methodological documents). Source: GenLAC (CEDLAS).
BOL2008,Women with children aged 0-5,BOL,ENDSA 2008,2008,3.746351957321167,3,Children (women),2,Bolivia,Percentage of women who have experienced non-partner sexual violence,"Women who have ever experienced some type of violence (psychological, physical or sexual) by their last partner, as percentage of women aged 25-49 years.",The series may present jumps due to methodological changes in the surveys (see methodological documents). Source: GenLAC (CEDLAS).
BOL2008,Women with children older than 5,BOL,ENDSA 2008,2008,3.376438856124878,4,Children (women),2,Bolivia,Percentage of women who have experienced non-partner sexual violence,"Women who have ever experienced some type of violence (psychological, physical or sexual) by their last partner, as percentage of women aged 25-49 years.",The series may present jumps due to methodological changes in the surveys (see methodological documents). Source: GenLAC (CEDLAS).
BOL2008,Not married women,BOL,ENDSA 2008,2008,6.752124309539795,5,Marital status (women),3,Bolivia,Percentage of women who have experienced non-partner sexual violence,"Women who have ever experienced some type of violence (psychological, physical or sexual) by their last partner, as percentage of women aged 25-49 years.",The series may present jumps due to methodological changes in the surveys (see methodological documents). Source: GenLAC (CEDLAS).
BOL2008,Married women,BOL,ENDSA 2008,2008,3.046379089355469,6,Marital status (women),3,Bolivia,Percentage of women who have experienced non-partner sexual violence,"Women who have ever experienced some type of violence (psychological, physical or sexual) by their last partner, as percentage of women aged 25-49 years.",The series may present jumps due to methodological changes in the surveys (see methodological documents). Source: GenLAC (CEDLAS).
BOL2008,Low skilled women,BOL,ENDSA 2008,2008,3.768201351165772,7,Qualification (women),4,Bolivia,Percentage of women who have experienced non-partner sexual violence,"Women who have ever experienced some type of violence (psychological, physical or sexual) by their last partner, as percentage of women aged 25-49 years.",The series may present jumps due to methodological changes in the surveys (see methodological documents). Source: GenLAC (CEDLAS).
BOL2008,Medium skilled women,BOL,ENDSA 2008,2008,4.871790885925293,8,Qualification (women),4,Bolivia,Percentage of women who have experienced non-partner sexual violence,"Women who have ever experienced some type of violence (psychological, physical or sexual) by their last partner, as percentage of women aged 25-49 years.",The series may present jumps due to methodological changes in the surveys (see methodological documents). Source: GenLAC (CEDLAS).
BOL2008,High skilled women,BOL,ENDSA 2008,2008,2.491102457046509,9,Qualification (women),4,Bolivia,Percentage of women who have experienced non-partner sexual violence,"Women who have ever experienced some type of violence (psychological, physical or sexual) by their last partner, as percentage of women aged 25-49 years.",The series may present jumps due to methodological changes in the surveys (see methodological documents). Source: GenLAC (CEDLAS).
COL2000,Women,COL,ENDSA 2000,2000,6.588233947753906,1,Women,1,Colombia,Percentage of women who have experienced non-partner sexual violence,"Women who have ever experienced some type of violence (psychological, physical or sexual) by their last partner, as percentage of women aged 25-49 years.",The series may present jumps due to methodological changes in the surveys (see methodological documents). Source: GenLAC (CEDLAS).
COL2000,Women without children,COL,ENDSA 2000,2000,5.661712169647217,2,Children (women),2,Colombia,Percentage of women who have experienced non-partner sexual violence,"Women who have ever experienced some type of violence (psychological, physical or sexual) by their last partner, as percentage of women aged 25-49 years.",The series may present jumps due to methodological changes in the surveys (see methodological documents). Source: GenLAC (CEDLAS).
COL2000,Women with children aged 0-5,COL,ENDSA 2000,2000,6.790493488311768,3,Children (women),2,Colombia,Percentage of women who have experienced non-partner sexual violence,"Women who have ever experienced some type of violence (psychological, physical or sexual) by their last partner, as percentage of women aged 25-49 years.",The series may present jumps due to methodological changes in the surveys (see methodological documents). Source: GenLAC (CEDLAS).
COL2000,Women with children older than 5,COL,ENDSA 2000,2000,6.682570934295654,4,Children (women),2,Colombia,Percentage of women who have experienced non-partner sexual violence,"Women who have ever experienced some type of violence (psychological, physical or sexual) by their last partner, as percentage of women aged 25-49 years.",The series may present jumps due to methodological changes in the surveys (see methodological documents). Source: GenLAC (CEDLAS).
COL2000,Not married women,COL,ENDSA 2000,2000,8.161908149719238,5,Marital status (women),3,Colombia,Percentage of women who have experienced non-partner sexual violence,"Women who have ever experienced some type of violence (psychological, physical or sexual) by their last partner, as percentage of women aged 25-49 years.",The series may present jumps due to methodological changes in the surveys (see methodological documents). Source: GenLAC (CEDLAS).
COL2000,Married women,COL,ENDSA 2000,2000,5.753456592559815,6,Marital status (women),3,Colombia,Percentage of women who have experienced non-partner sexual violence,"Women who have ever experienced some type of violence (psychological, physical or sexual) by their last partner, as percentage of women aged 25-49 years.",The series may present jumps due to methodological changes in the surveys (see methodological documents). Source: GenLAC (CEDLAS).
COL2000,Low skilled women,COL,ENDSA 2000,2000,7.116552352905273,7,Qualification (women),4,Colombia,Percentage of women who have experienced non-partner sexual violence,"Women who have ever experienced some type of violence (psychological, physical or sexual) by their last partner, as percentage of women aged 25-49 years.",The series may present jumps due to methodological changes in the surveys (see methodological documents). Source: GenLAC (CEDLAS).
COL2000,Medium skilled women,COL,ENDSA 2000,2000,6.074423789978027,8,Qualification (women),4,Colombia,Percentage of women who have experienced non-partner sexual violence,"Women who have ever experienced some type of violence (psychological, physical or sexual) by their last partner, as percentage of women aged 25-49 years.",The series may present jumps due to methodological changes in the surveys (see methodological documents). Source: GenLAC (CEDLAS).
COL2000,High skilled women,COL,ENDSA 2000,2000,3.721660614013672,9,Qualification (women),4,Colombia,Percentage of women who have experienced non-partner sexual violence,"Women who have ever experienced some type of violence (psychological, physical or sexual) by their last partner, as percentage of women aged 25-49 years.",The series may present jumps due to methodological changes in the surveys (see methodological documents). Source: GenLAC (CEDLAS).
COL2005,Women,COL,ENDSA 2005,2005,6.32492208480835,1,Women,1,Colombia,Percentage of women who have experienced non-partner sexual violence,"Women who have ever experienced some type of violence (psychological, physical or sexual) by their last partner, as percentage of women aged 25-49 years.",The series may present jumps due to methodological changes in the surveys (see methodological documents). Source: GenLAC (CEDLAS).
COL2005,Women without children,COL,ENDSA 2005,2005,5.093537330627441,2,Children (women),2,Colombia,Percentage of women who have experienced non-partner sexual violence,"Women who have ever experienced some type of violence (psychological, physical or sexual) by their last partner, as percentage of women aged 25-49 years.",The series may present jumps due to methodological changes in the surveys (see methodological documents). Source: GenLAC (CEDLAS).
COL2005,Women with children aged 0-5,COL,ENDSA 2005,2005,6.8928542137146,3,Children (women),2,Colombia,Percentage of women who have experienced non-partner sexual violence,"Women who have ever experienced some type of violence (psychological, physical or sexual) by their last partner, as percentage of women aged 25-49 years.",The series may present jumps due to methodological changes in the surveys (see methodological documents). Source: GenLAC (CEDLAS).
COL2005,Women with children older than 5,COL,ENDSA 2005,2005,6.289233684539795,4,Children (women),2,Colombia,Percentage of women who have experienced non-partner sexual violence,"Women who have ever experienced some type of violence (psychological, physical or sexual) by their last partner, as percentage of women aged 25-49 years.",The series may present jumps due to methodological changes in the surveys (see methodological documents). Source: GenLAC (CEDLAS).
COL2005,Not married women,COL,ENDSA 2005,2005,7.319736957550049,5,Marital status (women),3,Colombia,Percentage of women who have experienced non-partner sexual violence,"Women who have ever experienced some type of violence (psychological, physical or sexual) by their last partner, as percentage of women aged 25-49 years.",The series may present jumps due to methodological changes in the surveys (see methodological documents). Source: GenLAC (CEDLAS).
COL2005,Married women,COL,ENDSA 2005,2005,5.760230541229248,6,Marital status (women),3,Colombia,Percentage of women who have experienced non-partner sexual violence,"Women who have ever experienced some type of violence (psychological, physical or sexual) by their last partner, as percentage of women aged 25-49 years.",The series may present jumps due to methodological changes in the surveys (see methodological documents). Source: GenLAC (CEDLAS).
COL2005,Low skilled women,COL,ENDSA 2005,2005,7.135257720947266,7,Qualification (women),4,Colombia,Percentage of women who have experienced non-partner sexual violence,"Women who have ever experienced some type of violence (psychological, physical or sexual) by their last partner, as percentage of women aged 25-49 years.",The series may present jumps due to methodological changes in the surveys (see methodological documents). Source: GenLAC (CEDLAS).
COL2005,Medium skilled women,COL,ENDSA 2005,2005,5.572506904602051,8,Qualification (women),4,Colombia,Percentage of women who have experienced non-partner sexual violence,"Women who have ever experienced some type of violence (psychological, physical or sexual) by their last partner, as percentage of women aged 25-49 years.",The series may present jumps due to methodological changes in the surveys (see methodological documents). Source: GenLAC (CEDLAS).
COL2005,High skilled women,COL,ENDSA 2005,2005,3.66995120048523,9,Qualification (women),4,Colombia,Percentage of women who have experienced non-partner sexual violence,"Women who have ever experienced some type of violence (psychological, physical or sexual) by their last partner, as percentage of women aged 25-49 years.",The series may present jumps due to methodological changes in the surveys (see methodological documents). Source: GenLAC (CEDLAS).
COL2010,Women,COL,ENDSA 2010,2010,6.447380542755127,1,Women,1,Colombia,Percentage of women who have experienced non-partner sexual violence,"Women who have ever experienced some type of violence (psychological, physical or sexual) by their last partner, as percentage of women aged 25-49 years.",The series may present jumps due to methodological changes in the surveys (see methodological documents). Source: GenLAC (CEDLAS).
COL2010,Women without children,COL,ENDSA 2010,2010,4.787311553955078,2,Children (women),2,Colombia,Percentage of women who have experienced non-partner sexual violence,"Women who have ever experienced some type of violence (psychological, physical or sexual) by their last partner, as percentage of women aged 25-49 years.",The series may present jumps due to methodological changes in the surveys (see methodological documents). Source: GenLAC (CEDLAS).
COL2010,Women with children aged 0-5,COL,ENDSA 2010,2010,5.855016708374023,3,Children (women),2,Colombia,Percentage of women who have experienced non-partner sexual violence,"Women who have ever experienced some type of violence (psychological, physical or sexual) by their last partner, as percentage of women aged 25-49 years.",The series may present jumps due to methodological changes in the surveys (see methodological documents). Source: GenLAC (CEDLAS).
COL2010,Women with children older than 5,COL,ENDSA 2010,2010,7.122576713562012,4,Children (women),2,Colombia,Percentage of women who have experienced non-partner sexual violence,"Women who have ever experienced some type of violence (psychological, physical or sexual) by their last partner, as percentage of women aged 25-49 years.",The series may present jumps due to methodological changes in the surveys (see methodological documents). Source: GenLAC (CEDLAS).
COL2010,Not married women,COL,ENDSA 2010,2010,7.113241672515869,5,Marital status (women),3,Colombia,Percentage of women who have experienced non-partner sexual violence,"Women who have ever experienced some type of violence (psychological, physical or sexual) by their last partner, as percentage of women aged 25-49 years.",The series may present jumps due to methodological changes in the surveys (see methodological documents). Source: GenLAC (CEDLAS).
COL2010,Married women,COL,ENDSA 2010,2010,6.103065490722656,6,Marital status (women),3,Colombia,Percentage of women who have experienced non-partner sexual violence,"Women who have ever experienced some type of violence (psychological, physical or sexual) by their last partner, as percentage of women aged 25-49 years.",The series may present jumps due to methodological changes in the surveys (see methodological documents). Source: GenLAC (CEDLAS).
COL2010,Low skilled women,COL,ENDSA 2010,2010,7.983069896697998,7,Qualification (women),4,Colombia,Percentage of women who have experienced non-partner sexual violence,"Women who have ever experienced some type of violence (psychological, physical or sexual) by their last partner, as percentage of women aged 25-49 years.",The series may present jumps due to methodological changes in the surveys (see methodological documents). Source: GenLAC (CEDLAS).
COL2010,Medium skilled women,COL,ENDSA 2010,2010,5.235218048095703,8,Qualification (women),4,Colombia,Percentage of women who have experienced non-partner sexual violence,"Women who have ever experienced some type of violence (psychological, physical or sexual) by their last partner, as percentage of women aged 25-49 years.",The series may present jumps due to methodological changes in the surveys (see methodological documents). Source: GenLAC (CEDLAS).
COL2010,High skilled women,COL,ENDSA 2010,2010,3.746938943862915,9,Qualification (women),4,Colombia,Percentage of women who have experienced non-partner sexual violence,"Women who have ever experienced some type of violence (psychological, physical or sexual) by their last partner, as percentage of women aged 25-49 years.",The series may present jumps due to methodological changes in the surveys (see methodological documents). Source: GenLAC (CEDLAS).
COL2015,Women,COL,ENDSA 2015,2015,5.872424125671387,1,Women,1,Colombia,Percentage of women who have experienced non-partner sexual violence,"Women who have ever experienced some type of violence (psychological, physical or sexual) by their last partner, as percentage of women aged 25-49 years.",The series may present jumps due to methodological changes in the surveys (see methodological documents). Source: GenLAC (CEDLAS).
COL2015,Women without children,COL,ENDSA 2015,2015,4.629783153533936,2,Children (women),2,Colombia,Percentage of women who have experienced non-partner sexual violence,"Women who have ever experienced some type of violence (psychological, physical or sexual) by their last partner, as percentage of women aged 25-49 years.",The series may present jumps due to methodological changes in the surveys (see methodological documents). Source: GenLAC (CEDLAS).
COL2015,Women with children aged 0-5,COL,ENDSA 2015,2015,5.725821971893311,3,Children (women),2,Colombia,Percentage of women who have experienced non-partner sexual violence,"Women who have ever experienced some type of violence (psychological, physical or sexual) by their last partner, as percentage of women aged 25-49 years.",The series may present jumps due to methodological changes in the surveys (see methodological documents). Source: GenLAC (CEDLAS).
COL2015,Women with children older than 5,COL,ENDSA 2015,2015,6.204405784606934,4,Children (women),2,Colombia,Percentage of women who have experienced non-partner sexual violence,"Women who have ever experienced some type of violence (psychological, physical or sexual) by their last partner, as percentage of women aged 25-49 years.",The series may present jumps due to methodological changes in the surveys (see methodological documents). Source: GenLAC (CEDLAS).
COL2015,Not married women,COL,ENDSA 2015,2015,6.508296966552734,5,Marital status (women),3,Colombia,Percentage of women who have experienced non-partner sexual violence,"Women who have ever experienced some type of violence (psychological, physical or sexual) by their last partner, as percentage of women aged 25-49 years.",The series may present jumps due to methodological changes in the surveys (see methodological documents). Source: GenLAC (CEDLAS).
COL2015,Married women,COL,ENDSA 2015,2015,5.552585601806641,6,Marital status (women),3,Colombia,Percentage of women who have experienced non-partner sexual violence,"Women who have ever experienced some type of violence (psychological, physical or sexual) by their last partner, as percentage of women aged 25-49 years.",The series may present jumps due to methodological changes in the surveys (see methodological documents). Source: GenLAC (CEDLAS).
COL2015,Low skilled women,COL,ENDSA 2015,2015,6.917972564697266,7,Qualification (women),4,Colombia,Percentage of women who have experienced non-partner sexual violence,"Women who have ever experienced some type of violence (psychological, physical or sexual) by their last partner, as percentage of women aged 25-49 years.",The series may present jumps due to methodological changes in the surveys (see methodological documents). Source: GenLAC (CEDLAS).
COL2015,Medium skilled women,COL,ENDSA 2015,2015,5.64763355255127,8,Qualification (women),4,Colombia,Percentage of women who have experienced non-partner sexual violence,"Women who have ever experienced some type of violence (psychological, physical or sexual) by their last partner, as percentage of women aged 25-49 years.",The series may present jumps due to methodological changes in the surveys (see methodological documents). Source: GenLAC (CEDLAS).
COL2015,High skilled women,COL,ENDSA 2015,2015,3.213921546936035,9,Qualification (women),4,Colombia,Percentage of women who have experienced non-partner sexual violence,"Women who have ever experienced some type of violence (psychological, physical or sexual) by their last partner, as percentage of women aged 25-49 years.",The series may present jumps due to methodological changes in the surveys (see methodological documents). Source: GenLAC (CEDLAS).
DOM2007,Women,DOM,ENDESA 2007,2007,4.296404361724854,1,Women,1,Dominican republic,Percentage of women who have experienced non-partner sexual violence,"Women who have ever experienced some type of violence (psychological, physical or sexual) by their last partner, as percentage of women aged 25-49 years.",The series may present jumps due to methodological changes in the surveys (see methodological documents). Source: GenLAC (CEDLAS).
DOM2007,Women without children,DOM,ENDESA 2007,2007,1.545940518379211,2,Children (women),2,Dominican republic,Percentage of women who have experienced non-partner sexual violence,"Women who have ever experienced some type of violence (psychological, physical or sexual) by their last partner, as percentage of women aged 25-49 years.",The series may present jumps due to methodological changes in the surveys (see methodological documents). Source: GenLAC (CEDLAS).
DOM2007,Women with children aged 0-5,DOM,ENDESA 2007,2007,4.872882843017578,3,Children (women),2,Dominican republic,Percentage of women who have experienced non-partner sexual violence,"Women who have ever experienced some type of violence (psychological, physical or sexual) by their last partner, as percentage of women aged 25-49 years.",The series may present jumps due to methodological changes in the surveys (see methodological documents). Source: GenLAC (CEDLAS).
DOM2007,Women with children older than 5,DOM,ENDESA 2007,2007,4.199678421020508,4,Children (women),2,Dominican republic,Percentage of women who have experienced non-partner sexual violence,"Women who have ever experienced some type of violence (psychological, physical or sexual) by their last partner, as percentage of women aged 25-49 years.",The series may present jumps due to methodological changes in the surveys (see methodological documents). Source: GenLAC (CEDLAS).
DOM2007,Not married women,DOM,ENDESA 2007,2007,5.286570549011231,5,Marital status (women),3,Dominican republic,Percentage of women who have experienced non-partner sexual violence,"Women who have ever experienced some type of violence (psychological, physical or sexual) by their last partner, as percentage of women aged 25-49 years.",The series may present jumps due to methodological changes in the surveys (see methodological documents). Source: GenLAC (CEDLAS).
DOM2007,Married women,DOM,ENDESA 2007,2007,3.98253345489502,6,Marital status (women),3,Dominican republic,Percentage of women who have experienced non-partner sexual violence,"Women who have ever experienced some type of violence (psychological, physical or sexual) by their last partner, as percentage of women aged 25-49 years.",The series may present jumps due to methodological changes in the surveys (see methodological documents). Source: GenLAC (CEDLAS).
DOM2007,Low skilled women,DOM,ENDESA 2007,2007,4.254000663757324,7,Qualification (women),4,Dominican republic,Percentage of women who have experienced non-partner sexual violence,"Women who have ever experienced some type of violence (psychological, physical or sexual) by their last partner, as percentage of women aged 25-49 years.",The series may present jumps due to methodological changes in the surveys (see methodological documents). Source: GenLAC (CEDLAS).
DOM2007,Medium skilled women,DOM,ENDESA 2007,2007,5.233324527740479,8,Qualification (women),4,Dominican republic,Percentage of women who have experienced non-partner sexual violence,"Women who have ever experienced some type of violence (psychological, physical or sexual) by their last partner, as percentage of women aged 25-49 years.",The series may present jumps due to methodological changes in the surveys (see methodological documents). Source: GenLAC (CEDLAS).
DOM2007,High skilled women,DOM,ENDESA 2007,2007,2.537402629852295,9,Qualification (women),4,Dominican republic,Percentage of women who have experienced non-partner sexual violence,"Women who have ever experienced some type of violence (psychological, physical or sexual) by their last partner, as percentage of women aged 25-49 years.",The series may present jumps due to methodological changes in the surveys (see methodological documents). Source: GenLAC (CEDLAS).
DOM2013,Women,DOM,ENDESA 2013,2013,4.852674007415772,1,Women,1,Dominican republic,Percentage of women who have experienced non-partner sexual violence,"Women who have ever experienced some type of violence (psychological, physical or sexual) by their last partner, as percentage of women aged 25-49 years.",The series may present jumps due to methodological changes in the surveys (see methodological documents). Source: GenLAC (CEDLAS).
DOM2013,Women without children,DOM,ENDESA 2013,2013,3.830590963363648,2,Children (women),2,Dominican republic,Percentage of women who have experienced non-partner sexual violence,"Women who have ever experienced some type of violence (psychological, physical or sexual) by their last partner, as percentage of women aged 25-49 years.",The series may present jumps due to methodological changes in the surveys (see methodological documents). Source: GenLAC (CEDLAS).
DOM2013,Women with children aged 0-5,DOM,ENDESA 2013,2013,4.875643730163574,3,Children (women),2,Dominican republic,Percentage of women who have experienced non-partner sexual violence,"Women who have ever experienced some type of violence (psychological, physical or sexual) by their last partner, as percentage of women aged 25-49 years.",The series may present jumps due to methodological changes in the surveys (see methodological documents). Source: GenLAC (CEDLAS).
DOM2013,Women with children older than 5,DOM,ENDESA 2013,2013,5.003043651580811,4,Children (women),2,Dominican republic,Percentage of women who have experienced non-partner sexual violence,"Women who have ever experienced some type of violence (psychological, physical or sexual) by their last partner, as percentage of women aged 25-49 years.",The series may present jumps due to methodological changes in the surveys (see methodological documents). Source: GenLAC (CEDLAS).
DOM2013,Not married women,DOM,ENDESA 2013,2013,5.372203826904297,5,Marital status (women),3,Dominican republic,Percentage of women who have experienced non-partner sexual violence,"Women who have ever experienced some type of violence (psychological, physical or sexual) by their last partner, as percentage of women aged 25-49 years.",The series may present jumps due to methodological changes in the surveys (see methodological documents). Source: GenLAC (CEDLAS).
DOM2013,Married women,DOM,ENDESA 2013,2013,4.618048667907715,6,Marital status (women),3,Dominican republic,Percentage of women who have experienced non-partner sexual violence,"Women who have ever experienced some type of violence (psychological, physical or sexual) by their last partner, as percentage of women aged 25-49 years.",The series may present jumps due to methodological changes in the surveys (see methodological documents). Source: GenLAC (CEDLAS).
DOM2013,Low skilled women,DOM,ENDESA 2013,2013,6.069852828979492,7,Qualification (women),4,Dominican republic,Percentage of women who have experienced non-partner sexual violence,"Women who have ever experienced some type of violence (psychological, physical or sexual) by their last partner, as percentage of women aged 25-49 years.",The series may present jumps due to methodological changes in the surveys (see methodological documents). Source: GenLAC (CEDLAS).
DOM2013,Medium skilled women,DOM,ENDESA 2013,2013,4.370743751525879,8,Qualification (women),4,Dominican republic,Percentage of women who have experienced non-partner sexual violence,"Women who have ever experienced some type of violence (psychological, physical or sexual) by their last partner, as percentage of women aged 25-49 years.",The series may present jumps due to methodological changes in the surveys (see methodological documents). Source: GenLAC (CEDLAS).
DOM2013,High skilled women,DOM,ENDESA 2013,2013,1.751691579818726,9,Qualification (women),4,Dominican republic,Percentage of women who have experienced non-partner sexual violence,"Women who have ever experienced some type of violence (psychological, physical or sexual) by their last partner, as percentage of women aged 25-49 years.",The series may present jumps due to methodological changes in the surveys (see methodological documents). Source: GenLAC (CEDLAS).
GTM2014,Women,GTM,ENSMI 2014-15,2014,5.757368087768555,1,Women,1,Guatemala,Percentage of women who have experienced non-partner sexual violence,"Women who have ever experienced some type of violence (psychological, physical or sexual) by their last partner, as percentage of women aged 25-49 years.",The series may present jumps due to methodological changes in the surveys (see methodological documents). Source: GenLAC (CEDLAS).
GTM2014,Women without children,GTM,ENSMI 2014-15,2014,4.158703804016113,2,Children (women),2,Guatemala,Percentage of women who have experienced non-partner sexual violence,"Women who have ever experienced some type of violence (psychological, physical or sexual) by their last partner, as percentage of women aged 25-49 years.",The series may present jumps due to methodological changes in the surveys (see methodological documents). Source: GenLAC (CEDLAS).
GTM2014,Women with children aged 0-5,GTM,ENSMI 2014-15,2014,4.990924835205078,3,Children (women),2,Guatemala,Percentage of women who have experienced non-partner sexual violence,"Women who have ever experienced some type of violence (psychological, physical or sexual) by their last partner, as percentage of women aged 25-49 years.",The series may present jumps due to methodological changes in the surveys (see methodological documents). Source: GenLAC (CEDLAS).
GTM2014,Women with children older than 5,GTM,ENSMI 2014-15,2014,7.045252799987793,4,Children (women),2,Guatemala,Percentage of women who have experienced non-partner sexual violence,"Women who have ever experienced some type of violence (psychological, physical or sexual) by their last partner, as percentage of women aged 25-49 years.",The series may present jumps due to methodological changes in the surveys (see methodological documents). Source: GenLAC (CEDLAS).
GTM2014,Not married women,GTM,ENSMI 2014-15,2014,7.894773006439209,5,Marital status (women),3,Guatemala,Percentage of women who have experienced non-partner sexual violence,"Women who have ever experienced some type of violence (psychological, physical or sexual) by their last partner, as percentage of women aged 25-49 years.",The series may present jumps due to methodological changes in the surveys (see methodological documents). Source: GenLAC (CEDLAS).
GTM2014,Married women,GTM,ENSMI 2014-15,2014,5.167726516723633,6,Marital status (women),3,Guatemala,Percentage of women who have experienced non-partner sexual violence,"Women who have ever experienced some type of violence (psychological, physical or sexual) by their last partner, as percentage of women aged 25-49 years.",The series may present jumps due to methodological changes in the surveys (see methodological documents). Source: GenLAC (CEDLAS).
GTM2014,Low skilled women,GTM,ENSMI 2014-15,2014,5.731093883514404,7,Qualification (women),4,Guatemala,Percentage of women who have experienced non-partner sexual violence,"Women who have ever experienced some type of violence (psychological, physical or sexual) by their last partner, as percentage of women aged 25-49 years.",The series may present jumps due to methodological changes in the surveys (see methodological documents). Source: GenLAC (CEDLAS).
GTM2014,Medium skilled women,GTM,ENSMI 2014-15,2014,5.843107223510742,8,Qualification (women),4,Guatemala,Percentage of women who have experienced non-partner sexual violence,"Women who have ever experienced some type of violence (psychological, physical or sexual) by their last partner, as percentage of women aged 25-49 years.",The series may present jumps due to methodological changes in the surveys (see methodological documents). Source: GenLAC (CEDLAS).
GTM2014,High skilled women,GTM,ENSMI 2014-15,2014,6.038204193115234,9,Qualification (women),4,Guatemala,Percentage of women who have experienced non-partner sexual violence,"Women who have ever experienced some type of violence (psychological, physical or sexual) by their last partner, as percentage of women aged 25-49 years.",The series may present jumps due to methodological changes in the surveys (see methodological documents). Source: GenLAC (CEDLAS).
HND2005,Women,HND,ENDSA 2005,2005,9.607065200805664,1,Women,1,Honduras,Percentage of women who have experienced non-partner sexual violence,"Women who have ever experienced some type of violence (psychological, physical or sexual) by their last partner, as percentage of women aged 25-49 years.",The series may present jumps due to methodological changes in the surveys (see methodological documents). Source: GenLAC (CEDLAS).
HND2005,Women without children,HND,ENDSA 2005,2005,5.871177196502686,2,Children (women),2,Honduras,Percentage of women who have experienced non-partner sexual violence,"Women who have ever experienced some type of violence (psychological, physical or sexual) by their last partner, as percentage of women aged 25-49 years.",The series may present jumps due to methodological changes in the surveys (see methodological documents). Source: GenLAC (CEDLAS).
HND2005,Women with children aged 0-5,HND,ENDSA 2005,2005,8.936394691467285,3,Children (women),2,Honduras,Percentage of women who have experienced non-partner sexual violence,"Women who have ever experienced some type of violence (psychological, physical or sexual) by their last partner, as percentage of women aged 25-49 years.",The series may present jumps due to methodological changes in the surveys (see methodological documents). Source: GenLAC (CEDLAS).
HND2005,Women with children older than 5,HND,ENDSA 2005,2005,10.97999858856201,4,Children (women),2,Honduras,Percentage of women who have experienced non-partner sexual violence,"Women who have ever experienced some type of violence (psychological, physical or sexual) by their last partner, as percentage of women aged 25-49 years.",The series may present jumps due to methodological changes in the surveys (see methodological documents). Source: GenLAC (CEDLAS).
HND2005,Not married women,HND,ENDSA 2005,2005,11.25453948974609,5,Marital status (women),3,Honduras,Percentage of women who have experienced non-partner sexual violence,"Women who have ever experienced some type of violence (psychological, physical or sexual) by their last partner, as percentage of women aged 25-49 years.",The series may present jumps due to methodological changes in the surveys (see methodological documents). Source: GenLAC (CEDLAS).
HND2005,Married women,HND,ENDSA 2005,2005,9.029433250427246,6,Marital status (women),3,Honduras,Percentage of women who have experienced non-partner sexual violence,"Women who have ever experienced some type of violence (psychological, physical or sexual) by their last partner, as percentage of women aged 25-49 years.",The series may present jumps due to methodological changes in the surveys (see methodological documents). Source: GenLAC (CEDLAS).
HND2005,Low skilled women,HND,ENDSA 2005,2005,10.2399263381958,7,Qualification (women),4,Honduras,Percentage of women who have experienced non-partner sexual violence,"Women who have ever experienced some type of violence (psychological, physical or sexual) by their last partner, as percentage of women aged 25-49 years.",The series may present jumps due to methodological changes in the surveys (see methodological documents). Source: GenLAC (CEDLAS).
HND2005,Medium skilled women,HND,ENDSA 2005,2005,6.890017032623291,8,Qualification (women),4,Honduras,Percentage of women who have experienced non-partner sexual violence,"Women who have ever experienced some type of violence (psychological, physical or sexual) by their last partner, as percentage of women aged 25-49 years.",The series may present jumps due to methodological changes in the surveys (see methodological documents). Source: GenLAC (CEDLAS).
HND2005,High skilled women,HND,ENDSA 2005,2005,4.864943504333496,9,Qualification (women),4,Honduras,Percentage of women who have experienced non-partner sexual violence,"Women who have ever experienced some type of violence (psychological, physical or sexual) by their last partner, as percentage of women aged 25-49 years.",The series may present jumps due to methodological changes in the surveys (see methodological documents). Source: GenLAC (CEDLAS).
HND2011,Women,HND,ENDSA 2011,2011,6.348719120025635,1,Women,1,Honduras,Percentage of women who have experienced non-partner sexual violence,"Women who have ever experienced some type of violence (psychological, physical or sexual) by their last partner, as percentage of women aged 25-49 years.",The series may present jumps due to methodological changes in the surveys (see methodological documents). Source: GenLAC (CEDLAS).
HND2011,Women without children,HND,ENDSA 2011,2011,4.123775959014893,2,Children (women),2,Honduras,Percentage of women who have experienced non-partner sexual violence,"Women who have ever experienced some type of violence (psychological, physical or sexual) by their last partner, as percentage of women aged 25-49 years.",The series may present jumps due to methodological changes in the surveys (see methodological documents). Source: GenLAC (CEDLAS).
HND2011,Women with children aged 0-5,HND,ENDSA 2011,2011,6.380890846252441,3,Children (women),2,Honduras,Percentage of women who have experienced non-partner sexual violence,"Women who have ever experienced some type of violence (psychological, physical or sexual) by their last partner, as percentage of women aged 25-49 years.",The series may present jumps due to methodological changes in the surveys (see methodological documents). Source: GenLAC (CEDLAS).
HND2011,Women with children older than 5,HND,ENDSA 2011,2011,6.744898796081543,4,Children (women),2,Honduras,Percentage of women who have experienced non-partner sexual violence,"Women who have ever experienced some type of violence (psychological, physical or sexual) by their last partner, as percentage of women aged 25-49 years.",The series may present jumps due to methodological changes in the surveys (see methodological documents). Source: GenLAC (CEDLAS).
HND2011,Not married women,HND,ENDSA 2011,2011,7.524364948272705,5,Marital status (women),3,Honduras,Percentage of women who have experienced non-partner sexual violence,"Women who have ever experienced some type of violence (psychological, physical or sexual) by their last partner, as percentage of women aged 25-49 years.",The series may present jumps due to methodological changes in the surveys (see methodological documents). Source: GenLAC (CEDLAS).
HND2011,Married women,HND,ENDSA 2011,2011,5.945486068725586,6,Marital status (women),3,Honduras,Percentage of women who have experienced non-partner sexual violence,"Women who have ever experienced some type of violence (psychological, physical or sexual) by their last partner, as percentage of women aged 25-49 years.",The series may present jumps due to methodological changes in the surveys (see methodological documents). Source: GenLAC (CEDLAS).
HND2011,Low skilled women,HND,ENDSA 2011,2011,6.828427791595459,7,Qualification (women),4,Honduras,Percentage of women who have experienced non-partner sexual violence,"Women who have ever experienced some type of violence (psychological, physical or sexual) by their last partner, as percentage of women aged 25-49 years.",The series may present jumps due to methodological changes in the surveys (see methodological documents). Source: GenLAC (CEDLAS).
HND2011,Medium skilled women,HND,ENDSA 2011,2011,4.802223682403565,8,Qualification (women),4,Honduras,Percentage of women who have experienced non-partner sexual violence,"Women who have ever experienced some type of violence (psychological, physical or sexual) by their last partner, as percentage of women aged 25-49 years.",The series may present jumps due to methodological changes in the surveys (see methodological documents). Source: GenLAC (CEDLAS).
HND2011,High skilled women,HND,ENDSA 2011,2011,3.517429113388062,9,Qualification (women),4,Honduras,Percentage of women who have experienced non-partner sexual violence,"Women who have ever experienced some type of violence (psychological, physical or sexual) by their last partner, as percentage of women aged 25-49 years.",The series may present jumps due to methodological changes in the surveys (see methodological documents). Source: GenLAC (CEDLAS).
