id_paisano,desagregacion,pais_cod,encuesta,ano,valor,desagregacion_por_orden,variable_orden,comparacion_por,comparacion_por_orden,pais,indicador,detalle_indicador,disclaimer
BOL2003,Mujeres,BOL,ENDSA 2003,2003,22.15468597412109,1,1,Mujeres,1,Bolivia,Porcentaje de mujeres que piensan que está justificado que los maridos golpeen a sus esposas en algunas situaciones,Porcentaje de mujeres de 25 a 49 años que piensan que está justificado que los maridos golpeen a sus esposas en algunas situaciones,Las series pueden presentar saltos por cambios metodológicos en las encuestas (ver <a href='https://genlac.econo.unlp.edu.ar/wp-content/uploads/2024/12/Cambios_metodolo%CC%81gicos_base_GenLAC_2024-12.xlsx'>documentos metodológicos</a>). Fuente: GenLAC (CEDLAS).
BOL2003,Mujeres solteras,BOL,ENDSA 2003,2003,19.81796646118164,2,2,Situación conyugal (mujeres),3,Bolivia,Porcentaje de mujeres que piensan que está justificado que los maridos golpeen a sus esposas en algunas situaciones,Porcentaje de mujeres de 25 a 49 años que piensan que está justificado que los maridos golpeen a sus esposas en algunas situaciones,Las series pueden presentar saltos por cambios metodológicos en las encuestas (ver <a href='https://genlac.econo.unlp.edu.ar/wp-content/uploads/2024/12/Cambios_metodolo%CC%81gicos_base_GenLAC_2024-12.xlsx'>documentos metodológicos</a>). Fuente: GenLAC (CEDLAS).
BOL2003,Mujeres en pareja,BOL,ENDSA 2003,2003,22.7376880645752,3,3,Situación conyugal (mujeres),3,Bolivia,Porcentaje de mujeres que piensan que está justificado que los maridos golpeen a sus esposas en algunas situaciones,Porcentaje de mujeres de 25 a 49 años que piensan que está justificado que los maridos golpeen a sus esposas en algunas situaciones,Las series pueden presentar saltos por cambios metodológicos en las encuestas (ver <a href='https://genlac.econo.unlp.edu.ar/wp-content/uploads/2024/12/Cambios_metodolo%CC%81gicos_base_GenLAC_2024-12.xlsx'>documentos metodológicos</a>). Fuente: GenLAC (CEDLAS).
BOL2003,Mujeres de baja calificación,BOL,ENDSA 2003,2003,26.43307113647461,4,4,Calificación (mujeres),4,Bolivia,Porcentaje de mujeres que piensan que está justificado que los maridos golpeen a sus esposas en algunas situaciones,Porcentaje de mujeres de 25 a 49 años que piensan que está justificado que los maridos golpeen a sus esposas en algunas situaciones,Las series pueden presentar saltos por cambios metodológicos en las encuestas (ver <a href='https://genlac.econo.unlp.edu.ar/wp-content/uploads/2024/12/Cambios_metodolo%CC%81gicos_base_GenLAC_2024-12.xlsx'>documentos metodológicos</a>). Fuente: GenLAC (CEDLAS).
BOL2003,Mujeres de media calificación,BOL,ENDSA 2003,2003,14.10534286499023,5,5,Calificación (mujeres),4,Bolivia,Porcentaje de mujeres que piensan que está justificado que los maridos golpeen a sus esposas en algunas situaciones,Porcentaje de mujeres de 25 a 49 años que piensan que está justificado que los maridos golpeen a sus esposas en algunas situaciones,Las series pueden presentar saltos por cambios metodológicos en las encuestas (ver <a href='https://genlac.econo.unlp.edu.ar/wp-content/uploads/2024/12/Cambios_metodolo%CC%81gicos_base_GenLAC_2024-12.xlsx'>documentos metodológicos</a>). Fuente: GenLAC (CEDLAS).
BOL2003,Mujeres de alta calificación,BOL,ENDSA 2003,2003,6.841419219970703,6,6,Calificación (mujeres),4,Bolivia,Porcentaje de mujeres que piensan que está justificado que los maridos golpeen a sus esposas en algunas situaciones,Porcentaje de mujeres de 25 a 49 años que piensan que está justificado que los maridos golpeen a sus esposas en algunas situaciones,Las series pueden presentar saltos por cambios metodológicos en las encuestas (ver <a href='https://genlac.econo.unlp.edu.ar/wp-content/uploads/2024/12/Cambios_metodolo%CC%81gicos_base_GenLAC_2024-12.xlsx'>documentos metodológicos</a>). Fuente: GenLAC (CEDLAS).
BOL2008,Mujeres,BOL,ENDSA 2008,2008,16.83670616149902,1,1,Mujeres,1,Bolivia,Porcentaje de mujeres que piensan que está justificado que los maridos golpeen a sus esposas en algunas situaciones,Porcentaje de mujeres de 25 a 49 años que piensan que está justificado que los maridos golpeen a sus esposas en algunas situaciones,Las series pueden presentar saltos por cambios metodológicos en las encuestas (ver <a href='https://genlac.econo.unlp.edu.ar/wp-content/uploads/2024/12/Cambios_metodolo%CC%81gicos_base_GenLAC_2024-12.xlsx'>documentos metodológicos</a>). Fuente: GenLAC (CEDLAS).
BOL2008,Mujeres solteras,BOL,ENDSA 2008,2008,14.70479011535645,2,2,Situación conyugal (mujeres),3,Bolivia,Porcentaje de mujeres que piensan que está justificado que los maridos golpeen a sus esposas en algunas situaciones,Porcentaje de mujeres de 25 a 49 años que piensan que está justificado que los maridos golpeen a sus esposas en algunas situaciones,Las series pueden presentar saltos por cambios metodológicos en las encuestas (ver <a href='https://genlac.econo.unlp.edu.ar/wp-content/uploads/2024/12/Cambios_metodolo%CC%81gicos_base_GenLAC_2024-12.xlsx'>documentos metodológicos</a>). Fuente: GenLAC (CEDLAS).
BOL2008,Mujeres en pareja,BOL,ENDSA 2008,2008,17.40639495849609,3,3,Situación conyugal (mujeres),3,Bolivia,Porcentaje de mujeres que piensan que está justificado que los maridos golpeen a sus esposas en algunas situaciones,Porcentaje de mujeres de 25 a 49 años que piensan que está justificado que los maridos golpeen a sus esposas en algunas situaciones,Las series pueden presentar saltos por cambios metodológicos en las encuestas (ver <a href='https://genlac.econo.unlp.edu.ar/wp-content/uploads/2024/12/Cambios_metodolo%CC%81gicos_base_GenLAC_2024-12.xlsx'>documentos metodológicos</a>). Fuente: GenLAC (CEDLAS).
BOL2008,Mujeres de baja calificación,BOL,ENDSA 2008,2008,21.60401916503906,4,4,Calificación (mujeres),4,Bolivia,Porcentaje de mujeres que piensan que está justificado que los maridos golpeen a sus esposas en algunas situaciones,Porcentaje de mujeres de 25 a 49 años que piensan que está justificado que los maridos golpeen a sus esposas en algunas situaciones,Las series pueden presentar saltos por cambios metodológicos en las encuestas (ver <a href='https://genlac.econo.unlp.edu.ar/wp-content/uploads/2024/12/Cambios_metodolo%CC%81gicos_base_GenLAC_2024-12.xlsx'>documentos metodológicos</a>). Fuente: GenLAC (CEDLAS).
BOL2008,Mujeres de media calificación,BOL,ENDSA 2008,2008,9.76220703125,5,5,Calificación (mujeres),4,Bolivia,Porcentaje de mujeres que piensan que está justificado que los maridos golpeen a sus esposas en algunas situaciones,Porcentaje de mujeres de 25 a 49 años que piensan que está justificado que los maridos golpeen a sus esposas en algunas situaciones,Las series pueden presentar saltos por cambios metodológicos en las encuestas (ver <a href='https://genlac.econo.unlp.edu.ar/wp-content/uploads/2024/12/Cambios_metodolo%CC%81gicos_base_GenLAC_2024-12.xlsx'>documentos metodológicos</a>). Fuente: GenLAC (CEDLAS).
BOL2008,Mujeres de alta calificación,BOL,ENDSA 2008,2008,5.379656791687012,6,6,Calificación (mujeres),4,Bolivia,Porcentaje de mujeres que piensan que está justificado que los maridos golpeen a sus esposas en algunas situaciones,Porcentaje de mujeres de 25 a 49 años que piensan que está justificado que los maridos golpeen a sus esposas en algunas situaciones,Las series pueden presentar saltos por cambios metodológicos en las encuestas (ver <a href='https://genlac.econo.unlp.edu.ar/wp-content/uploads/2024/12/Cambios_metodolo%CC%81gicos_base_GenLAC_2024-12.xlsx'>documentos metodológicos</a>). Fuente: GenLAC (CEDLAS).
COL2010,Mujeres,COL,ENDSA 2010,2010,2.209218502044678,1,1,Mujeres,1,Colombia,Porcentaje de mujeres que piensan que está justificado que los maridos golpeen a sus esposas en algunas situaciones,Porcentaje de mujeres de 25 a 49 años que piensan que está justificado que los maridos golpeen a sus esposas en algunas situaciones,Las series pueden presentar saltos por cambios metodológicos en las encuestas (ver <a href='https://genlac.econo.unlp.edu.ar/wp-content/uploads/2024/12/Cambios_metodolo%CC%81gicos_base_GenLAC_2024-12.xlsx'>documentos metodológicos</a>). Fuente: GenLAC (CEDLAS).
COL2010,Mujeres solteras,COL,ENDSA 2010,2010,2.15980076789856,2,2,Situación conyugal (mujeres),3,Colombia,Porcentaje de mujeres que piensan que está justificado que los maridos golpeen a sus esposas en algunas situaciones,Porcentaje de mujeres de 25 a 49 años que piensan que está justificado que los maridos golpeen a sus esposas en algunas situaciones,Las series pueden presentar saltos por cambios metodológicos en las encuestas (ver <a href='https://genlac.econo.unlp.edu.ar/wp-content/uploads/2024/12/Cambios_metodolo%CC%81gicos_base_GenLAC_2024-12.xlsx'>documentos metodológicos</a>). Fuente: GenLAC (CEDLAS).
COL2010,Mujeres en pareja,COL,ENDSA 2010,2010,2.234539985656738,3,3,Situación conyugal (mujeres),3,Colombia,Porcentaje de mujeres que piensan que está justificado que los maridos golpeen a sus esposas en algunas situaciones,Porcentaje de mujeres de 25 a 49 años que piensan que está justificado que los maridos golpeen a sus esposas en algunas situaciones,Las series pueden presentar saltos por cambios metodológicos en las encuestas (ver <a href='https://genlac.econo.unlp.edu.ar/wp-content/uploads/2024/12/Cambios_metodolo%CC%81gicos_base_GenLAC_2024-12.xlsx'>documentos metodológicos</a>). Fuente: GenLAC (CEDLAS).
COL2010,Mujeres de baja calificación,COL,ENDSA 2010,2010,3.512412071228027,4,4,Calificación (mujeres),4,Colombia,Porcentaje de mujeres que piensan que está justificado que los maridos golpeen a sus esposas en algunas situaciones,Porcentaje de mujeres de 25 a 49 años que piensan que está justificado que los maridos golpeen a sus esposas en algunas situaciones,Las series pueden presentar saltos por cambios metodológicos en las encuestas (ver <a href='https://genlac.econo.unlp.edu.ar/wp-content/uploads/2024/12/Cambios_metodolo%CC%81gicos_base_GenLAC_2024-12.xlsx'>documentos metodológicos</a>). Fuente: GenLAC (CEDLAS).
COL2010,Mujeres de media calificación,COL,ENDSA 2010,2010,1.046981692314148,5,5,Calificación (mujeres),4,Colombia,Porcentaje de mujeres que piensan que está justificado que los maridos golpeen a sus esposas en algunas situaciones,Porcentaje de mujeres de 25 a 49 años que piensan que está justificado que los maridos golpeen a sus esposas en algunas situaciones,Las series pueden presentar saltos por cambios metodológicos en las encuestas (ver <a href='https://genlac.econo.unlp.edu.ar/wp-content/uploads/2024/12/Cambios_metodolo%CC%81gicos_base_GenLAC_2024-12.xlsx'>documentos metodológicos</a>). Fuente: GenLAC (CEDLAS).
COL2010,Mujeres de alta calificación,COL,ENDSA 2010,2010,.4625109434127808,6,6,Calificación (mujeres),4,Colombia,Porcentaje de mujeres que piensan que está justificado que los maridos golpeen a sus esposas en algunas situaciones,Porcentaje de mujeres de 25 a 49 años que piensan que está justificado que los maridos golpeen a sus esposas en algunas situaciones,Las series pueden presentar saltos por cambios metodológicos en las encuestas (ver <a href='https://genlac.econo.unlp.edu.ar/wp-content/uploads/2024/12/Cambios_metodolo%CC%81gicos_base_GenLAC_2024-12.xlsx'>documentos metodológicos</a>). Fuente: GenLAC (CEDLAS).
COL2015,Mujeres,COL,ENDSA 2015,2015,3.153276920318604,1,1,Mujeres,1,Colombia,Porcentaje de mujeres que piensan que está justificado que los maridos golpeen a sus esposas en algunas situaciones,Porcentaje de mujeres de 25 a 49 años que piensan que está justificado que los maridos golpeen a sus esposas en algunas situaciones,Las series pueden presentar saltos por cambios metodológicos en las encuestas (ver <a href='https://genlac.econo.unlp.edu.ar/wp-content/uploads/2024/12/Cambios_metodolo%CC%81gicos_base_GenLAC_2024-12.xlsx'>documentos metodológicos</a>). Fuente: GenLAC (CEDLAS).
COL2015,Mujeres solteras,COL,ENDSA 2015,2015,2.990997314453125,2,2,Situación conyugal (mujeres),3,Colombia,Porcentaje de mujeres que piensan que está justificado que los maridos golpeen a sus esposas en algunas situaciones,Porcentaje de mujeres de 25 a 49 años que piensan que está justificado que los maridos golpeen a sus esposas en algunas situaciones,Las series pueden presentar saltos por cambios metodológicos en las encuestas (ver <a href='https://genlac.econo.unlp.edu.ar/wp-content/uploads/2024/12/Cambios_metodolo%CC%81gicos_base_GenLAC_2024-12.xlsx'>documentos metodológicos</a>). Fuente: GenLAC (CEDLAS).
COL2015,Mujeres en pareja,COL,ENDSA 2015,2015,3.238588571548462,3,3,Situación conyugal (mujeres),3,Colombia,Porcentaje de mujeres que piensan que está justificado que los maridos golpeen a sus esposas en algunas situaciones,Porcentaje de mujeres de 25 a 49 años que piensan que está justificado que los maridos golpeen a sus esposas en algunas situaciones,Las series pueden presentar saltos por cambios metodológicos en las encuestas (ver <a href='https://genlac.econo.unlp.edu.ar/wp-content/uploads/2024/12/Cambios_metodolo%CC%81gicos_base_GenLAC_2024-12.xlsx'>documentos metodológicos</a>). Fuente: GenLAC (CEDLAS).
COL2015,Mujeres de baja calificación,COL,ENDSA 2015,2015,5.129520416259766,4,4,Calificación (mujeres),4,Colombia,Porcentaje de mujeres que piensan que está justificado que los maridos golpeen a sus esposas en algunas situaciones,Porcentaje de mujeres de 25 a 49 años que piensan que está justificado que los maridos golpeen a sus esposas en algunas situaciones,Las series pueden presentar saltos por cambios metodológicos en las encuestas (ver <a href='https://genlac.econo.unlp.edu.ar/wp-content/uploads/2024/12/Cambios_metodolo%CC%81gicos_base_GenLAC_2024-12.xlsx'>documentos metodológicos</a>). Fuente: GenLAC (CEDLAS).
COL2015,Mujeres de media calificación,COL,ENDSA 2015,2015,2.047291040420532,5,5,Calificación (mujeres),4,Colombia,Porcentaje de mujeres que piensan que está justificado que los maridos golpeen a sus esposas en algunas situaciones,Porcentaje de mujeres de 25 a 49 años que piensan que está justificado que los maridos golpeen a sus esposas en algunas situaciones,Las series pueden presentar saltos por cambios metodológicos en las encuestas (ver <a href='https://genlac.econo.unlp.edu.ar/wp-content/uploads/2024/12/Cambios_metodolo%CC%81gicos_base_GenLAC_2024-12.xlsx'>documentos metodológicos</a>). Fuente: GenLAC (CEDLAS).
COL2015,Mujeres de alta calificación,COL,ENDSA 2015,2015,1.468166351318359,6,6,Calificación (mujeres),4,Colombia,Porcentaje de mujeres que piensan que está justificado que los maridos golpeen a sus esposas en algunas situaciones,Porcentaje de mujeres de 25 a 49 años que piensan que está justificado que los maridos golpeen a sus esposas en algunas situaciones,Las series pueden presentar saltos por cambios metodológicos en las encuestas (ver <a href='https://genlac.econo.unlp.edu.ar/wp-content/uploads/2024/12/Cambios_metodolo%CC%81gicos_base_GenLAC_2024-12.xlsx'>documentos metodológicos</a>). Fuente: GenLAC (CEDLAS).
GTM2014,Mujeres,GTM,ENSMI 2014-15,2014,10.55358695983887,1,1,Mujeres,1,Guatemala,Porcentaje de mujeres que piensan que está justificado que los maridos golpeen a sus esposas en algunas situaciones,Porcentaje de mujeres de 25 a 49 años que piensan que está justificado que los maridos golpeen a sus esposas en algunas situaciones,Las series pueden presentar saltos por cambios metodológicos en las encuestas (ver <a href='https://genlac.econo.unlp.edu.ar/wp-content/uploads/2024/12/Cambios_metodolo%CC%81gicos_base_GenLAC_2024-12.xlsx'>documentos metodológicos</a>). Fuente: GenLAC (CEDLAS).
GTM2014,Mujeres solteras,GTM,ENSMI 2014-15,2014,9.605615615844727,2,2,Situación conyugal (mujeres),3,Guatemala,Porcentaje de mujeres que piensan que está justificado que los maridos golpeen a sus esposas en algunas situaciones,Porcentaje de mujeres de 25 a 49 años que piensan que está justificado que los maridos golpeen a sus esposas en algunas situaciones,Las series pueden presentar saltos por cambios metodológicos en las encuestas (ver <a href='https://genlac.econo.unlp.edu.ar/wp-content/uploads/2024/12/Cambios_metodolo%CC%81gicos_base_GenLAC_2024-12.xlsx'>documentos metodológicos</a>). Fuente: GenLAC (CEDLAS).
GTM2014,Mujeres en pareja,GTM,ENSMI 2014-15,2014,10.87790012359619,3,3,Situación conyugal (mujeres),3,Guatemala,Porcentaje de mujeres que piensan que está justificado que los maridos golpeen a sus esposas en algunas situaciones,Porcentaje de mujeres de 25 a 49 años que piensan que está justificado que los maridos golpeen a sus esposas en algunas situaciones,Las series pueden presentar saltos por cambios metodológicos en las encuestas (ver <a href='https://genlac.econo.unlp.edu.ar/wp-content/uploads/2024/12/Cambios_metodolo%CC%81gicos_base_GenLAC_2024-12.xlsx'>documentos metodológicos</a>). Fuente: GenLAC (CEDLAS).
GTM2014,Mujeres de baja calificación,GTM,ENSMI 2014-15,2014,12.32943439483643,4,4,Calificación (mujeres),4,Guatemala,Porcentaje de mujeres que piensan que está justificado que los maridos golpeen a sus esposas en algunas situaciones,Porcentaje de mujeres de 25 a 49 años que piensan que está justificado que los maridos golpeen a sus esposas en algunas situaciones,Las series pueden presentar saltos por cambios metodológicos en las encuestas (ver <a href='https://genlac.econo.unlp.edu.ar/wp-content/uploads/2024/12/Cambios_metodolo%CC%81gicos_base_GenLAC_2024-12.xlsx'>documentos metodológicos</a>). Fuente: GenLAC (CEDLAS).
GTM2014,Mujeres de media calificación,GTM,ENSMI 2014-15,2014,1.739754915237427,5,5,Calificación (mujeres),4,Guatemala,Porcentaje de mujeres que piensan que está justificado que los maridos golpeen a sus esposas en algunas situaciones,Porcentaje de mujeres de 25 a 49 años que piensan que está justificado que los maridos golpeen a sus esposas en algunas situaciones,Las series pueden presentar saltos por cambios metodológicos en las encuestas (ver <a href='https://genlac.econo.unlp.edu.ar/wp-content/uploads/2024/12/Cambios_metodolo%CC%81gicos_base_GenLAC_2024-12.xlsx'>documentos metodológicos</a>). Fuente: GenLAC (CEDLAS).
GTM2014,Mujeres de alta calificación,GTM,ENSMI 2014-15,2014,.0634779632091522,6,6,Calificación (mujeres),4,Guatemala,Porcentaje de mujeres que piensan que está justificado que los maridos golpeen a sus esposas en algunas situaciones,Porcentaje de mujeres de 25 a 49 años que piensan que está justificado que los maridos golpeen a sus esposas en algunas situaciones,Las series pueden presentar saltos por cambios metodológicos en las encuestas (ver <a href='https://genlac.econo.unlp.edu.ar/wp-content/uploads/2024/12/Cambios_metodolo%CC%81gicos_base_GenLAC_2024-12.xlsx'>documentos metodológicos</a>). Fuente: GenLAC (CEDLAS).
HND2005,Mujeres,HND,ENDSA 2005,2005,14.83414554595947,1,1,Mujeres,1,Honduras,Porcentaje de mujeres que piensan que está justificado que los maridos golpeen a sus esposas en algunas situaciones,Porcentaje de mujeres de 25 a 49 años que piensan que está justificado que los maridos golpeen a sus esposas en algunas situaciones,Las series pueden presentar saltos por cambios metodológicos en las encuestas (ver <a href='https://genlac.econo.unlp.edu.ar/wp-content/uploads/2024/12/Cambios_metodolo%CC%81gicos_base_GenLAC_2024-12.xlsx'>documentos metodológicos</a>). Fuente: GenLAC (CEDLAS).
HND2005,Mujeres solteras,HND,ENDSA 2005,2005,14.01497364044189,2,2,Situación conyugal (mujeres),3,Honduras,Porcentaje de mujeres que piensan que está justificado que los maridos golpeen a sus esposas en algunas situaciones,Porcentaje de mujeres de 25 a 49 años que piensan que está justificado que los maridos golpeen a sus esposas en algunas situaciones,Las series pueden presentar saltos por cambios metodológicos en las encuestas (ver <a href='https://genlac.econo.unlp.edu.ar/wp-content/uploads/2024/12/Cambios_metodolo%CC%81gicos_base_GenLAC_2024-12.xlsx'>documentos metodológicos</a>). Fuente: GenLAC (CEDLAS).
HND2005,Mujeres en pareja,HND,ENDSA 2005,2005,15.11945819854736,3,3,Situación conyugal (mujeres),3,Honduras,Porcentaje de mujeres que piensan que está justificado que los maridos golpeen a sus esposas en algunas situaciones,Porcentaje de mujeres de 25 a 49 años que piensan que está justificado que los maridos golpeen a sus esposas en algunas situaciones,Las series pueden presentar saltos por cambios metodológicos en las encuestas (ver <a href='https://genlac.econo.unlp.edu.ar/wp-content/uploads/2024/12/Cambios_metodolo%CC%81gicos_base_GenLAC_2024-12.xlsx'>documentos metodológicos</a>). Fuente: GenLAC (CEDLAS).
HND2005,Mujeres de baja calificación,HND,ENDSA 2005,2005,17.00914573669434,4,4,Calificación (mujeres),4,Honduras,Porcentaje de mujeres que piensan que está justificado que los maridos golpeen a sus esposas en algunas situaciones,Porcentaje de mujeres de 25 a 49 años que piensan que está justificado que los maridos golpeen a sus esposas en algunas situaciones,Las series pueden presentar saltos por cambios metodológicos en las encuestas (ver <a href='https://genlac.econo.unlp.edu.ar/wp-content/uploads/2024/12/Cambios_metodolo%CC%81gicos_base_GenLAC_2024-12.xlsx'>documentos metodológicos</a>). Fuente: GenLAC (CEDLAS).
HND2005,Mujeres de media calificación,HND,ENDSA 2005,2005,4.359879493713379,5,5,Calificación (mujeres),4,Honduras,Porcentaje de mujeres que piensan que está justificado que los maridos golpeen a sus esposas en algunas situaciones,Porcentaje de mujeres de 25 a 49 años que piensan que está justificado que los maridos golpeen a sus esposas en algunas situaciones,Las series pueden presentar saltos por cambios metodológicos en las encuestas (ver <a href='https://genlac.econo.unlp.edu.ar/wp-content/uploads/2024/12/Cambios_metodolo%CC%81gicos_base_GenLAC_2024-12.xlsx'>documentos metodológicos</a>). Fuente: GenLAC (CEDLAS).
HND2005,Mujeres de alta calificación,HND,ENDSA 2005,2005,3.756958246231079,6,6,Calificación (mujeres),4,Honduras,Porcentaje de mujeres que piensan que está justificado que los maridos golpeen a sus esposas en algunas situaciones,Porcentaje de mujeres de 25 a 49 años que piensan que está justificado que los maridos golpeen a sus esposas en algunas situaciones,Las series pueden presentar saltos por cambios metodológicos en las encuestas (ver <a href='https://genlac.econo.unlp.edu.ar/wp-content/uploads/2024/12/Cambios_metodolo%CC%81gicos_base_GenLAC_2024-12.xlsx'>documentos metodológicos</a>). Fuente: GenLAC (CEDLAS).
HND2011,Mujeres,HND,ENDSA 2011,2011,12.01218700408936,1,1,Mujeres,1,Honduras,Porcentaje de mujeres que piensan que está justificado que los maridos golpeen a sus esposas en algunas situaciones,Porcentaje de mujeres de 25 a 49 años que piensan que está justificado que los maridos golpeen a sus esposas en algunas situaciones,Las series pueden presentar saltos por cambios metodológicos en las encuestas (ver <a href='https://genlac.econo.unlp.edu.ar/wp-content/uploads/2024/12/Cambios_metodolo%CC%81gicos_base_GenLAC_2024-12.xlsx'>documentos metodológicos</a>). Fuente: GenLAC (CEDLAS).
HND2011,Mujeres solteras,HND,ENDSA 2011,2011,12.10877990722656,2,2,Situación conyugal (mujeres),3,Honduras,Porcentaje de mujeres que piensan que está justificado que los maridos golpeen a sus esposas en algunas situaciones,Porcentaje de mujeres de 25 a 49 años que piensan que está justificado que los maridos golpeen a sus esposas en algunas situaciones,Las series pueden presentar saltos por cambios metodológicos en las encuestas (ver <a href='https://genlac.econo.unlp.edu.ar/wp-content/uploads/2024/12/Cambios_metodolo%CC%81gicos_base_GenLAC_2024-12.xlsx'>documentos metodológicos</a>). Fuente: GenLAC (CEDLAS).
HND2011,Mujeres en pareja,HND,ENDSA 2011,2011,11.97256278991699,3,3,Situación conyugal (mujeres),3,Honduras,Porcentaje de mujeres que piensan que está justificado que los maridos golpeen a sus esposas en algunas situaciones,Porcentaje de mujeres de 25 a 49 años que piensan que está justificado que los maridos golpeen a sus esposas en algunas situaciones,Las series pueden presentar saltos por cambios metodológicos en las encuestas (ver <a href='https://genlac.econo.unlp.edu.ar/wp-content/uploads/2024/12/Cambios_metodolo%CC%81gicos_base_GenLAC_2024-12.xlsx'>documentos metodológicos</a>). Fuente: GenLAC (CEDLAS).
HND2011,Mujeres de baja calificación,HND,ENDSA 2011,2011,14.51296234130859,4,4,Calificación (mujeres),4,Honduras,Porcentaje de mujeres que piensan que está justificado que los maridos golpeen a sus esposas en algunas situaciones,Porcentaje de mujeres de 25 a 49 años que piensan que está justificado que los maridos golpeen a sus esposas en algunas situaciones,Las series pueden presentar saltos por cambios metodológicos en las encuestas (ver <a href='https://genlac.econo.unlp.edu.ar/wp-content/uploads/2024/12/Cambios_metodolo%CC%81gicos_base_GenLAC_2024-12.xlsx'>documentos metodológicos</a>). Fuente: GenLAC (CEDLAS).
HND2011,Mujeres de media calificación,HND,ENDSA 2011,2011,3.476874113082886,5,5,Calificación (mujeres),4,Honduras,Porcentaje de mujeres que piensan que está justificado que los maridos golpeen a sus esposas en algunas situaciones,Porcentaje de mujeres de 25 a 49 años que piensan que está justificado que los maridos golpeen a sus esposas en algunas situaciones,Las series pueden presentar saltos por cambios metodológicos en las encuestas (ver <a href='https://genlac.econo.unlp.edu.ar/wp-content/uploads/2024/12/Cambios_metodolo%CC%81gicos_base_GenLAC_2024-12.xlsx'>documentos metodológicos</a>). Fuente: GenLAC (CEDLAS).
HND2011,Mujeres de alta calificación,HND,ENDSA 2011,2011,1.187299251556396,6,6,Calificación (mujeres),4,Honduras,Porcentaje de mujeres que piensan que está justificado que los maridos golpeen a sus esposas en algunas situaciones,Porcentaje de mujeres de 25 a 49 años que piensan que está justificado que los maridos golpeen a sus esposas en algunas situaciones,Las series pueden presentar saltos por cambios metodológicos en las encuestas (ver <a href='https://genlac.econo.unlp.edu.ar/wp-content/uploads/2024/12/Cambios_metodolo%CC%81gicos_base_GenLAC_2024-12.xlsx'>documentos metodológicos</a>). Fuente: GenLAC (CEDLAS).
PER2004,Mujeres,PER,ENDES 2004-06,2004,4.352436065673828,1,1,Mujeres,1,Perú,Porcentaje de mujeres que piensan que está justificado que los maridos golpeen a sus esposas en algunas situaciones,Porcentaje de mujeres de 25 a 49 años que piensan que está justificado que los maridos golpeen a sus esposas en algunas situaciones,Las series pueden presentar saltos por cambios metodológicos en las encuestas (ver <a href='https://genlac.econo.unlp.edu.ar/wp-content/uploads/2024/12/Cambios_metodolo%CC%81gicos_base_GenLAC_2024-12.xlsx'>documentos metodológicos</a>). Fuente: GenLAC (CEDLAS).
PER2004,Mujeres solteras,PER,ENDES 2004-06,2004,3.367839336395264,2,2,Situación conyugal (mujeres),3,Perú,Porcentaje de mujeres que piensan que está justificado que los maridos golpeen a sus esposas en algunas situaciones,Porcentaje de mujeres de 25 a 49 años que piensan que está justificado que los maridos golpeen a sus esposas en algunas situaciones,Las series pueden presentar saltos por cambios metodológicos en las encuestas (ver <a href='https://genlac.econo.unlp.edu.ar/wp-content/uploads/2024/12/Cambios_metodolo%CC%81gicos_base_GenLAC_2024-12.xlsx'>documentos metodológicos</a>). Fuente: GenLAC (CEDLAS).
PER2004,Mujeres en pareja,PER,ENDES 2004-06,2004,4.71999454498291,3,3,Situación conyugal (mujeres),3,Perú,Porcentaje de mujeres que piensan que está justificado que los maridos golpeen a sus esposas en algunas situaciones,Porcentaje de mujeres de 25 a 49 años que piensan que está justificado que los maridos golpeen a sus esposas en algunas situaciones,Las series pueden presentar saltos por cambios metodológicos en las encuestas (ver <a href='https://genlac.econo.unlp.edu.ar/wp-content/uploads/2024/12/Cambios_metodolo%CC%81gicos_base_GenLAC_2024-12.xlsx'>documentos metodológicos</a>). Fuente: GenLAC (CEDLAS).
PER2004,Mujeres de baja calificación,PER,ENDES 2004-06,2004,7.48993968963623,4,4,Calificación (mujeres),4,Perú,Porcentaje de mujeres que piensan que está justificado que los maridos golpeen a sus esposas en algunas situaciones,Porcentaje de mujeres de 25 a 49 años que piensan que está justificado que los maridos golpeen a sus esposas en algunas situaciones,Las series pueden presentar saltos por cambios metodológicos en las encuestas (ver <a href='https://genlac.econo.unlp.edu.ar/wp-content/uploads/2024/12/Cambios_metodolo%CC%81gicos_base_GenLAC_2024-12.xlsx'>documentos metodológicos</a>). Fuente: GenLAC (CEDLAS).
PER2004,Mujeres de media calificación,PER,ENDES 2004-06,2004,1.513214707374573,5,5,Calificación (mujeres),4,Perú,Porcentaje de mujeres que piensan que está justificado que los maridos golpeen a sus esposas en algunas situaciones,Porcentaje de mujeres de 25 a 49 años que piensan que está justificado que los maridos golpeen a sus esposas en algunas situaciones,Las series pueden presentar saltos por cambios metodológicos en las encuestas (ver <a href='https://genlac.econo.unlp.edu.ar/wp-content/uploads/2024/12/Cambios_metodolo%CC%81gicos_base_GenLAC_2024-12.xlsx'>documentos metodológicos</a>). Fuente: GenLAC (CEDLAS).
PER2004,Mujeres de alta calificación,PER,ENDES 2004-06,2004,.9494420886039734,6,6,Calificación (mujeres),4,Perú,Porcentaje de mujeres que piensan que está justificado que los maridos golpeen a sus esposas en algunas situaciones,Porcentaje de mujeres de 25 a 49 años que piensan que está justificado que los maridos golpeen a sus esposas en algunas situaciones,Las series pueden presentar saltos por cambios metodológicos en las encuestas (ver <a href='https://genlac.econo.unlp.edu.ar/wp-content/uploads/2024/12/Cambios_metodolo%CC%81gicos_base_GenLAC_2024-12.xlsx'>documentos metodológicos</a>). Fuente: GenLAC (CEDLAS).
PER2007,Mujeres,PER,ENDES 2007-08,2007,4.839797019958496,1,1,Mujeres,1,Perú,Porcentaje de mujeres que piensan que está justificado que los maridos golpeen a sus esposas en algunas situaciones,Porcentaje de mujeres de 25 a 49 años que piensan que está justificado que los maridos golpeen a sus esposas en algunas situaciones,Las series pueden presentar saltos por cambios metodológicos en las encuestas (ver <a href='https://genlac.econo.unlp.edu.ar/wp-content/uploads/2024/12/Cambios_metodolo%CC%81gicos_base_GenLAC_2024-12.xlsx'>documentos metodológicos</a>). Fuente: GenLAC (CEDLAS).
PER2007,Mujeres solteras,PER,ENDES 2007-08,2007,4.205180644989014,2,2,Situación conyugal (mujeres),3,Perú,Porcentaje de mujeres que piensan que está justificado que los maridos golpeen a sus esposas en algunas situaciones,Porcentaje de mujeres de 25 a 49 años que piensan que está justificado que los maridos golpeen a sus esposas en algunas situaciones,Las series pueden presentar saltos por cambios metodológicos en las encuestas (ver <a href='https://genlac.econo.unlp.edu.ar/wp-content/uploads/2024/12/Cambios_metodolo%CC%81gicos_base_GenLAC_2024-12.xlsx'>documentos metodológicos</a>). Fuente: GenLAC (CEDLAS).
PER2007,Mujeres en pareja,PER,ENDES 2007-08,2007,5.08467960357666,3,3,Situación conyugal (mujeres),3,Perú,Porcentaje de mujeres que piensan que está justificado que los maridos golpeen a sus esposas en algunas situaciones,Porcentaje de mujeres de 25 a 49 años que piensan que está justificado que los maridos golpeen a sus esposas en algunas situaciones,Las series pueden presentar saltos por cambios metodológicos en las encuestas (ver <a href='https://genlac.econo.unlp.edu.ar/wp-content/uploads/2024/12/Cambios_metodolo%CC%81gicos_base_GenLAC_2024-12.xlsx'>documentos metodológicos</a>). Fuente: GenLAC (CEDLAS).
PER2007,Mujeres de baja calificación,PER,ENDES 2007-08,2007,7.550439357757568,4,4,Calificación (mujeres),4,Perú,Porcentaje de mujeres que piensan que está justificado que los maridos golpeen a sus esposas en algunas situaciones,Porcentaje de mujeres de 25 a 49 años que piensan que está justificado que los maridos golpeen a sus esposas en algunas situaciones,Las series pueden presentar saltos por cambios metodológicos en las encuestas (ver <a href='https://genlac.econo.unlp.edu.ar/wp-content/uploads/2024/12/Cambios_metodolo%CC%81gicos_base_GenLAC_2024-12.xlsx'>documentos metodológicos</a>). Fuente: GenLAC (CEDLAS).
PER2007,Mujeres de media calificación,PER,ENDES 2007-08,2007,2.617517709732056,5,5,Calificación (mujeres),4,Perú,Porcentaje de mujeres que piensan que está justificado que los maridos golpeen a sus esposas en algunas situaciones,Porcentaje de mujeres de 25 a 49 años que piensan que está justificado que los maridos golpeen a sus esposas en algunas situaciones,Las series pueden presentar saltos por cambios metodológicos en las encuestas (ver <a href='https://genlac.econo.unlp.edu.ar/wp-content/uploads/2024/12/Cambios_metodolo%CC%81gicos_base_GenLAC_2024-12.xlsx'>documentos metodológicos</a>). Fuente: GenLAC (CEDLAS).
PER2007,Mujeres de alta calificación,PER,ENDES 2007-08,2007,2.084460735321045,6,6,Calificación (mujeres),4,Perú,Porcentaje de mujeres que piensan que está justificado que los maridos golpeen a sus esposas en algunas situaciones,Porcentaje de mujeres de 25 a 49 años que piensan que está justificado que los maridos golpeen a sus esposas en algunas situaciones,Las series pueden presentar saltos por cambios metodológicos en las encuestas (ver <a href='https://genlac.econo.unlp.edu.ar/wp-content/uploads/2024/12/Cambios_metodolo%CC%81gicos_base_GenLAC_2024-12.xlsx'>documentos metodológicos</a>). Fuente: GenLAC (CEDLAS).
PER2009,Mujeres,PER,ENDES 2009,2009,5.518111705780029,1,1,Mujeres,1,Perú,Porcentaje de mujeres que piensan que está justificado que los maridos golpeen a sus esposas en algunas situaciones,Porcentaje de mujeres de 25 a 49 años que piensan que está justificado que los maridos golpeen a sus esposas en algunas situaciones,Las series pueden presentar saltos por cambios metodológicos en las encuestas (ver <a href='https://genlac.econo.unlp.edu.ar/wp-content/uploads/2024/12/Cambios_metodolo%CC%81gicos_base_GenLAC_2024-12.xlsx'>documentos metodológicos</a>). Fuente: GenLAC (CEDLAS).
PER2009,Mujeres solteras,PER,ENDES 2009,2009,4.803205966949463,2,2,Situación conyugal (mujeres),3,Perú,Porcentaje de mujeres que piensan que está justificado que los maridos golpeen a sus esposas en algunas situaciones,Porcentaje de mujeres de 25 a 49 años que piensan que está justificado que los maridos golpeen a sus esposas en algunas situaciones,Las series pueden presentar saltos por cambios metodológicos en las encuestas (ver <a href='https://genlac.econo.unlp.edu.ar/wp-content/uploads/2024/12/Cambios_metodolo%CC%81gicos_base_GenLAC_2024-12.xlsx'>documentos metodológicos</a>). Fuente: GenLAC (CEDLAS).
PER2009,Mujeres en pareja,PER,ENDES 2009,2009,5.778097629547119,3,3,Situación conyugal (mujeres),3,Perú,Porcentaje de mujeres que piensan que está justificado que los maridos golpeen a sus esposas en algunas situaciones,Porcentaje de mujeres de 25 a 49 años que piensan que está justificado que los maridos golpeen a sus esposas en algunas situaciones,Las series pueden presentar saltos por cambios metodológicos en las encuestas (ver <a href='https://genlac.econo.unlp.edu.ar/wp-content/uploads/2024/12/Cambios_metodolo%CC%81gicos_base_GenLAC_2024-12.xlsx'>documentos metodológicos</a>). Fuente: GenLAC (CEDLAS).
PER2009,Mujeres de baja calificación,PER,ENDES 2009,2009,8.762195587158203,4,4,Calificación (mujeres),4,Perú,Porcentaje de mujeres que piensan que está justificado que los maridos golpeen a sus esposas en algunas situaciones,Porcentaje de mujeres de 25 a 49 años que piensan que está justificado que los maridos golpeen a sus esposas en algunas situaciones,Las series pueden presentar saltos por cambios metodológicos en las encuestas (ver <a href='https://genlac.econo.unlp.edu.ar/wp-content/uploads/2024/12/Cambios_metodolo%CC%81gicos_base_GenLAC_2024-12.xlsx'>documentos metodológicos</a>). Fuente: GenLAC (CEDLAS).
PER2009,Mujeres de media calificación,PER,ENDES 2009,2009,3.10688304901123,5,5,Calificación (mujeres),4,Perú,Porcentaje de mujeres que piensan que está justificado que los maridos golpeen a sus esposas en algunas situaciones,Porcentaje de mujeres de 25 a 49 años que piensan que está justificado que los maridos golpeen a sus esposas en algunas situaciones,Las series pueden presentar saltos por cambios metodológicos en las encuestas (ver <a href='https://genlac.econo.unlp.edu.ar/wp-content/uploads/2024/12/Cambios_metodolo%CC%81gicos_base_GenLAC_2024-12.xlsx'>documentos metodológicos</a>). Fuente: GenLAC (CEDLAS).
PER2009,Mujeres de alta calificación,PER,ENDES 2009,2009,2.035697937011719,6,6,Calificación (mujeres),4,Perú,Porcentaje de mujeres que piensan que está justificado que los maridos golpeen a sus esposas en algunas situaciones,Porcentaje de mujeres de 25 a 49 años que piensan que está justificado que los maridos golpeen a sus esposas en algunas situaciones,Las series pueden presentar saltos por cambios metodológicos en las encuestas (ver <a href='https://genlac.econo.unlp.edu.ar/wp-content/uploads/2024/12/Cambios_metodolo%CC%81gicos_base_GenLAC_2024-12.xlsx'>documentos metodológicos</a>). Fuente: GenLAC (CEDLAS).
PER2010,Mujeres,PER,ENDES 2010,2010,4.928287029266357,1,1,Mujeres,1,Perú,Porcentaje de mujeres que piensan que está justificado que los maridos golpeen a sus esposas en algunas situaciones,Porcentaje de mujeres de 25 a 49 años que piensan que está justificado que los maridos golpeen a sus esposas en algunas situaciones,Las series pueden presentar saltos por cambios metodológicos en las encuestas (ver <a href='https://genlac.econo.unlp.edu.ar/wp-content/uploads/2024/12/Cambios_metodolo%CC%81gicos_base_GenLAC_2024-12.xlsx'>documentos metodológicos</a>). Fuente: GenLAC (CEDLAS).
PER2010,Mujeres solteras,PER,ENDES 2010,2010,4.473939418792725,2,2,Situación conyugal (mujeres),3,Perú,Porcentaje de mujeres que piensan que está justificado que los maridos golpeen a sus esposas en algunas situaciones,Porcentaje de mujeres de 25 a 49 años que piensan que está justificado que los maridos golpeen a sus esposas en algunas situaciones,Las series pueden presentar saltos por cambios metodológicos en las encuestas (ver <a href='https://genlac.econo.unlp.edu.ar/wp-content/uploads/2024/12/Cambios_metodolo%CC%81gicos_base_GenLAC_2024-12.xlsx'>documentos metodológicos</a>). Fuente: GenLAC (CEDLAS).
PER2010,Mujeres en pareja,PER,ENDES 2010,2010,5.098580837249756,3,3,Situación conyugal (mujeres),3,Perú,Porcentaje de mujeres que piensan que está justificado que los maridos golpeen a sus esposas en algunas situaciones,Porcentaje de mujeres de 25 a 49 años que piensan que está justificado que los maridos golpeen a sus esposas en algunas situaciones,Las series pueden presentar saltos por cambios metodológicos en las encuestas (ver <a href='https://genlac.econo.unlp.edu.ar/wp-content/uploads/2024/12/Cambios_metodolo%CC%81gicos_base_GenLAC_2024-12.xlsx'>documentos metodológicos</a>). Fuente: GenLAC (CEDLAS).
PER2010,Mujeres de baja calificación,PER,ENDES 2010,2010,7.816661834716797,4,4,Calificación (mujeres),4,Perú,Porcentaje de mujeres que piensan que está justificado que los maridos golpeen a sus esposas en algunas situaciones,Porcentaje de mujeres de 25 a 49 años que piensan que está justificado que los maridos golpeen a sus esposas en algunas situaciones,Las series pueden presentar saltos por cambios metodológicos en las encuestas (ver <a href='https://genlac.econo.unlp.edu.ar/wp-content/uploads/2024/12/Cambios_metodolo%CC%81gicos_base_GenLAC_2024-12.xlsx'>documentos metodológicos</a>). Fuente: GenLAC (CEDLAS).
PER2010,Mujeres de media calificación,PER,ENDES 2010,2010,2.766251087188721,5,5,Calificación (mujeres),4,Perú,Porcentaje de mujeres que piensan que está justificado que los maridos golpeen a sus esposas en algunas situaciones,Porcentaje de mujeres de 25 a 49 años que piensan que está justificado que los maridos golpeen a sus esposas en algunas situaciones,Las series pueden presentar saltos por cambios metodológicos en las encuestas (ver <a href='https://genlac.econo.unlp.edu.ar/wp-content/uploads/2024/12/Cambios_metodolo%CC%81gicos_base_GenLAC_2024-12.xlsx'>documentos metodológicos</a>). Fuente: GenLAC (CEDLAS).
PER2010,Mujeres de alta calificación,PER,ENDES 2010,2010,1.765207648277283,6,6,Calificación (mujeres),4,Perú,Porcentaje de mujeres que piensan que está justificado que los maridos golpeen a sus esposas en algunas situaciones,Porcentaje de mujeres de 25 a 49 años que piensan que está justificado que los maridos golpeen a sus esposas en algunas situaciones,Las series pueden presentar saltos por cambios metodológicos en las encuestas (ver <a href='https://genlac.econo.unlp.edu.ar/wp-content/uploads/2024/12/Cambios_metodolo%CC%81gicos_base_GenLAC_2024-12.xlsx'>documentos metodológicos</a>). Fuente: GenLAC (CEDLAS).
PER2011,Mujeres,PER,ENDES 2011,2011,3.596838712692261,1,1,Mujeres,1,Perú,Porcentaje de mujeres que piensan que está justificado que los maridos golpeen a sus esposas en algunas situaciones,Porcentaje de mujeres de 25 a 49 años que piensan que está justificado que los maridos golpeen a sus esposas en algunas situaciones,Las series pueden presentar saltos por cambios metodológicos en las encuestas (ver <a href='https://genlac.econo.unlp.edu.ar/wp-content/uploads/2024/12/Cambios_metodolo%CC%81gicos_base_GenLAC_2024-12.xlsx'>documentos metodológicos</a>). Fuente: GenLAC (CEDLAS).
PER2011,Mujeres solteras,PER,ENDES 2011,2011,3.125652551651001,2,2,Situación conyugal (mujeres),3,Perú,Porcentaje de mujeres que piensan que está justificado que los maridos golpeen a sus esposas en algunas situaciones,Porcentaje de mujeres de 25 a 49 años que piensan que está justificado que los maridos golpeen a sus esposas en algunas situaciones,Las series pueden presentar saltos por cambios metodológicos en las encuestas (ver <a href='https://genlac.econo.unlp.edu.ar/wp-content/uploads/2024/12/Cambios_metodolo%CC%81gicos_base_GenLAC_2024-12.xlsx'>documentos metodológicos</a>). Fuente: GenLAC (CEDLAS).
PER2011,Mujeres en pareja,PER,ENDES 2011,2011,3.773716926574707,3,3,Situación conyugal (mujeres),3,Perú,Porcentaje de mujeres que piensan que está justificado que los maridos golpeen a sus esposas en algunas situaciones,Porcentaje de mujeres de 25 a 49 años que piensan que está justificado que los maridos golpeen a sus esposas en algunas situaciones,Las series pueden presentar saltos por cambios metodológicos en las encuestas (ver <a href='https://genlac.econo.unlp.edu.ar/wp-content/uploads/2024/12/Cambios_metodolo%CC%81gicos_base_GenLAC_2024-12.xlsx'>documentos metodológicos</a>). Fuente: GenLAC (CEDLAS).
PER2011,Mujeres de baja calificación,PER,ENDES 2011,2011,5.567005157470703,4,4,Calificación (mujeres),4,Perú,Porcentaje de mujeres que piensan que está justificado que los maridos golpeen a sus esposas en algunas situaciones,Porcentaje de mujeres de 25 a 49 años que piensan que está justificado que los maridos golpeen a sus esposas en algunas situaciones,Las series pueden presentar saltos por cambios metodológicos en las encuestas (ver <a href='https://genlac.econo.unlp.edu.ar/wp-content/uploads/2024/12/Cambios_metodolo%CC%81gicos_base_GenLAC_2024-12.xlsx'>documentos metodológicos</a>). Fuente: GenLAC (CEDLAS).
PER2011,Mujeres de media calificación,PER,ENDES 2011,2011,2.316794872283936,5,5,Calificación (mujeres),4,Perú,Porcentaje de mujeres que piensan que está justificado que los maridos golpeen a sus esposas en algunas situaciones,Porcentaje de mujeres de 25 a 49 años que piensan que está justificado que los maridos golpeen a sus esposas en algunas situaciones,Las series pueden presentar saltos por cambios metodológicos en las encuestas (ver <a href='https://genlac.econo.unlp.edu.ar/wp-content/uploads/2024/12/Cambios_metodolo%CC%81gicos_base_GenLAC_2024-12.xlsx'>documentos metodológicos</a>). Fuente: GenLAC (CEDLAS).
PER2011,Mujeres de alta calificación,PER,ENDES 2011,2011,1.087697744369507,6,6,Calificación (mujeres),4,Perú,Porcentaje de mujeres que piensan que está justificado que los maridos golpeen a sus esposas en algunas situaciones,Porcentaje de mujeres de 25 a 49 años que piensan que está justificado que los maridos golpeen a sus esposas en algunas situaciones,Las series pueden presentar saltos por cambios metodológicos en las encuestas (ver <a href='https://genlac.econo.unlp.edu.ar/wp-content/uploads/2024/12/Cambios_metodolo%CC%81gicos_base_GenLAC_2024-12.xlsx'>documentos metodológicos</a>). Fuente: GenLAC (CEDLAS).
PER2012,Mujeres,PER,ENDES 2012,2012,3.325792551040649,1,1,Mujeres,1,Perú,Porcentaje de mujeres que piensan que está justificado que los maridos golpeen a sus esposas en algunas situaciones,Porcentaje de mujeres de 25 a 49 años que piensan que está justificado que los maridos golpeen a sus esposas en algunas situaciones,Las series pueden presentar saltos por cambios metodológicos en las encuestas (ver <a href='https://genlac.econo.unlp.edu.ar/wp-content/uploads/2024/12/Cambios_metodolo%CC%81gicos_base_GenLAC_2024-12.xlsx'>documentos metodológicos</a>). Fuente: GenLAC (CEDLAS).
PER2012,Mujeres solteras,PER,ENDES 2012,2012,3.096577167510986,2,2,Situación conyugal (mujeres),3,Perú,Porcentaje de mujeres que piensan que está justificado que los maridos golpeen a sus esposas en algunas situaciones,Porcentaje de mujeres de 25 a 49 años que piensan que está justificado que los maridos golpeen a sus esposas en algunas situaciones,Las series pueden presentar saltos por cambios metodológicos en las encuestas (ver <a href='https://genlac.econo.unlp.edu.ar/wp-content/uploads/2024/12/Cambios_metodolo%CC%81gicos_base_GenLAC_2024-12.xlsx'>documentos metodológicos</a>). Fuente: GenLAC (CEDLAS).
PER2012,Mujeres en pareja,PER,ENDES 2012,2012,3.411848783493042,3,3,Situación conyugal (mujeres),3,Perú,Porcentaje de mujeres que piensan que está justificado que los maridos golpeen a sus esposas en algunas situaciones,Porcentaje de mujeres de 25 a 49 años que piensan que está justificado que los maridos golpeen a sus esposas en algunas situaciones,Las series pueden presentar saltos por cambios metodológicos en las encuestas (ver <a href='https://genlac.econo.unlp.edu.ar/wp-content/uploads/2024/12/Cambios_metodolo%CC%81gicos_base_GenLAC_2024-12.xlsx'>documentos metodológicos</a>). Fuente: GenLAC (CEDLAS).
PER2012,Mujeres de baja calificación,PER,ENDES 2012,2012,5.1205153465271,4,4,Calificación (mujeres),4,Perú,Porcentaje de mujeres que piensan que está justificado que los maridos golpeen a sus esposas en algunas situaciones,Porcentaje de mujeres de 25 a 49 años que piensan que está justificado que los maridos golpeen a sus esposas en algunas situaciones,Las series pueden presentar saltos por cambios metodológicos en las encuestas (ver <a href='https://genlac.econo.unlp.edu.ar/wp-content/uploads/2024/12/Cambios_metodolo%CC%81gicos_base_GenLAC_2024-12.xlsx'>documentos metodológicos</a>). Fuente: GenLAC (CEDLAS).
PER2012,Mujeres de media calificación,PER,ENDES 2012,2012,1.980761051177979,5,5,Calificación (mujeres),4,Perú,Porcentaje de mujeres que piensan que está justificado que los maridos golpeen a sus esposas en algunas situaciones,Porcentaje de mujeres de 25 a 49 años que piensan que está justificado que los maridos golpeen a sus esposas en algunas situaciones,Las series pueden presentar saltos por cambios metodológicos en las encuestas (ver <a href='https://genlac.econo.unlp.edu.ar/wp-content/uploads/2024/12/Cambios_metodolo%CC%81gicos_base_GenLAC_2024-12.xlsx'>documentos metodológicos</a>). Fuente: GenLAC (CEDLAS).
PER2012,Mujeres de alta calificación,PER,ENDES 2012,2012,1.594881534576416,6,6,Calificación (mujeres),4,Perú,Porcentaje de mujeres que piensan que está justificado que los maridos golpeen a sus esposas en algunas situaciones,Porcentaje de mujeres de 25 a 49 años que piensan que está justificado que los maridos golpeen a sus esposas en algunas situaciones,Las series pueden presentar saltos por cambios metodológicos en las encuestas (ver <a href='https://genlac.econo.unlp.edu.ar/wp-content/uploads/2024/12/Cambios_metodolo%CC%81gicos_base_GenLAC_2024-12.xlsx'>documentos metodológicos</a>). Fuente: GenLAC (CEDLAS).
PER2013,Mujeres,PER,ENDES 2013,2013,3.404146909713745,1,1,Mujeres,1,Perú,Porcentaje de mujeres que piensan que está justificado que los maridos golpeen a sus esposas en algunas situaciones,Porcentaje de mujeres de 25 a 49 años que piensan que está justificado que los maridos golpeen a sus esposas en algunas situaciones,Las series pueden presentar saltos por cambios metodológicos en las encuestas (ver <a href='https://genlac.econo.unlp.edu.ar/wp-content/uploads/2024/12/Cambios_metodolo%CC%81gicos_base_GenLAC_2024-12.xlsx'>documentos metodológicos</a>). Fuente: GenLAC (CEDLAS).
PER2013,Mujeres solteras,PER,ENDES 2013,2013,3.162762403488159,2,2,Situación conyugal (mujeres),3,Perú,Porcentaje de mujeres que piensan que está justificado que los maridos golpeen a sus esposas en algunas situaciones,Porcentaje de mujeres de 25 a 49 años que piensan que está justificado que los maridos golpeen a sus esposas en algunas situaciones,Las series pueden presentar saltos por cambios metodológicos en las encuestas (ver <a href='https://genlac.econo.unlp.edu.ar/wp-content/uploads/2024/12/Cambios_metodolo%CC%81gicos_base_GenLAC_2024-12.xlsx'>documentos metodológicos</a>). Fuente: GenLAC (CEDLAS).
PER2013,Mujeres en pareja,PER,ENDES 2013,2013,3.498920917510986,3,3,Situación conyugal (mujeres),3,Perú,Porcentaje de mujeres que piensan que está justificado que los maridos golpeen a sus esposas en algunas situaciones,Porcentaje de mujeres de 25 a 49 años que piensan que está justificado que los maridos golpeen a sus esposas en algunas situaciones,Las series pueden presentar saltos por cambios metodológicos en las encuestas (ver <a href='https://genlac.econo.unlp.edu.ar/wp-content/uploads/2024/12/Cambios_metodolo%CC%81gicos_base_GenLAC_2024-12.xlsx'>documentos metodológicos</a>). Fuente: GenLAC (CEDLAS).
PER2013,Mujeres de baja calificación,PER,ENDES 2013,2013,5.084535598754883,4,4,Calificación (mujeres),4,Perú,Porcentaje de mujeres que piensan que está justificado que los maridos golpeen a sus esposas en algunas situaciones,Porcentaje de mujeres de 25 a 49 años que piensan que está justificado que los maridos golpeen a sus esposas en algunas situaciones,Las series pueden presentar saltos por cambios metodológicos en las encuestas (ver <a href='https://genlac.econo.unlp.edu.ar/wp-content/uploads/2024/12/Cambios_metodolo%CC%81gicos_base_GenLAC_2024-12.xlsx'>documentos metodológicos</a>). Fuente: GenLAC (CEDLAS).
PER2013,Mujeres de media calificación,PER,ENDES 2013,2013,2.346594333648682,5,5,Calificación (mujeres),4,Perú,Porcentaje de mujeres que piensan que está justificado que los maridos golpeen a sus esposas en algunas situaciones,Porcentaje de mujeres de 25 a 49 años que piensan que está justificado que los maridos golpeen a sus esposas en algunas situaciones,Las series pueden presentar saltos por cambios metodológicos en las encuestas (ver <a href='https://genlac.econo.unlp.edu.ar/wp-content/uploads/2024/12/Cambios_metodolo%CC%81gicos_base_GenLAC_2024-12.xlsx'>documentos metodológicos</a>). Fuente: GenLAC (CEDLAS).
PER2013,Mujeres de alta calificación,PER,ENDES 2013,2013,1.549011826515198,6,6,Calificación (mujeres),4,Perú,Porcentaje de mujeres que piensan que está justificado que los maridos golpeen a sus esposas en algunas situaciones,Porcentaje de mujeres de 25 a 49 años que piensan que está justificado que los maridos golpeen a sus esposas en algunas situaciones,Las series pueden presentar saltos por cambios metodológicos en las encuestas (ver <a href='https://genlac.econo.unlp.edu.ar/wp-content/uploads/2024/12/Cambios_metodolo%CC%81gicos_base_GenLAC_2024-12.xlsx'>documentos metodológicos</a>). Fuente: GenLAC (CEDLAS).
PER2014,Mujeres,PER,ENDES 2014,2014,4.017730712890625,1,1,Mujeres,1,Perú,Porcentaje de mujeres que piensan que está justificado que los maridos golpeen a sus esposas en algunas situaciones,Porcentaje de mujeres de 25 a 49 años que piensan que está justificado que los maridos golpeen a sus esposas en algunas situaciones,Las series pueden presentar saltos por cambios metodológicos en las encuestas (ver <a href='https://genlac.econo.unlp.edu.ar/wp-content/uploads/2024/12/Cambios_metodolo%CC%81gicos_base_GenLAC_2024-12.xlsx'>documentos metodológicos</a>). Fuente: GenLAC (CEDLAS).
PER2014,Mujeres solteras,PER,ENDES 2014,2014,3.482964992523193,2,2,Situación conyugal (mujeres),3,Perú,Porcentaje de mujeres que piensan que está justificado que los maridos golpeen a sus esposas en algunas situaciones,Porcentaje de mujeres de 25 a 49 años que piensan que está justificado que los maridos golpeen a sus esposas en algunas situaciones,Las series pueden presentar saltos por cambios metodológicos en las encuestas (ver <a href='https://genlac.econo.unlp.edu.ar/wp-content/uploads/2024/12/Cambios_metodolo%CC%81gicos_base_GenLAC_2024-12.xlsx'>documentos metodológicos</a>). Fuente: GenLAC (CEDLAS).
PER2014,Mujeres en pareja,PER,ENDES 2014,2014,4.226676940917969,3,3,Situación conyugal (mujeres),3,Perú,Porcentaje de mujeres que piensan que está justificado que los maridos golpeen a sus esposas en algunas situaciones,Porcentaje de mujeres de 25 a 49 años que piensan que está justificado que los maridos golpeen a sus esposas en algunas situaciones,Las series pueden presentar saltos por cambios metodológicos en las encuestas (ver <a href='https://genlac.econo.unlp.edu.ar/wp-content/uploads/2024/12/Cambios_metodolo%CC%81gicos_base_GenLAC_2024-12.xlsx'>documentos metodológicos</a>). Fuente: GenLAC (CEDLAS).
PER2014,Mujeres de baja calificación,PER,ENDES 2014,2014,6.570834636688232,4,4,Calificación (mujeres),4,Perú,Porcentaje de mujeres que piensan que está justificado que los maridos golpeen a sus esposas en algunas situaciones,Porcentaje de mujeres de 25 a 49 años que piensan que está justificado que los maridos golpeen a sus esposas en algunas situaciones,Las series pueden presentar saltos por cambios metodológicos en las encuestas (ver <a href='https://genlac.econo.unlp.edu.ar/wp-content/uploads/2024/12/Cambios_metodolo%CC%81gicos_base_GenLAC_2024-12.xlsx'>documentos metodológicos</a>). Fuente: GenLAC (CEDLAS).
PER2014,Mujeres de media calificación,PER,ENDES 2014,2014,2.672813892364502,5,5,Calificación (mujeres),4,Perú,Porcentaje de mujeres que piensan que está justificado que los maridos golpeen a sus esposas en algunas situaciones,Porcentaje de mujeres de 25 a 49 años que piensan que está justificado que los maridos golpeen a sus esposas en algunas situaciones,Las series pueden presentar saltos por cambios metodológicos en las encuestas (ver <a href='https://genlac.econo.unlp.edu.ar/wp-content/uploads/2024/12/Cambios_metodolo%CC%81gicos_base_GenLAC_2024-12.xlsx'>documentos metodológicos</a>). Fuente: GenLAC (CEDLAS).
PER2014,Mujeres de alta calificación,PER,ENDES 2014,2014,1.042733311653137,6,6,Calificación (mujeres),4,Perú,Porcentaje de mujeres que piensan que está justificado que los maridos golpeen a sus esposas en algunas situaciones,Porcentaje de mujeres de 25 a 49 años que piensan que está justificado que los maridos golpeen a sus esposas en algunas situaciones,Las series pueden presentar saltos por cambios metodológicos en las encuestas (ver <a href='https://genlac.econo.unlp.edu.ar/wp-content/uploads/2024/12/Cambios_metodolo%CC%81gicos_base_GenLAC_2024-12.xlsx'>documentos metodológicos</a>). Fuente: GenLAC (CEDLAS).
PER2015,Mujeres,PER,ENDES 2015,2015,3.084880828857422,1,1,Mujeres,1,Perú,Porcentaje de mujeres que piensan que está justificado que los maridos golpeen a sus esposas en algunas situaciones,Porcentaje de mujeres de 25 a 49 años que piensan que está justificado que los maridos golpeen a sus esposas en algunas situaciones,Las series pueden presentar saltos por cambios metodológicos en las encuestas (ver <a href='https://genlac.econo.unlp.edu.ar/wp-content/uploads/2024/12/Cambios_metodolo%CC%81gicos_base_GenLAC_2024-12.xlsx'>documentos metodológicos</a>). Fuente: GenLAC (CEDLAS).
PER2015,Mujeres solteras,PER,ENDES 2015,2015,3.584159374237061,2,2,Situación conyugal (mujeres),3,Perú,Porcentaje de mujeres que piensan que está justificado que los maridos golpeen a sus esposas en algunas situaciones,Porcentaje de mujeres de 25 a 49 años que piensan que está justificado que los maridos golpeen a sus esposas en algunas situaciones,Las series pueden presentar saltos por cambios metodológicos en las encuestas (ver <a href='https://genlac.econo.unlp.edu.ar/wp-content/uploads/2024/12/Cambios_metodolo%CC%81gicos_base_GenLAC_2024-12.xlsx'>documentos metodológicos</a>). Fuente: GenLAC (CEDLAS).
PER2015,Mujeres en pareja,PER,ENDES 2015,2015,2.895684242248535,3,3,Situación conyugal (mujeres),3,Perú,Porcentaje de mujeres que piensan que está justificado que los maridos golpeen a sus esposas en algunas situaciones,Porcentaje de mujeres de 25 a 49 años que piensan que está justificado que los maridos golpeen a sus esposas en algunas situaciones,Las series pueden presentar saltos por cambios metodológicos en las encuestas (ver <a href='https://genlac.econo.unlp.edu.ar/wp-content/uploads/2024/12/Cambios_metodolo%CC%81gicos_base_GenLAC_2024-12.xlsx'>documentos metodológicos</a>). Fuente: GenLAC (CEDLAS).
PER2015,Mujeres de baja calificación,PER,ENDES 2015,2015,5.233986377716064,4,4,Calificación (mujeres),4,Perú,Porcentaje de mujeres que piensan que está justificado que los maridos golpeen a sus esposas en algunas situaciones,Porcentaje de mujeres de 25 a 49 años que piensan que está justificado que los maridos golpeen a sus esposas en algunas situaciones,Las series pueden presentar saltos por cambios metodológicos en las encuestas (ver <a href='https://genlac.econo.unlp.edu.ar/wp-content/uploads/2024/12/Cambios_metodolo%CC%81gicos_base_GenLAC_2024-12.xlsx'>documentos metodológicos</a>). Fuente: GenLAC (CEDLAS).
PER2015,Mujeres de media calificación,PER,ENDES 2015,2015,1.850743293762207,5,5,Calificación (mujeres),4,Perú,Porcentaje de mujeres que piensan que está justificado que los maridos golpeen a sus esposas en algunas situaciones,Porcentaje de mujeres de 25 a 49 años que piensan que está justificado que los maridos golpeen a sus esposas en algunas situaciones,Las series pueden presentar saltos por cambios metodológicos en las encuestas (ver <a href='https://genlac.econo.unlp.edu.ar/wp-content/uploads/2024/12/Cambios_metodolo%CC%81gicos_base_GenLAC_2024-12.xlsx'>documentos metodológicos</a>). Fuente: GenLAC (CEDLAS).
PER2015,Mujeres de alta calificación,PER,ENDES 2015,2015,1.062946796417236,6,6,Calificación (mujeres),4,Perú,Porcentaje de mujeres que piensan que está justificado que los maridos golpeen a sus esposas en algunas situaciones,Porcentaje de mujeres de 25 a 49 años que piensan que está justificado que los maridos golpeen a sus esposas en algunas situaciones,Las series pueden presentar saltos por cambios metodológicos en las encuestas (ver <a href='https://genlac.econo.unlp.edu.ar/wp-content/uploads/2024/12/Cambios_metodolo%CC%81gicos_base_GenLAC_2024-12.xlsx'>documentos metodológicos</a>). Fuente: GenLAC (CEDLAS).
PER2016,Mujeres,PER,ENDES 2016,2016,2.0941321849823,1,1,Mujeres,1,Perú,Porcentaje de mujeres que piensan que está justificado que los maridos golpeen a sus esposas en algunas situaciones,Porcentaje de mujeres de 25 a 49 años que piensan que está justificado que los maridos golpeen a sus esposas en algunas situaciones,Las series pueden presentar saltos por cambios metodológicos en las encuestas (ver <a href='https://genlac.econo.unlp.edu.ar/wp-content/uploads/2024/12/Cambios_metodolo%CC%81gicos_base_GenLAC_2024-12.xlsx'>documentos metodológicos</a>). Fuente: GenLAC (CEDLAS).
PER2016,Mujeres solteras,PER,ENDES 2016,2016,1.861701250076294,2,2,Situación conyugal (mujeres),3,Perú,Porcentaje de mujeres que piensan que está justificado que los maridos golpeen a sus esposas en algunas situaciones,Porcentaje de mujeres de 25 a 49 años que piensan que está justificado que los maridos golpeen a sus esposas en algunas situaciones,Las series pueden presentar saltos por cambios metodológicos en las encuestas (ver <a href='https://genlac.econo.unlp.edu.ar/wp-content/uploads/2024/12/Cambios_metodolo%CC%81gicos_base_GenLAC_2024-12.xlsx'>documentos metodológicos</a>). Fuente: GenLAC (CEDLAS).
PER2016,Mujeres en pareja,PER,ENDES 2016,2016,2.184979438781738,3,3,Situación conyugal (mujeres),3,Perú,Porcentaje de mujeres que piensan que está justificado que los maridos golpeen a sus esposas en algunas situaciones,Porcentaje de mujeres de 25 a 49 años que piensan que está justificado que los maridos golpeen a sus esposas en algunas situaciones,Las series pueden presentar saltos por cambios metodológicos en las encuestas (ver <a href='https://genlac.econo.unlp.edu.ar/wp-content/uploads/2024/12/Cambios_metodolo%CC%81gicos_base_GenLAC_2024-12.xlsx'>documentos metodológicos</a>). Fuente: GenLAC (CEDLAS).
PER2016,Mujeres de baja calificación,PER,ENDES 2016,2016,3.806892156600952,4,4,Calificación (mujeres),4,Perú,Porcentaje de mujeres que piensan que está justificado que los maridos golpeen a sus esposas en algunas situaciones,Porcentaje de mujeres de 25 a 49 años que piensan que está justificado que los maridos golpeen a sus esposas en algunas situaciones,Las series pueden presentar saltos por cambios metodológicos en las encuestas (ver <a href='https://genlac.econo.unlp.edu.ar/wp-content/uploads/2024/12/Cambios_metodolo%CC%81gicos_base_GenLAC_2024-12.xlsx'>documentos metodológicos</a>). Fuente: GenLAC (CEDLAS).
PER2016,Mujeres de media calificación,PER,ENDES 2016,2016,1.231203079223633,5,5,Calificación (mujeres),4,Perú,Porcentaje de mujeres que piensan que está justificado que los maridos golpeen a sus esposas en algunas situaciones,Porcentaje de mujeres de 25 a 49 años que piensan que está justificado que los maridos golpeen a sus esposas en algunas situaciones,Las series pueden presentar saltos por cambios metodológicos en las encuestas (ver <a href='https://genlac.econo.unlp.edu.ar/wp-content/uploads/2024/12/Cambios_metodolo%CC%81gicos_base_GenLAC_2024-12.xlsx'>documentos metodológicos</a>). Fuente: GenLAC (CEDLAS).
PER2016,Mujeres de alta calificación,PER,ENDES 2016,2016,.6272957921028137,6,6,Calificación (mujeres),4,Perú,Porcentaje de mujeres que piensan que está justificado que los maridos golpeen a sus esposas en algunas situaciones,Porcentaje de mujeres de 25 a 49 años que piensan que está justificado que los maridos golpeen a sus esposas en algunas situaciones,Las series pueden presentar saltos por cambios metodológicos en las encuestas (ver <a href='https://genlac.econo.unlp.edu.ar/wp-content/uploads/2024/12/Cambios_metodolo%CC%81gicos_base_GenLAC_2024-12.xlsx'>documentos metodológicos</a>). Fuente: GenLAC (CEDLAS).
PER2017,Mujeres,PER,ENDES 2017,2017,1.754868745803833,1,1,Mujeres,1,Perú,Porcentaje de mujeres que piensan que está justificado que los maridos golpeen a sus esposas en algunas situaciones,Porcentaje de mujeres de 25 a 49 años que piensan que está justificado que los maridos golpeen a sus esposas en algunas situaciones,Las series pueden presentar saltos por cambios metodológicos en las encuestas (ver <a href='https://genlac.econo.unlp.edu.ar/wp-content/uploads/2024/12/Cambios_metodolo%CC%81gicos_base_GenLAC_2024-12.xlsx'>documentos metodológicos</a>). Fuente: GenLAC (CEDLAS).
PER2017,Mujeres solteras,PER,ENDES 2017,2017,1.896157264709473,2,2,Situación conyugal (mujeres),3,Perú,Porcentaje de mujeres que piensan que está justificado que los maridos golpeen a sus esposas en algunas situaciones,Porcentaje de mujeres de 25 a 49 años que piensan que está justificado que los maridos golpeen a sus esposas en algunas situaciones,Las series pueden presentar saltos por cambios metodológicos en las encuestas (ver <a href='https://genlac.econo.unlp.edu.ar/wp-content/uploads/2024/12/Cambios_metodolo%CC%81gicos_base_GenLAC_2024-12.xlsx'>documentos metodológicos</a>). Fuente: GenLAC (CEDLAS).
PER2017,Mujeres en pareja,PER,ENDES 2017,2017,1.692351818084717,3,3,Situación conyugal (mujeres),3,Perú,Porcentaje de mujeres que piensan que está justificado que los maridos golpeen a sus esposas en algunas situaciones,Porcentaje de mujeres de 25 a 49 años que piensan que está justificado que los maridos golpeen a sus esposas en algunas situaciones,Las series pueden presentar saltos por cambios metodológicos en las encuestas (ver <a href='https://genlac.econo.unlp.edu.ar/wp-content/uploads/2024/12/Cambios_metodolo%CC%81gicos_base_GenLAC_2024-12.xlsx'>documentos metodológicos</a>). Fuente: GenLAC (CEDLAS).
PER2017,Mujeres de baja calificación,PER,ENDES 2017,2017,3.031520366668701,4,4,Calificación (mujeres),4,Perú,Porcentaje de mujeres que piensan que está justificado que los maridos golpeen a sus esposas en algunas situaciones,Porcentaje de mujeres de 25 a 49 años que piensan que está justificado que los maridos golpeen a sus esposas en algunas situaciones,Las series pueden presentar saltos por cambios metodológicos en las encuestas (ver <a href='https://genlac.econo.unlp.edu.ar/wp-content/uploads/2024/12/Cambios_metodolo%CC%81gicos_base_GenLAC_2024-12.xlsx'>documentos metodológicos</a>). Fuente: GenLAC (CEDLAS).
PER2017,Mujeres de media calificación,PER,ENDES 2017,2017,1.056034445762634,5,5,Calificación (mujeres),4,Perú,Porcentaje de mujeres que piensan que está justificado que los maridos golpeen a sus esposas en algunas situaciones,Porcentaje de mujeres de 25 a 49 años que piensan que está justificado que los maridos golpeen a sus esposas en algunas situaciones,Las series pueden presentar saltos por cambios metodológicos en las encuestas (ver <a href='https://genlac.econo.unlp.edu.ar/wp-content/uploads/2024/12/Cambios_metodolo%CC%81gicos_base_GenLAC_2024-12.xlsx'>documentos metodológicos</a>). Fuente: GenLAC (CEDLAS).
PER2017,Mujeres de alta calificación,PER,ENDES 2017,2017,1.064984560012817,6,6,Calificación (mujeres),4,Perú,Porcentaje de mujeres que piensan que está justificado que los maridos golpeen a sus esposas en algunas situaciones,Porcentaje de mujeres de 25 a 49 años que piensan que está justificado que los maridos golpeen a sus esposas en algunas situaciones,Las series pueden presentar saltos por cambios metodológicos en las encuestas (ver <a href='https://genlac.econo.unlp.edu.ar/wp-content/uploads/2024/12/Cambios_metodolo%CC%81gicos_base_GenLAC_2024-12.xlsx'>documentos metodológicos</a>). Fuente: GenLAC (CEDLAS).
PER2018,Mujeres,PER,ENDES 2018,2018,1.459189057350159,1,1,Mujeres,1,Perú,Porcentaje de mujeres que piensan que está justificado que los maridos golpeen a sus esposas en algunas situaciones,Porcentaje de mujeres de 25 a 49 años que piensan que está justificado que los maridos golpeen a sus esposas en algunas situaciones,Las series pueden presentar saltos por cambios metodológicos en las encuestas (ver <a href='https://genlac.econo.unlp.edu.ar/wp-content/uploads/2024/12/Cambios_metodolo%CC%81gicos_base_GenLAC_2024-12.xlsx'>documentos metodológicos</a>). Fuente: GenLAC (CEDLAS).
PER2018,Mujeres solteras,PER,ENDES 2018,2018,1.091440796852112,2,2,Situación conyugal (mujeres),3,Perú,Porcentaje de mujeres que piensan que está justificado que los maridos golpeen a sus esposas en algunas situaciones,Porcentaje de mujeres de 25 a 49 años que piensan que está justificado que los maridos golpeen a sus esposas en algunas situaciones,Las series pueden presentar saltos por cambios metodológicos en las encuestas (ver <a href='https://genlac.econo.unlp.edu.ar/wp-content/uploads/2024/12/Cambios_metodolo%CC%81gicos_base_GenLAC_2024-12.xlsx'>documentos metodológicos</a>). Fuente: GenLAC (CEDLAS).
PER2018,Mujeres en pareja,PER,ENDES 2018,2018,1.623289227485657,3,3,Situación conyugal (mujeres),3,Perú,Porcentaje de mujeres que piensan que está justificado que los maridos golpeen a sus esposas en algunas situaciones,Porcentaje de mujeres de 25 a 49 años que piensan que está justificado que los maridos golpeen a sus esposas en algunas situaciones,Las series pueden presentar saltos por cambios metodológicos en las encuestas (ver <a href='https://genlac.econo.unlp.edu.ar/wp-content/uploads/2024/12/Cambios_metodolo%CC%81gicos_base_GenLAC_2024-12.xlsx'>documentos metodológicos</a>). Fuente: GenLAC (CEDLAS).
PER2018,Mujeres de baja calificación,PER,ENDES 2018,2018,3.130033016204834,4,4,Calificación (mujeres),4,Perú,Porcentaje de mujeres que piensan que está justificado que los maridos golpeen a sus esposas en algunas situaciones,Porcentaje de mujeres de 25 a 49 años que piensan que está justificado que los maridos golpeen a sus esposas en algunas situaciones,Las series pueden presentar saltos por cambios metodológicos en las encuestas (ver <a href='https://genlac.econo.unlp.edu.ar/wp-content/uploads/2024/12/Cambios_metodolo%CC%81gicos_base_GenLAC_2024-12.xlsx'>documentos metodológicos</a>). Fuente: GenLAC (CEDLAS).
PER2018,Mujeres de media calificación,PER,ENDES 2018,2018,.7327616214752197,5,5,Calificación (mujeres),4,Perú,Porcentaje de mujeres que piensan que está justificado que los maridos golpeen a sus esposas en algunas situaciones,Porcentaje de mujeres de 25 a 49 años que piensan que está justificado que los maridos golpeen a sus esposas en algunas situaciones,Las series pueden presentar saltos por cambios metodológicos en las encuestas (ver <a href='https://genlac.econo.unlp.edu.ar/wp-content/uploads/2024/12/Cambios_metodolo%CC%81gicos_base_GenLAC_2024-12.xlsx'>documentos metodológicos</a>). Fuente: GenLAC (CEDLAS).
PER2018,Mujeres de alta calificación,PER,ENDES 2018,2018,.2280062139034271,6,6,Calificación (mujeres),4,Perú,Porcentaje de mujeres que piensan que está justificado que los maridos golpeen a sus esposas en algunas situaciones,Porcentaje de mujeres de 25 a 49 años que piensan que está justificado que los maridos golpeen a sus esposas en algunas situaciones,Las series pueden presentar saltos por cambios metodológicos en las encuestas (ver <a href='https://genlac.econo.unlp.edu.ar/wp-content/uploads/2024/12/Cambios_metodolo%CC%81gicos_base_GenLAC_2024-12.xlsx'>documentos metodológicos</a>). Fuente: GenLAC (CEDLAS).
PER2019,Mujeres,PER,ENDES 2019,2019,1.388697266578674,1,1,Mujeres,1,Perú,Porcentaje de mujeres que piensan que está justificado que los maridos golpeen a sus esposas en algunas situaciones,Porcentaje de mujeres de 25 a 49 años que piensan que está justificado que los maridos golpeen a sus esposas en algunas situaciones,Las series pueden presentar saltos por cambios metodológicos en las encuestas (ver <a href='https://genlac.econo.unlp.edu.ar/wp-content/uploads/2024/12/Cambios_metodolo%CC%81gicos_base_GenLAC_2024-12.xlsx'>documentos metodológicos</a>). Fuente: GenLAC (CEDLAS).
PER2019,Mujeres solteras,PER,ENDES 2019,2019,1.131610870361328,2,2,Situación conyugal (mujeres),3,Perú,Porcentaje de mujeres que piensan que está justificado que los maridos golpeen a sus esposas en algunas situaciones,Porcentaje de mujeres de 25 a 49 años que piensan que está justificado que los maridos golpeen a sus esposas en algunas situaciones,Las series pueden presentar saltos por cambios metodológicos en las encuestas (ver <a href='https://genlac.econo.unlp.edu.ar/wp-content/uploads/2024/12/Cambios_metodolo%CC%81gicos_base_GenLAC_2024-12.xlsx'>documentos metodológicos</a>). Fuente: GenLAC (CEDLAS).
PER2019,Mujeres en pareja,PER,ENDES 2019,2019,1.499948620796204,3,3,Situación conyugal (mujeres),3,Perú,Porcentaje de mujeres que piensan que está justificado que los maridos golpeen a sus esposas en algunas situaciones,Porcentaje de mujeres de 25 a 49 años que piensan que está justificado que los maridos golpeen a sus esposas en algunas situaciones,Las series pueden presentar saltos por cambios metodológicos en las encuestas (ver <a href='https://genlac.econo.unlp.edu.ar/wp-content/uploads/2024/12/Cambios_metodolo%CC%81gicos_base_GenLAC_2024-12.xlsx'>documentos metodológicos</a>). Fuente: GenLAC (CEDLAS).
PER2019,Mujeres de baja calificación,PER,ENDES 2019,2019,2.483134508132935,4,4,Calificación (mujeres),4,Perú,Porcentaje de mujeres que piensan que está justificado que los maridos golpeen a sus esposas en algunas situaciones,Porcentaje de mujeres de 25 a 49 años que piensan que está justificado que los maridos golpeen a sus esposas en algunas situaciones,Las series pueden presentar saltos por cambios metodológicos en las encuestas (ver <a href='https://genlac.econo.unlp.edu.ar/wp-content/uploads/2024/12/Cambios_metodolo%CC%81gicos_base_GenLAC_2024-12.xlsx'>documentos metodológicos</a>). Fuente: GenLAC (CEDLAS).
PER2019,Mujeres de media calificación,PER,ENDES 2019,2019,.8185611963272095,5,5,Calificación (mujeres),4,Perú,Porcentaje de mujeres que piensan que está justificado que los maridos golpeen a sus esposas en algunas situaciones,Porcentaje de mujeres de 25 a 49 años que piensan que está justificado que los maridos golpeen a sus esposas en algunas situaciones,Las series pueden presentar saltos por cambios metodológicos en las encuestas (ver <a href='https://genlac.econo.unlp.edu.ar/wp-content/uploads/2024/12/Cambios_metodolo%CC%81gicos_base_GenLAC_2024-12.xlsx'>documentos metodológicos</a>). Fuente: GenLAC (CEDLAS).
PER2019,Mujeres de alta calificación,PER,ENDES 2019,2019,.9677296876907349,6,6,Calificación (mujeres),4,Perú,Porcentaje de mujeres que piensan que está justificado que los maridos golpeen a sus esposas en algunas situaciones,Porcentaje de mujeres de 25 a 49 años que piensan que está justificado que los maridos golpeen a sus esposas en algunas situaciones,Las series pueden presentar saltos por cambios metodológicos en las encuestas (ver <a href='https://genlac.econo.unlp.edu.ar/wp-content/uploads/2024/12/Cambios_metodolo%CC%81gicos_base_GenLAC_2024-12.xlsx'>documentos metodológicos</a>). Fuente: GenLAC (CEDLAS).
PER2020,Mujeres,PER,ENDES 2020,2020,1.80859637260437,1,1,Mujeres,1,Perú,Porcentaje de mujeres que piensan que está justificado que los maridos golpeen a sus esposas en algunas situaciones,Porcentaje de mujeres de 25 a 49 años que piensan que está justificado que los maridos golpeen a sus esposas en algunas situaciones,Las series pueden presentar saltos por cambios metodológicos en las encuestas (ver <a href='https://genlac.econo.unlp.edu.ar/wp-content/uploads/2024/12/Cambios_metodolo%CC%81gicos_base_GenLAC_2024-12.xlsx'>documentos metodológicos</a>). Fuente: GenLAC (CEDLAS).
PER2020,Mujeres solteras,PER,ENDES 2020,2020,1.711700081825256,2,2,Situación conyugal (mujeres),3,Perú,Porcentaje de mujeres que piensan que está justificado que los maridos golpeen a sus esposas en algunas situaciones,Porcentaje de mujeres de 25 a 49 años que piensan que está justificado que los maridos golpeen a sus esposas en algunas situaciones,Las series pueden presentar saltos por cambios metodológicos en las encuestas (ver <a href='https://genlac.econo.unlp.edu.ar/wp-content/uploads/2024/12/Cambios_metodolo%CC%81gicos_base_GenLAC_2024-12.xlsx'>documentos metodológicos</a>). Fuente: GenLAC (CEDLAS).
PER2020,Mujeres en pareja,PER,ENDES 2020,2020,1.851916551589966,3,3,Situación conyugal (mujeres),3,Perú,Porcentaje de mujeres que piensan que está justificado que los maridos golpeen a sus esposas en algunas situaciones,Porcentaje de mujeres de 25 a 49 años que piensan que está justificado que los maridos golpeen a sus esposas en algunas situaciones,Las series pueden presentar saltos por cambios metodológicos en las encuestas (ver <a href='https://genlac.econo.unlp.edu.ar/wp-content/uploads/2024/12/Cambios_metodolo%CC%81gicos_base_GenLAC_2024-12.xlsx'>documentos metodológicos</a>). Fuente: GenLAC (CEDLAS).
PER2020,Mujeres de baja calificación,PER,ENDES 2020,2020,2.723676443099976,4,4,Calificación (mujeres),4,Perú,Porcentaje de mujeres que piensan que está justificado que los maridos golpeen a sus esposas en algunas situaciones,Porcentaje de mujeres de 25 a 49 años que piensan que está justificado que los maridos golpeen a sus esposas en algunas situaciones,Las series pueden presentar saltos por cambios metodológicos en las encuestas (ver <a href='https://genlac.econo.unlp.edu.ar/wp-content/uploads/2024/12/Cambios_metodolo%CC%81gicos_base_GenLAC_2024-12.xlsx'>documentos metodológicos</a>). Fuente: GenLAC (CEDLAS).
PER2020,Mujeres de media calificación,PER,ENDES 2020,2020,1.20012378692627,5,5,Calificación (mujeres),4,Perú,Porcentaje de mujeres que piensan que está justificado que los maridos golpeen a sus esposas en algunas situaciones,Porcentaje de mujeres de 25 a 49 años que piensan que está justificado que los maridos golpeen a sus esposas en algunas situaciones,Las series pueden presentar saltos por cambios metodológicos en las encuestas (ver <a href='https://genlac.econo.unlp.edu.ar/wp-content/uploads/2024/12/Cambios_metodolo%CC%81gicos_base_GenLAC_2024-12.xlsx'>documentos metodológicos</a>). Fuente: GenLAC (CEDLAS).
PER2020,Mujeres de alta calificación,PER,ENDES 2020,2020,1.928400874137878,6,6,Calificación (mujeres),4,Perú,Porcentaje de mujeres que piensan que está justificado que los maridos golpeen a sus esposas en algunas situaciones,Porcentaje de mujeres de 25 a 49 años que piensan que está justificado que los maridos golpeen a sus esposas en algunas situaciones,Las series pueden presentar saltos por cambios metodológicos en las encuestas (ver <a href='https://genlac.econo.unlp.edu.ar/wp-content/uploads/2024/12/Cambios_metodolo%CC%81gicos_base_GenLAC_2024-12.xlsx'>documentos metodológicos</a>). Fuente: GenLAC (CEDLAS).
PER2021,Mujeres,PER,ENDES 2021,2021,1.407087206840515,1,1,Mujeres,1,Perú,Porcentaje de mujeres que piensan que está justificado que los maridos golpeen a sus esposas en algunas situaciones,Porcentaje de mujeres de 25 a 49 años que piensan que está justificado que los maridos golpeen a sus esposas en algunas situaciones,Las series pueden presentar saltos por cambios metodológicos en las encuestas (ver <a href='https://genlac.econo.unlp.edu.ar/wp-content/uploads/2024/12/Cambios_metodolo%CC%81gicos_base_GenLAC_2024-12.xlsx'>documentos metodológicos</a>). Fuente: GenLAC (CEDLAS).
PER2021,Mujeres solteras,PER,ENDES 2021,2021,1.241769194602966,2,2,Situación conyugal (mujeres),3,Perú,Porcentaje de mujeres que piensan que está justificado que los maridos golpeen a sus esposas en algunas situaciones,Porcentaje de mujeres de 25 a 49 años que piensan que está justificado que los maridos golpeen a sus esposas en algunas situaciones,Las series pueden presentar saltos por cambios metodológicos en las encuestas (ver <a href='https://genlac.econo.unlp.edu.ar/wp-content/uploads/2024/12/Cambios_metodolo%CC%81gicos_base_GenLAC_2024-12.xlsx'>documentos metodológicos</a>). Fuente: GenLAC (CEDLAS).
PER2021,Mujeres en pareja,PER,ENDES 2021,2021,1.484691262245178,3,3,Situación conyugal (mujeres),3,Perú,Porcentaje de mujeres que piensan que está justificado que los maridos golpeen a sus esposas en algunas situaciones,Porcentaje de mujeres de 25 a 49 años que piensan que está justificado que los maridos golpeen a sus esposas en algunas situaciones,Las series pueden presentar saltos por cambios metodológicos en las encuestas (ver <a href='https://genlac.econo.unlp.edu.ar/wp-content/uploads/2024/12/Cambios_metodolo%CC%81gicos_base_GenLAC_2024-12.xlsx'>documentos metodológicos</a>). Fuente: GenLAC (CEDLAS).
PER2021,Mujeres de baja calificación,PER,ENDES 2021,2021,2.659263610839844,4,4,Calificación (mujeres),4,Perú,Porcentaje de mujeres que piensan que está justificado que los maridos golpeen a sus esposas en algunas situaciones,Porcentaje de mujeres de 25 a 49 años que piensan que está justificado que los maridos golpeen a sus esposas en algunas situaciones,Las series pueden presentar saltos por cambios metodológicos en las encuestas (ver <a href='https://genlac.econo.unlp.edu.ar/wp-content/uploads/2024/12/Cambios_metodolo%CC%81gicos_base_GenLAC_2024-12.xlsx'>documentos metodológicos</a>). Fuente: GenLAC (CEDLAS).
PER2021,Mujeres de media calificación,PER,ENDES 2021,2021,.8209079504013062,5,5,Calificación (mujeres),4,Perú,Porcentaje de mujeres que piensan que está justificado que los maridos golpeen a sus esposas en algunas situaciones,Porcentaje de mujeres de 25 a 49 años que piensan que está justificado que los maridos golpeen a sus esposas en algunas situaciones,Las series pueden presentar saltos por cambios metodológicos en las encuestas (ver <a href='https://genlac.econo.unlp.edu.ar/wp-content/uploads/2024/12/Cambios_metodolo%CC%81gicos_base_GenLAC_2024-12.xlsx'>documentos metodológicos</a>). Fuente: GenLAC (CEDLAS).
PER2021,Mujeres de alta calificación,PER,ENDES 2021,2021,.7386171817779541,6,6,Calificación (mujeres),4,Perú,Porcentaje de mujeres que piensan que está justificado que los maridos golpeen a sus esposas en algunas situaciones,Porcentaje de mujeres de 25 a 49 años que piensan que está justificado que los maridos golpeen a sus esposas en algunas situaciones,Las series pueden presentar saltos por cambios metodológicos en las encuestas (ver <a href='https://genlac.econo.unlp.edu.ar/wp-content/uploads/2024/12/Cambios_metodolo%CC%81gicos_base_GenLAC_2024-12.xlsx'>documentos metodológicos</a>). Fuente: GenLAC (CEDLAS).
DOM2002,Mujeres,DOM,ENDESA 2002,2002,8.131004333496094,1,1,Mujeres,1,República Dominicana,Porcentaje de mujeres que piensan que está justificado que los maridos golpeen a sus esposas en algunas situaciones,Porcentaje de mujeres de 25 a 49 años que piensan que está justificado que los maridos golpeen a sus esposas en algunas situaciones,Las series pueden presentar saltos por cambios metodológicos en las encuestas (ver <a href='https://genlac.econo.unlp.edu.ar/wp-content/uploads/2024/12/Cambios_metodolo%CC%81gicos_base_GenLAC_2024-12.xlsx'>documentos metodológicos</a>). Fuente: GenLAC (CEDLAS).
DOM2002,Mujeres solteras,DOM,ENDESA 2002,2002,5.747971534729004,2,2,Situación conyugal (mujeres),3,República Dominicana,Porcentaje de mujeres que piensan que está justificado que los maridos golpeen a sus esposas en algunas situaciones,Porcentaje de mujeres de 25 a 49 años que piensan que está justificado que los maridos golpeen a sus esposas en algunas situaciones,Las series pueden presentar saltos por cambios metodológicos en las encuestas (ver <a href='https://genlac.econo.unlp.edu.ar/wp-content/uploads/2024/12/Cambios_metodolo%CC%81gicos_base_GenLAC_2024-12.xlsx'>documentos metodológicos</a>). Fuente: GenLAC (CEDLAS).
DOM2002,Mujeres en pareja,DOM,ENDESA 2002,2002,8.984652519226074,3,3,Situación conyugal (mujeres),3,República Dominicana,Porcentaje de mujeres que piensan que está justificado que los maridos golpeen a sus esposas en algunas situaciones,Porcentaje de mujeres de 25 a 49 años que piensan que está justificado que los maridos golpeen a sus esposas en algunas situaciones,Las series pueden presentar saltos por cambios metodológicos en las encuestas (ver <a href='https://genlac.econo.unlp.edu.ar/wp-content/uploads/2024/12/Cambios_metodolo%CC%81gicos_base_GenLAC_2024-12.xlsx'>documentos metodológicos</a>). Fuente: GenLAC (CEDLAS).
DOM2002,Mujeres de baja calificación,DOM,ENDESA 2002,2002,10.40637493133545,4,4,Calificación (mujeres),4,República Dominicana,Porcentaje de mujeres que piensan que está justificado que los maridos golpeen a sus esposas en algunas situaciones,Porcentaje de mujeres de 25 a 49 años que piensan que está justificado que los maridos golpeen a sus esposas en algunas situaciones,Las series pueden presentar saltos por cambios metodológicos en las encuestas (ver <a href='https://genlac.econo.unlp.edu.ar/wp-content/uploads/2024/12/Cambios_metodolo%CC%81gicos_base_GenLAC_2024-12.xlsx'>documentos metodológicos</a>). Fuente: GenLAC (CEDLAS).
DOM2002,Mujeres de media calificación,DOM,ENDESA 2002,2002,3.689455509185791,5,5,Calificación (mujeres),4,República Dominicana,Porcentaje de mujeres que piensan que está justificado que los maridos golpeen a sus esposas en algunas situaciones,Porcentaje de mujeres de 25 a 49 años que piensan que está justificado que los maridos golpeen a sus esposas en algunas situaciones,Las series pueden presentar saltos por cambios metodológicos en las encuestas (ver <a href='https://genlac.econo.unlp.edu.ar/wp-content/uploads/2024/12/Cambios_metodolo%CC%81gicos_base_GenLAC_2024-12.xlsx'>documentos metodológicos</a>). Fuente: GenLAC (CEDLAS).
DOM2002,Mujeres de alta calificación,DOM,ENDESA 2002,2002,1.254340410232544,6,6,Calificación (mujeres),4,República Dominicana,Porcentaje de mujeres que piensan que está justificado que los maridos golpeen a sus esposas en algunas situaciones,Porcentaje de mujeres de 25 a 49 años que piensan que está justificado que los maridos golpeen a sus esposas en algunas situaciones,Las series pueden presentar saltos por cambios metodológicos en las encuestas (ver <a href='https://genlac.econo.unlp.edu.ar/wp-content/uploads/2024/12/Cambios_metodolo%CC%81gicos_base_GenLAC_2024-12.xlsx'>documentos metodológicos</a>). Fuente: GenLAC (CEDLAS).
DOM2007,Mujeres,DOM,ENDESA 2007,2007,3.386030435562134,1,1,Mujeres,1,República Dominicana,Porcentaje de mujeres que piensan que está justificado que los maridos golpeen a sus esposas en algunas situaciones,Porcentaje de mujeres de 25 a 49 años que piensan que está justificado que los maridos golpeen a sus esposas en algunas situaciones,Las series pueden presentar saltos por cambios metodológicos en las encuestas (ver <a href='https://genlac.econo.unlp.edu.ar/wp-content/uploads/2024/12/Cambios_metodolo%CC%81gicos_base_GenLAC_2024-12.xlsx'>documentos metodológicos</a>). Fuente: GenLAC (CEDLAS).
DOM2007,Mujeres solteras,DOM,ENDESA 2007,2007,2.454912424087524,2,2,Situación conyugal (mujeres),3,República Dominicana,Porcentaje de mujeres que piensan que está justificado que los maridos golpeen a sus esposas en algunas situaciones,Porcentaje de mujeres de 25 a 49 años que piensan que está justificado que los maridos golpeen a sus esposas en algunas situaciones,Las series pueden presentar saltos por cambios metodológicos en las encuestas (ver <a href='https://genlac.econo.unlp.edu.ar/wp-content/uploads/2024/12/Cambios_metodolo%CC%81gicos_base_GenLAC_2024-12.xlsx'>documentos metodológicos</a>). Fuente: GenLAC (CEDLAS).
DOM2007,Mujeres en pareja,DOM,ENDESA 2007,2007,3.760202407836914,3,3,Situación conyugal (mujeres),3,República Dominicana,Porcentaje de mujeres que piensan que está justificado que los maridos golpeen a sus esposas en algunas situaciones,Porcentaje de mujeres de 25 a 49 años que piensan que está justificado que los maridos golpeen a sus esposas en algunas situaciones,Las series pueden presentar saltos por cambios metodológicos en las encuestas (ver <a href='https://genlac.econo.unlp.edu.ar/wp-content/uploads/2024/12/Cambios_metodolo%CC%81gicos_base_GenLAC_2024-12.xlsx'>documentos metodológicos</a>). Fuente: GenLAC (CEDLAS).
DOM2007,Mujeres de baja calificación,DOM,ENDESA 2007,2007,4.473274707794189,4,4,Calificación (mujeres),4,República Dominicana,Porcentaje de mujeres que piensan que está justificado que los maridos golpeen a sus esposas en algunas situaciones,Porcentaje de mujeres de 25 a 49 años que piensan que está justificado que los maridos golpeen a sus esposas en algunas situaciones,Las series pueden presentar saltos por cambios metodológicos en las encuestas (ver <a href='https://genlac.econo.unlp.edu.ar/wp-content/uploads/2024/12/Cambios_metodolo%CC%81gicos_base_GenLAC_2024-12.xlsx'>documentos metodológicos</a>). Fuente: GenLAC (CEDLAS).
DOM2007,Mujeres de media calificación,DOM,ENDESA 2007,2007,1.598559617996216,5,5,Calificación (mujeres),4,República Dominicana,Porcentaje de mujeres que piensan que está justificado que los maridos golpeen a sus esposas en algunas situaciones,Porcentaje de mujeres de 25 a 49 años que piensan que está justificado que los maridos golpeen a sus esposas en algunas situaciones,Las series pueden presentar saltos por cambios metodológicos en las encuestas (ver <a href='https://genlac.econo.unlp.edu.ar/wp-content/uploads/2024/12/Cambios_metodolo%CC%81gicos_base_GenLAC_2024-12.xlsx'>documentos metodológicos</a>). Fuente: GenLAC (CEDLAS).
DOM2007,Mujeres de alta calificación,DOM,ENDESA 2007,2007,.8309345841407776,6,6,Calificación (mujeres),4,República Dominicana,Porcentaje de mujeres que piensan que está justificado que los maridos golpeen a sus esposas en algunas situaciones,Porcentaje de mujeres de 25 a 49 años que piensan que está justificado que los maridos golpeen a sus esposas en algunas situaciones,Las series pueden presentar saltos por cambios metodológicos en las encuestas (ver <a href='https://genlac.econo.unlp.edu.ar/wp-content/uploads/2024/12/Cambios_metodolo%CC%81gicos_base_GenLAC_2024-12.xlsx'>documentos metodológicos</a>). Fuente: GenLAC (CEDLAS).
DOM2013,Mujeres,DOM,ENDESA 2013,2013,2.011989593505859,1,1,Mujeres,1,República Dominicana,Porcentaje de mujeres que piensan que está justificado que los maridos golpeen a sus esposas en algunas situaciones,Porcentaje de mujeres de 25 a 49 años que piensan que está justificado que los maridos golpeen a sus esposas en algunas situaciones,Las series pueden presentar saltos por cambios metodológicos en las encuestas (ver <a href='https://genlac.econo.unlp.edu.ar/wp-content/uploads/2024/12/Cambios_metodolo%CC%81gicos_base_GenLAC_2024-12.xlsx'>documentos metodológicos</a>). Fuente: GenLAC (CEDLAS).
DOM2013,Mujeres solteras,DOM,ENDESA 2013,2013,1.654958486557007,2,2,Situación conyugal (mujeres),3,República Dominicana,Porcentaje de mujeres que piensan que está justificado que los maridos golpeen a sus esposas en algunas situaciones,Porcentaje de mujeres de 25 a 49 años que piensan que está justificado que los maridos golpeen a sus esposas en algunas situaciones,Las series pueden presentar saltos por cambios metodológicos en las encuestas (ver <a href='https://genlac.econo.unlp.edu.ar/wp-content/uploads/2024/12/Cambios_metodolo%CC%81gicos_base_GenLAC_2024-12.xlsx'>documentos metodológicos</a>). Fuente: GenLAC (CEDLAS).
DOM2013,Mujeres en pareja,DOM,ENDESA 2013,2013,2.19576621055603,3,3,Situación conyugal (mujeres),3,República Dominicana,Porcentaje de mujeres que piensan que está justificado que los maridos golpeen a sus esposas en algunas situaciones,Porcentaje de mujeres de 25 a 49 años que piensan que está justificado que los maridos golpeen a sus esposas en algunas situaciones,Las series pueden presentar saltos por cambios metodológicos en las encuestas (ver <a href='https://genlac.econo.unlp.edu.ar/wp-content/uploads/2024/12/Cambios_metodolo%CC%81gicos_base_GenLAC_2024-12.xlsx'>documentos metodológicos</a>). Fuente: GenLAC (CEDLAS).
DOM2013,Mujeres de baja calificación,DOM,ENDESA 2013,2013,3.090788602828979,4,4,Calificación (mujeres),4,República Dominicana,Porcentaje de mujeres que piensan que está justificado que los maridos golpeen a sus esposas en algunas situaciones,Porcentaje de mujeres de 25 a 49 años que piensan que está justificado que los maridos golpeen a sus esposas en algunas situaciones,Las series pueden presentar saltos por cambios metodológicos en las encuestas (ver <a href='https://genlac.econo.unlp.edu.ar/wp-content/uploads/2024/12/Cambios_metodolo%CC%81gicos_base_GenLAC_2024-12.xlsx'>documentos metodológicos</a>). Fuente: GenLAC (CEDLAS).
DOM2013,Mujeres de media calificación,DOM,ENDESA 2013,2013,1.223817110061646,5,5,Calificación (mujeres),4,República Dominicana,Porcentaje de mujeres que piensan que está justificado que los maridos golpeen a sus esposas en algunas situaciones,Porcentaje de mujeres de 25 a 49 años que piensan que está justificado que los maridos golpeen a sus esposas en algunas situaciones,Las series pueden presentar saltos por cambios metodológicos en las encuestas (ver <a href='https://genlac.econo.unlp.edu.ar/wp-content/uploads/2024/12/Cambios_metodolo%CC%81gicos_base_GenLAC_2024-12.xlsx'>documentos metodológicos</a>). Fuente: GenLAC (CEDLAS).
DOM2013,Mujeres de alta calificación,DOM,ENDESA 2013,2013,.0471334829926491,6,6,Calificación (mujeres),4,República Dominicana,Porcentaje de mujeres que piensan que está justificado que los maridos golpeen a sus esposas en algunas situaciones,Porcentaje de mujeres de 25 a 49 años que piensan que está justificado que los maridos golpeen a sus esposas en algunas situaciones,Las series pueden presentar saltos por cambios metodológicos en las encuestas (ver <a href='https://genlac.econo.unlp.edu.ar/wp-content/uploads/2024/12/Cambios_metodolo%CC%81gicos_base_GenLAC_2024-12.xlsx'>documentos metodológicos</a>). Fuente: GenLAC (CEDLAS).
