id_paisano,desagregacion,pais_cod,ano,flag,valor,desagregacion_por_orden,variable_orden,desagregacion_ingles,comparacion_por,comparacion_por_orden,pais,detalle_indicador,indicador,disclaimer
ARG2015,Total,ARG,2015,"1,2",17.14310455322266,1,1,1,Total,1,Argentina,"% de alumnos de 15 años que esperan trabajar en ocupaciones relacionadas a STEM (Ciencia, Tecnología, Ingeniería y Matemática) a los 30 años.",Alumnos que esperan trabajar en ocupaciones STEM,Las series pueden presentar saltos por cambios metodológicos en las encuestas (ver documentos metodológicos). Fuente: GenLAC (CEDLAS).
ARG2015,Mujeres,ARG,2015,"1,2",10.40256214141846,2,2,2,Género,4,Argentina,"% de alumnos de 15 años que esperan trabajar en ocupaciones relacionadas a STEM (Ciencia, Tecnología, Ingeniería y Matemática) a los 30 años.",Alumnos que esperan trabajar en ocupaciones STEM,Las series pueden presentar saltos por cambios metodológicos en las encuestas (ver documentos metodológicos). Fuente: GenLAC (CEDLAS).
ARG2015,Hombres,ARG,2015,"1,2",25.36406135559082,3,3,3,Género,4,Argentina,"% de alumnos de 15 años que esperan trabajar en ocupaciones relacionadas a STEM (Ciencia, Tecnología, Ingeniería y Matemática) a los 30 años.",Alumnos que esperan trabajar en ocupaciones STEM,Las series pueden presentar saltos por cambios metodológicos en las encuestas (ver documentos metodológicos). Fuente: GenLAC (CEDLAS).
ARG2015,Mujeres en hogares con educación baja,ARG,2015,"1,2",7.633059978485107,4,4,4,Calificación (mujeres),5,Argentina,"% de alumnos de 15 años que esperan trabajar en ocupaciones relacionadas a STEM (Ciencia, Tecnología, Ingeniería y Matemática) a los 30 años.",Alumnos que esperan trabajar en ocupaciones STEM,Las series pueden presentar saltos por cambios metodológicos en las encuestas (ver documentos metodológicos). Fuente: GenLAC (CEDLAS).
ARG2015,Mujeres en hogares con educación media,ARG,2015,"1,2",9.657684326171875,5,5,5,Calificación (mujeres),5,Argentina,"% de alumnos de 15 años que esperan trabajar en ocupaciones relacionadas a STEM (Ciencia, Tecnología, Ingeniería y Matemática) a los 30 años.",Alumnos que esperan trabajar en ocupaciones STEM,Las series pueden presentar saltos por cambios metodológicos en las encuestas (ver documentos metodológicos). Fuente: GenLAC (CEDLAS).
ARG2015,Mujeres en hogares con educación alta,ARG,2015,"1,2",11.53721332550049,6,6,6,Calificación (mujeres),5,Argentina,"% de alumnos de 15 años que esperan trabajar en ocupaciones relacionadas a STEM (Ciencia, Tecnología, Ingeniería y Matemática) a los 30 años.",Alumnos que esperan trabajar en ocupaciones STEM,Las series pueden presentar saltos por cambios metodológicos en las encuestas (ver documentos metodológicos). Fuente: GenLAC (CEDLAS).
ARG2015,Hombres en hogares con educación baja,ARG,2015,"1,2",17.15432739257813,7,7,7,Calificación (hombres),6,Argentina,"% de alumnos de 15 años que esperan trabajar en ocupaciones relacionadas a STEM (Ciencia, Tecnología, Ingeniería y Matemática) a los 30 años.",Alumnos que esperan trabajar en ocupaciones STEM,Las series pueden presentar saltos por cambios metodológicos en las encuestas (ver documentos metodológicos). Fuente: GenLAC (CEDLAS).
ARG2015,Hombres en hogares con educación media,ARG,2015,"1,2",18.66940689086914,8,8,8,Calificación (hombres),6,Argentina,"% de alumnos de 15 años que esperan trabajar en ocupaciones relacionadas a STEM (Ciencia, Tecnología, Ingeniería y Matemática) a los 30 años.",Alumnos que esperan trabajar en ocupaciones STEM,Las series pueden presentar saltos por cambios metodológicos en las encuestas (ver documentos metodológicos). Fuente: GenLAC (CEDLAS).
ARG2015,Hombres en hogares con educación alta,ARG,2015,"1,2",29.26531600952148,9,9,9,Calificación (hombres),6,Argentina,"% de alumnos de 15 años que esperan trabajar en ocupaciones relacionadas a STEM (Ciencia, Tecnología, Ingeniería y Matemática) a los 30 años.",Alumnos que esperan trabajar en ocupaciones STEM,Las series pueden presentar saltos por cambios metodológicos en las encuestas (ver documentos metodológicos). Fuente: GenLAC (CEDLAS).
ARG2015,Mujer,ARG,2015,"1,2",10.40256214141846,10,10,10,Mujer,2,Argentina,"% de alumnos de 15 años que esperan trabajar en ocupaciones relacionadas a STEM (Ciencia, Tecnología, Ingeniería y Matemática) a los 30 años.",Alumnos que esperan trabajar en ocupaciones STEM,Las series pueden presentar saltos por cambios metodológicos en las encuestas (ver documentos metodológicos). Fuente: GenLAC (CEDLAS).
ARG2015,Hombre,ARG,2015,"1,2",25.36406135559082,11,11,11,Hombre,3,Argentina,"% de alumnos de 15 años que esperan trabajar en ocupaciones relacionadas a STEM (Ciencia, Tecnología, Ingeniería y Matemática) a los 30 años.",Alumnos que esperan trabajar en ocupaciones STEM,Las series pueden presentar saltos por cambios metodológicos en las encuestas (ver documentos metodológicos). Fuente: GenLAC (CEDLAS).
ARG2018,Total,ARG,2018,,12.58560657501221,1,1,1,Total,1,Argentina,"% de alumnos de 15 años que esperan trabajar en ocupaciones relacionadas a STEM (Ciencia, Tecnología, Ingeniería y Matemática) a los 30 años.",Alumnos que esperan trabajar en ocupaciones STEM,Las series pueden presentar saltos por cambios metodológicos en las encuestas (ver documentos metodológicos). Fuente: GenLAC (CEDLAS).
ARG2018,Mujeres,ARG,2018,,8.086176872253418,2,2,2,Género,4,Argentina,"% de alumnos de 15 años que esperan trabajar en ocupaciones relacionadas a STEM (Ciencia, Tecnología, Ingeniería y Matemática) a los 30 años.",Alumnos que esperan trabajar en ocupaciones STEM,Las series pueden presentar saltos por cambios metodológicos en las encuestas (ver documentos metodológicos). Fuente: GenLAC (CEDLAS).
ARG2018,Hombres,ARG,2018,,17.63249397277832,3,3,3,Género,4,Argentina,"% de alumnos de 15 años que esperan trabajar en ocupaciones relacionadas a STEM (Ciencia, Tecnología, Ingeniería y Matemática) a los 30 años.",Alumnos que esperan trabajar en ocupaciones STEM,Las series pueden presentar saltos por cambios metodológicos en las encuestas (ver documentos metodológicos). Fuente: GenLAC (CEDLAS).
ARG2018,Mujeres en hogares con educación baja,ARG,2018,,4.483863353729248,4,4,4,Calificación (mujeres),5,Argentina,"% de alumnos de 15 años que esperan trabajar en ocupaciones relacionadas a STEM (Ciencia, Tecnología, Ingeniería y Matemática) a los 30 años.",Alumnos que esperan trabajar en ocupaciones STEM,Las series pueden presentar saltos por cambios metodológicos en las encuestas (ver documentos metodológicos). Fuente: GenLAC (CEDLAS).
ARG2018,Mujeres en hogares con educación media,ARG,2018,,8.29621410369873,5,5,5,Calificación (mujeres),5,Argentina,"% de alumnos de 15 años que esperan trabajar en ocupaciones relacionadas a STEM (Ciencia, Tecnología, Ingeniería y Matemática) a los 30 años.",Alumnos que esperan trabajar en ocupaciones STEM,Las series pueden presentar saltos por cambios metodológicos en las encuestas (ver documentos metodológicos). Fuente: GenLAC (CEDLAS).
ARG2018,Mujeres en hogares con educación alta,ARG,2018,,10.9843864440918,6,6,6,Calificación (mujeres),5,Argentina,"% de alumnos de 15 años que esperan trabajar en ocupaciones relacionadas a STEM (Ciencia, Tecnología, Ingeniería y Matemática) a los 30 años.",Alumnos que esperan trabajar en ocupaciones STEM,Las series pueden presentar saltos por cambios metodológicos en las encuestas (ver documentos metodológicos). Fuente: GenLAC (CEDLAS).
ARG2018,Hombres en hogares con educación baja,ARG,2018,,14.14801597595215,7,7,7,Calificación (hombres),6,Argentina,"% de alumnos de 15 años que esperan trabajar en ocupaciones relacionadas a STEM (Ciencia, Tecnología, Ingeniería y Matemática) a los 30 años.",Alumnos que esperan trabajar en ocupaciones STEM,Las series pueden presentar saltos por cambios metodológicos en las encuestas (ver documentos metodológicos). Fuente: GenLAC (CEDLAS).
ARG2018,Hombres en hogares con educación media,ARG,2018,,15.8300085067749,8,8,8,Calificación (hombres),6,Argentina,"% de alumnos de 15 años que esperan trabajar en ocupaciones relacionadas a STEM (Ciencia, Tecnología, Ingeniería y Matemática) a los 30 años.",Alumnos que esperan trabajar en ocupaciones STEM,Las series pueden presentar saltos por cambios metodológicos en las encuestas (ver documentos metodológicos). Fuente: GenLAC (CEDLAS).
ARG2018,Hombres en hogares con educación alta,ARG,2018,,21.44207954406738,9,9,9,Calificación (hombres),6,Argentina,"% de alumnos de 15 años que esperan trabajar en ocupaciones relacionadas a STEM (Ciencia, Tecnología, Ingeniería y Matemática) a los 30 años.",Alumnos que esperan trabajar en ocupaciones STEM,Las series pueden presentar saltos por cambios metodológicos en las encuestas (ver documentos metodológicos). Fuente: GenLAC (CEDLAS).
ARG2018,Mujer,ARG,2018,,8.086176872253418,10,10,10,Mujer,2,Argentina,"% de alumnos de 15 años que esperan trabajar en ocupaciones relacionadas a STEM (Ciencia, Tecnología, Ingeniería y Matemática) a los 30 años.",Alumnos que esperan trabajar en ocupaciones STEM,Las series pueden presentar saltos por cambios metodológicos en las encuestas (ver documentos metodológicos). Fuente: GenLAC (CEDLAS).
ARG2018,Hombre,ARG,2018,,17.63249397277832,11,11,11,Hombre,3,Argentina,"% de alumnos de 15 años que esperan trabajar en ocupaciones relacionadas a STEM (Ciencia, Tecnología, Ingeniería y Matemática) a los 30 años.",Alumnos que esperan trabajar en ocupaciones STEM,Las series pueden presentar saltos por cambios metodológicos en las encuestas (ver documentos metodológicos). Fuente: GenLAC (CEDLAS).
BRA2015,Total,BRA,2015,1,21.53282165527344,1,1,1,Total,1,Brasil,"% de alumnos de 15 años que esperan trabajar en ocupaciones relacionadas a STEM (Ciencia, Tecnología, Ingeniería y Matemática) a los 30 años.",Alumnos que esperan trabajar en ocupaciones STEM,Las series pueden presentar saltos por cambios metodológicos en las encuestas (ver documentos metodológicos). Fuente: GenLAC (CEDLAS).
BRA2015,Mujeres,BRA,2015,1,14.76552391052246,2,2,2,Género,4,Brasil,"% de alumnos de 15 años que esperan trabajar en ocupaciones relacionadas a STEM (Ciencia, Tecnología, Ingeniería y Matemática) a los 30 años.",Alumnos que esperan trabajar en ocupaciones STEM,Las series pueden presentar saltos por cambios metodológicos en las encuestas (ver documentos metodológicos). Fuente: GenLAC (CEDLAS).
BRA2015,Hombres,BRA,2015,1,29.34188270568848,3,3,3,Género,4,Brasil,"% de alumnos de 15 años que esperan trabajar en ocupaciones relacionadas a STEM (Ciencia, Tecnología, Ingeniería y Matemática) a los 30 años.",Alumnos que esperan trabajar en ocupaciones STEM,Las series pueden presentar saltos por cambios metodológicos en las encuestas (ver documentos metodológicos). Fuente: GenLAC (CEDLAS).
BRA2015,Mujeres en hogares con educación baja,BRA,2015,1,12.27064228057861,4,4,4,Calificación (mujeres),5,Brasil,"% de alumnos de 15 años que esperan trabajar en ocupaciones relacionadas a STEM (Ciencia, Tecnología, Ingeniería y Matemática) a los 30 años.",Alumnos que esperan trabajar en ocupaciones STEM,Las series pueden presentar saltos por cambios metodológicos en las encuestas (ver documentos metodológicos). Fuente: GenLAC (CEDLAS).
BRA2015,Mujeres en hogares con educación media,BRA,2015,1,16.3160285949707,5,5,5,Calificación (mujeres),5,Brasil,"% de alumnos de 15 años que esperan trabajar en ocupaciones relacionadas a STEM (Ciencia, Tecnología, Ingeniería y Matemática) a los 30 años.",Alumnos que esperan trabajar en ocupaciones STEM,Las series pueden presentar saltos por cambios metodológicos en las encuestas (ver documentos metodológicos). Fuente: GenLAC (CEDLAS).
BRA2015,Mujeres en hogares con educación alta,BRA,2015,1,17.03263664245605,6,6,6,Calificación (mujeres),5,Brasil,"% de alumnos de 15 años que esperan trabajar en ocupaciones relacionadas a STEM (Ciencia, Tecnología, Ingeniería y Matemática) a los 30 años.",Alumnos que esperan trabajar en ocupaciones STEM,Las series pueden presentar saltos por cambios metodológicos en las encuestas (ver documentos metodológicos). Fuente: GenLAC (CEDLAS).
BRA2015,Hombres en hogares con educación baja,BRA,2015,1,25.28715133666992,7,7,7,Calificación (hombres),6,Brasil,"% de alumnos de 15 años que esperan trabajar en ocupaciones relacionadas a STEM (Ciencia, Tecnología, Ingeniería y Matemática) a los 30 años.",Alumnos que esperan trabajar en ocupaciones STEM,Las series pueden presentar saltos por cambios metodológicos en las encuestas (ver documentos metodológicos). Fuente: GenLAC (CEDLAS).
BRA2015,Hombres en hogares con educación media,BRA,2015,1,31.77934455871582,8,8,8,Calificación (hombres),6,Brasil,"% de alumnos de 15 años que esperan trabajar en ocupaciones relacionadas a STEM (Ciencia, Tecnología, Ingeniería y Matemática) a los 30 años.",Alumnos que esperan trabajar en ocupaciones STEM,Las series pueden presentar saltos por cambios metodológicos en las encuestas (ver documentos metodológicos). Fuente: GenLAC (CEDLAS).
BRA2015,Hombres en hogares con educación alta,BRA,2015,1,32.14426803588867,9,9,9,Calificación (hombres),6,Brasil,"% de alumnos de 15 años que esperan trabajar en ocupaciones relacionadas a STEM (Ciencia, Tecnología, Ingeniería y Matemática) a los 30 años.",Alumnos que esperan trabajar en ocupaciones STEM,Las series pueden presentar saltos por cambios metodológicos en las encuestas (ver documentos metodológicos). Fuente: GenLAC (CEDLAS).
BRA2015,Mujer,BRA,2015,1,14.76552391052246,10,10,10,Mujer,2,Brasil,"% de alumnos de 15 años que esperan trabajar en ocupaciones relacionadas a STEM (Ciencia, Tecnología, Ingeniería y Matemática) a los 30 años.",Alumnos que esperan trabajar en ocupaciones STEM,Las series pueden presentar saltos por cambios metodológicos en las encuestas (ver documentos metodológicos). Fuente: GenLAC (CEDLAS).
BRA2015,Hombre,BRA,2015,1,29.34188270568848,11,11,11,Hombre,3,Brasil,"% de alumnos de 15 años que esperan trabajar en ocupaciones relacionadas a STEM (Ciencia, Tecnología, Ingeniería y Matemática) a los 30 años.",Alumnos que esperan trabajar en ocupaciones STEM,Las series pueden presentar saltos por cambios metodológicos en las encuestas (ver documentos metodológicos). Fuente: GenLAC (CEDLAS).
BRA2018,Total,BRA,2018,,17.60761833190918,1,1,1,Total,1,Brasil,"% de alumnos de 15 años que esperan trabajar en ocupaciones relacionadas a STEM (Ciencia, Tecnología, Ingeniería y Matemática) a los 30 años.",Alumnos que esperan trabajar en ocupaciones STEM,Las series pueden presentar saltos por cambios metodológicos en las encuestas (ver documentos metodológicos). Fuente: GenLAC (CEDLAS).
BRA2018,Mujeres,BRA,2018,,10.59333515167236,2,2,2,Género,4,Brasil,"% de alumnos de 15 años que esperan trabajar en ocupaciones relacionadas a STEM (Ciencia, Tecnología, Ingeniería y Matemática) a los 30 años.",Alumnos que esperan trabajar en ocupaciones STEM,Las series pueden presentar saltos por cambios metodológicos en las encuestas (ver documentos metodológicos). Fuente: GenLAC (CEDLAS).
BRA2018,Hombres,BRA,2018,,25.27151489257813,3,3,3,Género,4,Brasil,"% de alumnos de 15 años que esperan trabajar en ocupaciones relacionadas a STEM (Ciencia, Tecnología, Ingeniería y Matemática) a los 30 años.",Alumnos que esperan trabajar en ocupaciones STEM,Las series pueden presentar saltos por cambios metodológicos en las encuestas (ver documentos metodológicos). Fuente: GenLAC (CEDLAS).
BRA2018,Mujeres en hogares con educación baja,BRA,2018,,7.754434108734131,4,4,4,Calificación (mujeres),5,Brasil,"% de alumnos de 15 años que esperan trabajar en ocupaciones relacionadas a STEM (Ciencia, Tecnología, Ingeniería y Matemática) a los 30 años.",Alumnos que esperan trabajar en ocupaciones STEM,Las series pueden presentar saltos por cambios metodológicos en las encuestas (ver documentos metodológicos). Fuente: GenLAC (CEDLAS).
BRA2018,Mujeres en hogares con educación media,BRA,2018,,11.99491119384766,5,5,5,Calificación (mujeres),5,Brasil,"% de alumnos de 15 años que esperan trabajar en ocupaciones relacionadas a STEM (Ciencia, Tecnología, Ingeniería y Matemática) a los 30 años.",Alumnos que esperan trabajar en ocupaciones STEM,Las series pueden presentar saltos por cambios metodológicos en las encuestas (ver documentos metodológicos). Fuente: GenLAC (CEDLAS).
BRA2018,Mujeres en hogares con educación alta,BRA,2018,,11.95264625549316,6,6,6,Calificación (mujeres),5,Brasil,"% de alumnos de 15 años que esperan trabajar en ocupaciones relacionadas a STEM (Ciencia, Tecnología, Ingeniería y Matemática) a los 30 años.",Alumnos que esperan trabajar en ocupaciones STEM,Las series pueden presentar saltos por cambios metodológicos en las encuestas (ver documentos metodológicos). Fuente: GenLAC (CEDLAS).
BRA2018,Hombres en hogares con educación baja,BRA,2018,,21.63794708251953,7,7,7,Calificación (hombres),6,Brasil,"% de alumnos de 15 años que esperan trabajar en ocupaciones relacionadas a STEM (Ciencia, Tecnología, Ingeniería y Matemática) a los 30 años.",Alumnos que esperan trabajar en ocupaciones STEM,Las series pueden presentar saltos por cambios metodológicos en las encuestas (ver documentos metodológicos). Fuente: GenLAC (CEDLAS).
BRA2018,Hombres en hogares con educación media,BRA,2018,,26.39424705505371,8,8,8,Calificación (hombres),6,Brasil,"% de alumnos de 15 años que esperan trabajar en ocupaciones relacionadas a STEM (Ciencia, Tecnología, Ingeniería y Matemática) a los 30 años.",Alumnos que esperan trabajar en ocupaciones STEM,Las series pueden presentar saltos por cambios metodológicos en las encuestas (ver documentos metodológicos). Fuente: GenLAC (CEDLAS).
BRA2018,Hombres en hogares con educación alta,BRA,2018,,27.7332878112793,9,9,9,Calificación (hombres),6,Brasil,"% de alumnos de 15 años que esperan trabajar en ocupaciones relacionadas a STEM (Ciencia, Tecnología, Ingeniería y Matemática) a los 30 años.",Alumnos que esperan trabajar en ocupaciones STEM,Las series pueden presentar saltos por cambios metodológicos en las encuestas (ver documentos metodológicos). Fuente: GenLAC (CEDLAS).
BRA2018,Mujer,BRA,2018,,10.59333515167236,10,10,10,Mujer,2,Brasil,"% de alumnos de 15 años que esperan trabajar en ocupaciones relacionadas a STEM (Ciencia, Tecnología, Ingeniería y Matemática) a los 30 años.",Alumnos que esperan trabajar en ocupaciones STEM,Las series pueden presentar saltos por cambios metodológicos en las encuestas (ver documentos metodológicos). Fuente: GenLAC (CEDLAS).
BRA2018,Hombre,BRA,2018,,25.27151489257813,11,11,11,Hombre,3,Brasil,"% de alumnos de 15 años que esperan trabajar en ocupaciones relacionadas a STEM (Ciencia, Tecnología, Ingeniería y Matemática) a los 30 años.",Alumnos que esperan trabajar en ocupaciones STEM,Las series pueden presentar saltos por cambios metodológicos en las encuestas (ver documentos metodológicos). Fuente: GenLAC (CEDLAS).
CHL2015,Total,CHL,2015,1,22.25356483459473,1,1,1,Total,1,Chile,"% de alumnos de 15 años que esperan trabajar en ocupaciones relacionadas a STEM (Ciencia, Tecnología, Ingeniería y Matemática) a los 30 años.",Alumnos que esperan trabajar en ocupaciones STEM,Las series pueden presentar saltos por cambios metodológicos en las encuestas (ver documentos metodológicos). Fuente: GenLAC (CEDLAS).
CHL2015,Mujeres,CHL,2015,1,13.06175804138184,2,2,2,Género,4,Chile,"% de alumnos de 15 años que esperan trabajar en ocupaciones relacionadas a STEM (Ciencia, Tecnología, Ingeniería y Matemática) a los 30 años.",Alumnos que esperan trabajar en ocupaciones STEM,Las series pueden presentar saltos por cambios metodológicos en las encuestas (ver documentos metodológicos). Fuente: GenLAC (CEDLAS).
CHL2015,Hombres,CHL,2015,1,31.57039642333984,3,3,3,Género,4,Chile,"% de alumnos de 15 años que esperan trabajar en ocupaciones relacionadas a STEM (Ciencia, Tecnología, Ingeniería y Matemática) a los 30 años.",Alumnos que esperan trabajar en ocupaciones STEM,Las series pueden presentar saltos por cambios metodológicos en las encuestas (ver documentos metodológicos). Fuente: GenLAC (CEDLAS).
CHL2015,Mujeres en hogares con educación baja,CHL,2015,1,10.12540149688721,4,4,4,Calificación (mujeres),5,Chile,"% de alumnos de 15 años que esperan trabajar en ocupaciones relacionadas a STEM (Ciencia, Tecnología, Ingeniería y Matemática) a los 30 años.",Alumnos que esperan trabajar en ocupaciones STEM,Las series pueden presentar saltos por cambios metodológicos en las encuestas (ver documentos metodológicos). Fuente: GenLAC (CEDLAS).
CHL2015,Mujeres en hogares con educación media,CHL,2015,1,14.20516967773438,5,5,5,Calificación (mujeres),5,Chile,"% de alumnos de 15 años que esperan trabajar en ocupaciones relacionadas a STEM (Ciencia, Tecnología, Ingeniería y Matemática) a los 30 años.",Alumnos que esperan trabajar en ocupaciones STEM,Las series pueden presentar saltos por cambios metodológicos en las encuestas (ver documentos metodológicos). Fuente: GenLAC (CEDLAS).
CHL2015,Mujeres en hogares con educación alta,CHL,2015,1,13.70567989349365,6,6,6,Calificación (mujeres),5,Chile,"% de alumnos de 15 años que esperan trabajar en ocupaciones relacionadas a STEM (Ciencia, Tecnología, Ingeniería y Matemática) a los 30 años.",Alumnos que esperan trabajar en ocupaciones STEM,Las series pueden presentar saltos por cambios metodológicos en las encuestas (ver documentos metodológicos). Fuente: GenLAC (CEDLAS).
CHL2015,Hombres en hogares con educación baja,CHL,2015,1,26.61618804931641,7,7,7,Calificación (hombres),6,Chile,"% de alumnos de 15 años que esperan trabajar en ocupaciones relacionadas a STEM (Ciencia, Tecnología, Ingeniería y Matemática) a los 30 años.",Alumnos que esperan trabajar en ocupaciones STEM,Las series pueden presentar saltos por cambios metodológicos en las encuestas (ver documentos metodológicos). Fuente: GenLAC (CEDLAS).
CHL2015,Hombres en hogares con educación media,CHL,2015,1,32.09867095947266,8,8,8,Calificación (hombres),6,Chile,"% de alumnos de 15 años que esperan trabajar en ocupaciones relacionadas a STEM (Ciencia, Tecnología, Ingeniería y Matemática) a los 30 años.",Alumnos que esperan trabajar en ocupaciones STEM,Las series pueden presentar saltos por cambios metodológicos en las encuestas (ver documentos metodológicos). Fuente: GenLAC (CEDLAS).
CHL2015,Hombres en hogares con educación alta,CHL,2015,1,33.49471664428711,9,9,9,Calificación (hombres),6,Chile,"% de alumnos de 15 años que esperan trabajar en ocupaciones relacionadas a STEM (Ciencia, Tecnología, Ingeniería y Matemática) a los 30 años.",Alumnos que esperan trabajar en ocupaciones STEM,Las series pueden presentar saltos por cambios metodológicos en las encuestas (ver documentos metodológicos). Fuente: GenLAC (CEDLAS).
CHL2015,Mujer,CHL,2015,1,13.06175804138184,10,10,10,Mujer,2,Chile,"% de alumnos de 15 años que esperan trabajar en ocupaciones relacionadas a STEM (Ciencia, Tecnología, Ingeniería y Matemática) a los 30 años.",Alumnos que esperan trabajar en ocupaciones STEM,Las series pueden presentar saltos por cambios metodológicos en las encuestas (ver documentos metodológicos). Fuente: GenLAC (CEDLAS).
CHL2015,Hombre,CHL,2015,1,31.57039642333984,11,11,11,Hombre,3,Chile,"% de alumnos de 15 años que esperan trabajar en ocupaciones relacionadas a STEM (Ciencia, Tecnología, Ingeniería y Matemática) a los 30 años.",Alumnos que esperan trabajar en ocupaciones STEM,Las series pueden presentar saltos por cambios metodológicos en las encuestas (ver documentos metodológicos). Fuente: GenLAC (CEDLAS).
CHL2018,Total,CHL,2018,,19.51594352722168,1,1,1,Total,1,Chile,"% de alumnos de 15 años que esperan trabajar en ocupaciones relacionadas a STEM (Ciencia, Tecnología, Ingeniería y Matemática) a los 30 años.",Alumnos que esperan trabajar en ocupaciones STEM,Las series pueden presentar saltos por cambios metodológicos en las encuestas (ver documentos metodológicos). Fuente: GenLAC (CEDLAS).
CHL2018,Mujeres,CHL,2018,,11.54546070098877,2,2,2,Género,4,Chile,"% de alumnos de 15 años que esperan trabajar en ocupaciones relacionadas a STEM (Ciencia, Tecnología, Ingeniería y Matemática) a los 30 años.",Alumnos que esperan trabajar en ocupaciones STEM,Las series pueden presentar saltos por cambios metodológicos en las encuestas (ver documentos metodológicos). Fuente: GenLAC (CEDLAS).
CHL2018,Hombres,CHL,2018,,27.66148376464844,3,3,3,Género,4,Chile,"% de alumnos de 15 años que esperan trabajar en ocupaciones relacionadas a STEM (Ciencia, Tecnología, Ingeniería y Matemática) a los 30 años.",Alumnos que esperan trabajar en ocupaciones STEM,Las series pueden presentar saltos por cambios metodológicos en las encuestas (ver documentos metodológicos). Fuente: GenLAC (CEDLAS).
CHL2018,Mujeres en hogares con educación baja,CHL,2018,,9.774211883544922,4,4,4,Calificación (mujeres),5,Chile,"% de alumnos de 15 años que esperan trabajar en ocupaciones relacionadas a STEM (Ciencia, Tecnología, Ingeniería y Matemática) a los 30 años.",Alumnos que esperan trabajar en ocupaciones STEM,Las series pueden presentar saltos por cambios metodológicos en las encuestas (ver documentos metodológicos). Fuente: GenLAC (CEDLAS).
CHL2018,Mujeres en hogares con educación media,CHL,2018,,11.19022655487061,5,5,5,Calificación (mujeres),5,Chile,"% de alumnos de 15 años que esperan trabajar en ocupaciones relacionadas a STEM (Ciencia, Tecnología, Ingeniería y Matemática) a los 30 años.",Alumnos que esperan trabajar en ocupaciones STEM,Las series pueden presentar saltos por cambios metodológicos en las encuestas (ver documentos metodológicos). Fuente: GenLAC (CEDLAS).
CHL2018,Mujeres en hogares con educación alta,CHL,2018,,12.41877460479736,6,6,6,Calificación (mujeres),5,Chile,"% de alumnos de 15 años que esperan trabajar en ocupaciones relacionadas a STEM (Ciencia, Tecnología, Ingeniería y Matemática) a los 30 años.",Alumnos que esperan trabajar en ocupaciones STEM,Las series pueden presentar saltos por cambios metodológicos en las encuestas (ver documentos metodológicos). Fuente: GenLAC (CEDLAS).
CHL2018,Hombres en hogares con educación baja,CHL,2018,,19.97479248046875,7,7,7,Calificación (hombres),6,Chile,"% de alumnos de 15 años que esperan trabajar en ocupaciones relacionadas a STEM (Ciencia, Tecnología, Ingeniería y Matemática) a los 30 años.",Alumnos que esperan trabajar en ocupaciones STEM,Las series pueden presentar saltos por cambios metodológicos en las encuestas (ver documentos metodológicos). Fuente: GenLAC (CEDLAS).
CHL2018,Hombres en hogares con educación media,CHL,2018,,28.9465503692627,8,8,8,Calificación (hombres),6,Chile,"% de alumnos de 15 años que esperan trabajar en ocupaciones relacionadas a STEM (Ciencia, Tecnología, Ingeniería y Matemática) a los 30 años.",Alumnos que esperan trabajar en ocupaciones STEM,Las series pueden presentar saltos por cambios metodológicos en las encuestas (ver documentos metodológicos). Fuente: GenLAC (CEDLAS).
CHL2018,Hombres en hogares con educación alta,CHL,2018,,30.11538696289063,9,9,9,Calificación (hombres),6,Chile,"% de alumnos de 15 años que esperan trabajar en ocupaciones relacionadas a STEM (Ciencia, Tecnología, Ingeniería y Matemática) a los 30 años.",Alumnos que esperan trabajar en ocupaciones STEM,Las series pueden presentar saltos por cambios metodológicos en las encuestas (ver documentos metodológicos). Fuente: GenLAC (CEDLAS).
CHL2018,Mujer,CHL,2018,,11.54546070098877,10,10,10,Mujer,2,Chile,"% de alumnos de 15 años que esperan trabajar en ocupaciones relacionadas a STEM (Ciencia, Tecnología, Ingeniería y Matemática) a los 30 años.",Alumnos que esperan trabajar en ocupaciones STEM,Las series pueden presentar saltos por cambios metodológicos en las encuestas (ver documentos metodológicos). Fuente: GenLAC (CEDLAS).
CHL2018,Hombre,CHL,2018,,27.66148376464844,11,11,11,Hombre,3,Chile,"% de alumnos de 15 años que esperan trabajar en ocupaciones relacionadas a STEM (Ciencia, Tecnología, Ingeniería y Matemática) a los 30 años.",Alumnos que esperan trabajar en ocupaciones STEM,Las series pueden presentar saltos por cambios metodológicos en las encuestas (ver documentos metodológicos). Fuente: GenLAC (CEDLAS).
COL2015,Total,COL,2015,1,17.69710350036621,1,1,1,Total,1,Colombia,"% de alumnos de 15 años que esperan trabajar en ocupaciones relacionadas a STEM (Ciencia, Tecnología, Ingeniería y Matemática) a los 30 años.",Alumnos que esperan trabajar en ocupaciones STEM,Las series pueden presentar saltos por cambios metodológicos en las encuestas (ver documentos metodológicos). Fuente: GenLAC (CEDLAS).
COL2015,Mujeres,COL,2015,1,10.22215938568115,2,2,2,Género,4,Colombia,"% de alumnos de 15 años que esperan trabajar en ocupaciones relacionadas a STEM (Ciencia, Tecnología, Ingeniería y Matemática) a los 30 años.",Alumnos que esperan trabajar en ocupaciones STEM,Las series pueden presentar saltos por cambios metodológicos en las encuestas (ver documentos metodológicos). Fuente: GenLAC (CEDLAS).
COL2015,Hombres,COL,2015,1,26.21230697631836,3,3,3,Género,4,Colombia,"% de alumnos de 15 años que esperan trabajar en ocupaciones relacionadas a STEM (Ciencia, Tecnología, Ingeniería y Matemática) a los 30 años.",Alumnos que esperan trabajar en ocupaciones STEM,Las series pueden presentar saltos por cambios metodológicos en las encuestas (ver documentos metodológicos). Fuente: GenLAC (CEDLAS).
COL2015,Mujeres en hogares con educación baja,COL,2015,1,8.897558212280273,4,4,4,Calificación (mujeres),5,Colombia,"% de alumnos de 15 años que esperan trabajar en ocupaciones relacionadas a STEM (Ciencia, Tecnología, Ingeniería y Matemática) a los 30 años.",Alumnos que esperan trabajar en ocupaciones STEM,Las series pueden presentar saltos por cambios metodológicos en las encuestas (ver documentos metodológicos). Fuente: GenLAC (CEDLAS).
COL2015,Mujeres en hogares con educación media,COL,2015,1,9.496377944946289,5,5,5,Calificación (mujeres),5,Colombia,"% de alumnos de 15 años que esperan trabajar en ocupaciones relacionadas a STEM (Ciencia, Tecnología, Ingeniería y Matemática) a los 30 años.",Alumnos que esperan trabajar en ocupaciones STEM,Las series pueden presentar saltos por cambios metodológicos en las encuestas (ver documentos metodológicos). Fuente: GenLAC (CEDLAS).
COL2015,Mujeres en hogares con educación alta,COL,2015,1,11.13139724731445,6,6,6,Calificación (mujeres),5,Colombia,"% de alumnos de 15 años que esperan trabajar en ocupaciones relacionadas a STEM (Ciencia, Tecnología, Ingeniería y Matemática) a los 30 años.",Alumnos que esperan trabajar en ocupaciones STEM,Las series pueden presentar saltos por cambios metodológicos en las encuestas (ver documentos metodológicos). Fuente: GenLAC (CEDLAS).
COL2015,Hombres en hogares con educación baja,COL,2015,1,25.12104225158691,7,7,7,Calificación (hombres),6,Colombia,"% de alumnos de 15 años que esperan trabajar en ocupaciones relacionadas a STEM (Ciencia, Tecnología, Ingeniería y Matemática) a los 30 años.",Alumnos que esperan trabajar en ocupaciones STEM,Las series pueden presentar saltos por cambios metodológicos en las encuestas (ver documentos metodológicos). Fuente: GenLAC (CEDLAS).
COL2015,Hombres en hogares con educación media,COL,2015,1,24.07809257507324,8,8,8,Calificación (hombres),6,Colombia,"% de alumnos de 15 años que esperan trabajar en ocupaciones relacionadas a STEM (Ciencia, Tecnología, Ingeniería y Matemática) a los 30 años.",Alumnos que esperan trabajar en ocupaciones STEM,Las series pueden presentar saltos por cambios metodológicos en las encuestas (ver documentos metodológicos). Fuente: GenLAC (CEDLAS).
COL2015,Hombres en hogares con educación alta,COL,2015,1,27.81137847900391,9,9,9,Calificación (hombres),6,Colombia,"% de alumnos de 15 años que esperan trabajar en ocupaciones relacionadas a STEM (Ciencia, Tecnología, Ingeniería y Matemática) a los 30 años.",Alumnos que esperan trabajar en ocupaciones STEM,Las series pueden presentar saltos por cambios metodológicos en las encuestas (ver documentos metodológicos). Fuente: GenLAC (CEDLAS).
COL2015,Mujer,COL,2015,1,10.22215938568115,10,10,10,Mujer,2,Colombia,"% de alumnos de 15 años que esperan trabajar en ocupaciones relacionadas a STEM (Ciencia, Tecnología, Ingeniería y Matemática) a los 30 años.",Alumnos que esperan trabajar en ocupaciones STEM,Las series pueden presentar saltos por cambios metodológicos en las encuestas (ver documentos metodológicos). Fuente: GenLAC (CEDLAS).
COL2015,Hombre,COL,2015,1,26.21230697631836,11,11,11,Hombre,3,Colombia,"% de alumnos de 15 años que esperan trabajar en ocupaciones relacionadas a STEM (Ciencia, Tecnología, Ingeniería y Matemática) a los 30 años.",Alumnos que esperan trabajar en ocupaciones STEM,Las series pueden presentar saltos por cambios metodológicos en las encuestas (ver documentos metodológicos). Fuente: GenLAC (CEDLAS).
COL2018,Total,COL,2018,,20.75105285644531,1,1,1,Total,1,Colombia,"% de alumnos de 15 años que esperan trabajar en ocupaciones relacionadas a STEM (Ciencia, Tecnología, Ingeniería y Matemática) a los 30 años.",Alumnos que esperan trabajar en ocupaciones STEM,Las series pueden presentar saltos por cambios metodológicos en las encuestas (ver documentos metodológicos). Fuente: GenLAC (CEDLAS).
COL2018,Mujeres,COL,2018,,10.77542781829834,2,2,2,Género,4,Colombia,"% de alumnos de 15 años que esperan trabajar en ocupaciones relacionadas a STEM (Ciencia, Tecnología, Ingeniería y Matemática) a los 30 años.",Alumnos que esperan trabajar en ocupaciones STEM,Las series pueden presentar saltos por cambios metodológicos en las encuestas (ver documentos metodológicos). Fuente: GenLAC (CEDLAS).
COL2018,Hombres,COL,2018,,31.52180862426758,3,3,3,Género,4,Colombia,"% de alumnos de 15 años que esperan trabajar en ocupaciones relacionadas a STEM (Ciencia, Tecnología, Ingeniería y Matemática) a los 30 años.",Alumnos que esperan trabajar en ocupaciones STEM,Las series pueden presentar saltos por cambios metodológicos en las encuestas (ver documentos metodológicos). Fuente: GenLAC (CEDLAS).
COL2018,Mujeres en hogares con educación baja,COL,2018,,8.800736427307129,4,4,4,Calificación (mujeres),5,Colombia,"% de alumnos de 15 años que esperan trabajar en ocupaciones relacionadas a STEM (Ciencia, Tecnología, Ingeniería y Matemática) a los 30 años.",Alumnos que esperan trabajar en ocupaciones STEM,Las series pueden presentar saltos por cambios metodológicos en las encuestas (ver documentos metodológicos). Fuente: GenLAC (CEDLAS).
COL2018,Mujeres en hogares con educación media,COL,2018,,11.65672206878662,5,5,5,Calificación (mujeres),5,Colombia,"% de alumnos de 15 años que esperan trabajar en ocupaciones relacionadas a STEM (Ciencia, Tecnología, Ingeniería y Matemática) a los 30 años.",Alumnos que esperan trabajar en ocupaciones STEM,Las series pueden presentar saltos por cambios metodológicos en las encuestas (ver documentos metodológicos). Fuente: GenLAC (CEDLAS).
COL2018,Mujeres en hogares con educación alta,COL,2018,,11.99756717681885,6,6,6,Calificación (mujeres),5,Colombia,"% de alumnos de 15 años que esperan trabajar en ocupaciones relacionadas a STEM (Ciencia, Tecnología, Ingeniería y Matemática) a los 30 años.",Alumnos que esperan trabajar en ocupaciones STEM,Las series pueden presentar saltos por cambios metodológicos en las encuestas (ver documentos metodológicos). Fuente: GenLAC (CEDLAS).
COL2018,Hombres en hogares con educación baja,COL,2018,,28.44541358947754,7,7,7,Calificación (hombres),6,Colombia,"% de alumnos de 15 años que esperan trabajar en ocupaciones relacionadas a STEM (Ciencia, Tecnología, Ingeniería y Matemática) a los 30 años.",Alumnos que esperan trabajar en ocupaciones STEM,Las series pueden presentar saltos por cambios metodológicos en las encuestas (ver documentos metodológicos). Fuente: GenLAC (CEDLAS).
COL2018,Hombres en hogares con educación media,COL,2018,,33.87199020385742,8,8,8,Calificación (hombres),6,Colombia,"% de alumnos de 15 años que esperan trabajar en ocupaciones relacionadas a STEM (Ciencia, Tecnología, Ingeniería y Matemática) a los 30 años.",Alumnos que esperan trabajar en ocupaciones STEM,Las series pueden presentar saltos por cambios metodológicos en las encuestas (ver documentos metodológicos). Fuente: GenLAC (CEDLAS).
COL2018,Hombres en hogares con educación alta,COL,2018,,31.74640846252441,9,9,9,Calificación (hombres),6,Colombia,"% de alumnos de 15 años que esperan trabajar en ocupaciones relacionadas a STEM (Ciencia, Tecnología, Ingeniería y Matemática) a los 30 años.",Alumnos que esperan trabajar en ocupaciones STEM,Las series pueden presentar saltos por cambios metodológicos en las encuestas (ver documentos metodológicos). Fuente: GenLAC (CEDLAS).
COL2018,Mujer,COL,2018,,10.77542781829834,10,10,10,Mujer,2,Colombia,"% de alumnos de 15 años que esperan trabajar en ocupaciones relacionadas a STEM (Ciencia, Tecnología, Ingeniería y Matemática) a los 30 años.",Alumnos que esperan trabajar en ocupaciones STEM,Las series pueden presentar saltos por cambios metodológicos en las encuestas (ver documentos metodológicos). Fuente: GenLAC (CEDLAS).
COL2018,Hombre,COL,2018,,31.52180862426758,11,11,11,Hombre,3,Colombia,"% de alumnos de 15 años que esperan trabajar en ocupaciones relacionadas a STEM (Ciencia, Tecnología, Ingeniería y Matemática) a los 30 años.",Alumnos que esperan trabajar en ocupaciones STEM,Las series pueden presentar saltos por cambios metodológicos en las encuestas (ver documentos metodológicos). Fuente: GenLAC (CEDLAS).
CRI2015,Total,CRI,2015,1,23.74904441833496,1,1,1,Total,1,Costa Rica,"% de alumnos de 15 años que esperan trabajar en ocupaciones relacionadas a STEM (Ciencia, Tecnología, Ingeniería y Matemática) a los 30 años.",Alumnos que esperan trabajar en ocupaciones STEM,Las series pueden presentar saltos por cambios metodológicos en las encuestas (ver documentos metodológicos). Fuente: GenLAC (CEDLAS).
CRI2015,Mujeres,CRI,2015,1,13.90132522583008,2,2,2,Género,4,Costa Rica,"% de alumnos de 15 años que esperan trabajar en ocupaciones relacionadas a STEM (Ciencia, Tecnología, Ingeniería y Matemática) a los 30 años.",Alumnos que esperan trabajar en ocupaciones STEM,Las series pueden presentar saltos por cambios metodológicos en las encuestas (ver documentos metodológicos). Fuente: GenLAC (CEDLAS).
CRI2015,Hombres,CRI,2015,1,34.08842468261719,3,3,3,Género,4,Costa Rica,"% de alumnos de 15 años que esperan trabajar en ocupaciones relacionadas a STEM (Ciencia, Tecnología, Ingeniería y Matemática) a los 30 años.",Alumnos que esperan trabajar en ocupaciones STEM,Las series pueden presentar saltos por cambios metodológicos en las encuestas (ver documentos metodológicos). Fuente: GenLAC (CEDLAS).
CRI2015,Mujeres en hogares con educación baja,CRI,2015,1,12.36362648010254,4,4,4,Calificación (mujeres),5,Costa Rica,"% de alumnos de 15 años que esperan trabajar en ocupaciones relacionadas a STEM (Ciencia, Tecnología, Ingeniería y Matemática) a los 30 años.",Alumnos que esperan trabajar en ocupaciones STEM,Las series pueden presentar saltos por cambios metodológicos en las encuestas (ver documentos metodológicos). Fuente: GenLAC (CEDLAS).
CRI2015,Mujeres en hogares con educación media,CRI,2015,1,13.47032451629639,5,5,5,Calificación (mujeres),5,Costa Rica,"% de alumnos de 15 años que esperan trabajar en ocupaciones relacionadas a STEM (Ciencia, Tecnología, Ingeniería y Matemática) a los 30 años.",Alumnos que esperan trabajar en ocupaciones STEM,Las series pueden presentar saltos por cambios metodológicos en las encuestas (ver documentos metodológicos). Fuente: GenLAC (CEDLAS).
CRI2015,Mujeres en hogares con educación alta,CRI,2015,1,16.11017990112305,6,6,6,Calificación (mujeres),5,Costa Rica,"% de alumnos de 15 años que esperan trabajar en ocupaciones relacionadas a STEM (Ciencia, Tecnología, Ingeniería y Matemática) a los 30 años.",Alumnos que esperan trabajar en ocupaciones STEM,Las series pueden presentar saltos por cambios metodológicos en las encuestas (ver documentos metodológicos). Fuente: GenLAC (CEDLAS).
CRI2015,Hombres en hogares con educación baja,CRI,2015,1,28.73964691162109,7,7,7,Calificación (hombres),6,Costa Rica,"% de alumnos de 15 años que esperan trabajar en ocupaciones relacionadas a STEM (Ciencia, Tecnología, Ingeniería y Matemática) a los 30 años.",Alumnos que esperan trabajar en ocupaciones STEM,Las series pueden presentar saltos por cambios metodológicos en las encuestas (ver documentos metodológicos). Fuente: GenLAC (CEDLAS).
CRI2015,Hombres en hogares con educación media,CRI,2015,1,38.64065170288086,8,8,8,Calificación (hombres),6,Costa Rica,"% de alumnos de 15 años que esperan trabajar en ocupaciones relacionadas a STEM (Ciencia, Tecnología, Ingeniería y Matemática) a los 30 años.",Alumnos que esperan trabajar en ocupaciones STEM,Las series pueden presentar saltos por cambios metodológicos en las encuestas (ver documentos metodológicos). Fuente: GenLAC (CEDLAS).
CRI2015,Hombres en hogares con educación alta,CRI,2015,1,39.38678359985352,9,9,9,Calificación (hombres),6,Costa Rica,"% de alumnos de 15 años que esperan trabajar en ocupaciones relacionadas a STEM (Ciencia, Tecnología, Ingeniería y Matemática) a los 30 años.",Alumnos que esperan trabajar en ocupaciones STEM,Las series pueden presentar saltos por cambios metodológicos en las encuestas (ver documentos metodológicos). Fuente: GenLAC (CEDLAS).
CRI2015,Mujer,CRI,2015,1,13.90132522583008,10,10,10,Mujer,2,Costa Rica,"% de alumnos de 15 años que esperan trabajar en ocupaciones relacionadas a STEM (Ciencia, Tecnología, Ingeniería y Matemática) a los 30 años.",Alumnos que esperan trabajar en ocupaciones STEM,Las series pueden presentar saltos por cambios metodológicos en las encuestas (ver documentos metodológicos). Fuente: GenLAC (CEDLAS).
CRI2015,Hombre,CRI,2015,1,34.08842468261719,11,11,11,Hombre,3,Costa Rica,"% de alumnos de 15 años que esperan trabajar en ocupaciones relacionadas a STEM (Ciencia, Tecnología, Ingeniería y Matemática) a los 30 años.",Alumnos que esperan trabajar en ocupaciones STEM,Las series pueden presentar saltos por cambios metodológicos en las encuestas (ver documentos metodológicos). Fuente: GenLAC (CEDLAS).
CRI2018,Total,CRI,2018,,23.75493049621582,1,1,1,Total,1,Costa Rica,"% de alumnos de 15 años que esperan trabajar en ocupaciones relacionadas a STEM (Ciencia, Tecnología, Ingeniería y Matemática) a los 30 años.",Alumnos que esperan trabajar en ocupaciones STEM,Las series pueden presentar saltos por cambios metodológicos en las encuestas (ver documentos metodológicos). Fuente: GenLAC (CEDLAS).
CRI2018,Mujeres,CRI,2018,,15.22110748291016,2,2,2,Género,4,Costa Rica,"% de alumnos de 15 años que esperan trabajar en ocupaciones relacionadas a STEM (Ciencia, Tecnología, Ingeniería y Matemática) a los 30 años.",Alumnos que esperan trabajar en ocupaciones STEM,Las series pueden presentar saltos por cambios metodológicos en las encuestas (ver documentos metodológicos). Fuente: GenLAC (CEDLAS).
CRI2018,Hombres,CRI,2018,,32.93125534057617,3,3,3,Género,4,Costa Rica,"% de alumnos de 15 años que esperan trabajar en ocupaciones relacionadas a STEM (Ciencia, Tecnología, Ingeniería y Matemática) a los 30 años.",Alumnos que esperan trabajar en ocupaciones STEM,Las series pueden presentar saltos por cambios metodológicos en las encuestas (ver documentos metodológicos). Fuente: GenLAC (CEDLAS).
CRI2018,Mujeres en hogares con educación baja,CRI,2018,,12.3986988067627,4,4,4,Calificación (mujeres),5,Costa Rica,"% de alumnos de 15 años que esperan trabajar en ocupaciones relacionadas a STEM (Ciencia, Tecnología, Ingeniería y Matemática) a los 30 años.",Alumnos que esperan trabajar en ocupaciones STEM,Las series pueden presentar saltos por cambios metodológicos en las encuestas (ver documentos metodológicos). Fuente: GenLAC (CEDLAS).
CRI2018,Mujeres en hogares con educación media,CRI,2018,,19.14655303955078,5,5,5,Calificación (mujeres),5,Costa Rica,"% de alumnos de 15 años que esperan trabajar en ocupaciones relacionadas a STEM (Ciencia, Tecnología, Ingeniería y Matemática) a los 30 años.",Alumnos que esperan trabajar en ocupaciones STEM,Las series pueden presentar saltos por cambios metodológicos en las encuestas (ver documentos metodológicos). Fuente: GenLAC (CEDLAS).
CRI2018,Mujeres en hogares con educación alta,CRI,2018,,17.56682395935059,6,6,6,Calificación (mujeres),5,Costa Rica,"% de alumnos de 15 años que esperan trabajar en ocupaciones relacionadas a STEM (Ciencia, Tecnología, Ingeniería y Matemática) a los 30 años.",Alumnos que esperan trabajar en ocupaciones STEM,Las series pueden presentar saltos por cambios metodológicos en las encuestas (ver documentos metodológicos). Fuente: GenLAC (CEDLAS).
CRI2018,Hombres en hogares con educación baja,CRI,2018,,28.1004467010498,7,7,7,Calificación (hombres),6,Costa Rica,"% de alumnos de 15 años que esperan trabajar en ocupaciones relacionadas a STEM (Ciencia, Tecnología, Ingeniería y Matemática) a los 30 años.",Alumnos que esperan trabajar en ocupaciones STEM,Las series pueden presentar saltos por cambios metodológicos en las encuestas (ver documentos metodológicos). Fuente: GenLAC (CEDLAS).
CRI2018,Hombres en hogares con educación media,CRI,2018,,30.13518905639648,8,8,8,Calificación (hombres),6,Costa Rica,"% de alumnos de 15 años que esperan trabajar en ocupaciones relacionadas a STEM (Ciencia, Tecnología, Ingeniería y Matemática) a los 30 años.",Alumnos que esperan trabajar en ocupaciones STEM,Las series pueden presentar saltos por cambios metodológicos en las encuestas (ver documentos metodológicos). Fuente: GenLAC (CEDLAS).
CRI2018,Hombres en hogares con educación alta,CRI,2018,,38.1750602722168,9,9,9,Calificación (hombres),6,Costa Rica,"% de alumnos de 15 años que esperan trabajar en ocupaciones relacionadas a STEM (Ciencia, Tecnología, Ingeniería y Matemática) a los 30 años.",Alumnos que esperan trabajar en ocupaciones STEM,Las series pueden presentar saltos por cambios metodológicos en las encuestas (ver documentos metodológicos). Fuente: GenLAC (CEDLAS).
CRI2018,Mujer,CRI,2018,,15.22110748291016,10,10,10,Mujer,2,Costa Rica,"% de alumnos de 15 años que esperan trabajar en ocupaciones relacionadas a STEM (Ciencia, Tecnología, Ingeniería y Matemática) a los 30 años.",Alumnos que esperan trabajar en ocupaciones STEM,Las series pueden presentar saltos por cambios metodológicos en las encuestas (ver documentos metodológicos). Fuente: GenLAC (CEDLAS).
CRI2018,Hombre,CRI,2018,,32.93125534057617,11,11,11,Hombre,3,Costa Rica,"% de alumnos de 15 años que esperan trabajar en ocupaciones relacionadas a STEM (Ciencia, Tecnología, Ingeniería y Matemática) a los 30 años.",Alumnos que esperan trabajar en ocupaciones STEM,Las series pueden presentar saltos por cambios metodológicos en las encuestas (ver documentos metodológicos). Fuente: GenLAC (CEDLAS).
MEX2015,Total,MEX,2015,1,21.94194412231445,1,1,1,Total,1,México,"% de alumnos de 15 años que esperan trabajar en ocupaciones relacionadas a STEM (Ciencia, Tecnología, Ingeniería y Matemática) a los 30 años.",Alumnos que esperan trabajar en ocupaciones STEM,Las series pueden presentar saltos por cambios metodológicos en las encuestas (ver documentos metodológicos). Fuente: GenLAC (CEDLAS).
MEX2015,Mujeres,MEX,2015,1,10.51544094085693,2,2,2,Género,4,México,"% de alumnos de 15 años que esperan trabajar en ocupaciones relacionadas a STEM (Ciencia, Tecnología, Ingeniería y Matemática) a los 30 años.",Alumnos que esperan trabajar en ocupaciones STEM,Las series pueden presentar saltos por cambios metodológicos en las encuestas (ver documentos metodológicos). Fuente: GenLAC (CEDLAS).
MEX2015,Hombres,MEX,2015,1,32.99485397338867,3,3,3,Género,4,México,"% de alumnos de 15 años que esperan trabajar en ocupaciones relacionadas a STEM (Ciencia, Tecnología, Ingeniería y Matemática) a los 30 años.",Alumnos que esperan trabajar en ocupaciones STEM,Las series pueden presentar saltos por cambios metodológicos en las encuestas (ver documentos metodológicos). Fuente: GenLAC (CEDLAS).
MEX2015,Mujeres en hogares con educación baja,MEX,2015,1,9.588454246520996,4,4,4,Calificación (mujeres),5,México,"% de alumnos de 15 años que esperan trabajar en ocupaciones relacionadas a STEM (Ciencia, Tecnología, Ingeniería y Matemática) a los 30 años.",Alumnos que esperan trabajar en ocupaciones STEM,Las series pueden presentar saltos por cambios metodológicos en las encuestas (ver documentos metodológicos). Fuente: GenLAC (CEDLAS).
MEX2015,Mujeres en hogares con educación media,MEX,2015,1,10.80305004119873,5,5,5,Calificación (mujeres),5,México,"% de alumnos de 15 años que esperan trabajar en ocupaciones relacionadas a STEM (Ciencia, Tecnología, Ingeniería y Matemática) a los 30 años.",Alumnos que esperan trabajar en ocupaciones STEM,Las series pueden presentar saltos por cambios metodológicos en las encuestas (ver documentos metodológicos). Fuente: GenLAC (CEDLAS).
MEX2015,Mujeres en hogares con educación alta,MEX,2015,1,11.97130107879639,6,6,6,Calificación (mujeres),5,México,"% de alumnos de 15 años que esperan trabajar en ocupaciones relacionadas a STEM (Ciencia, Tecnología, Ingeniería y Matemática) a los 30 años.",Alumnos que esperan trabajar en ocupaciones STEM,Las series pueden presentar saltos por cambios metodológicos en las encuestas (ver documentos metodológicos). Fuente: GenLAC (CEDLAS).
MEX2015,Hombres en hogares con educación baja,MEX,2015,1,32.43436813354492,7,7,7,Calificación (hombres),6,México,"% de alumnos de 15 años que esperan trabajar en ocupaciones relacionadas a STEM (Ciencia, Tecnología, Ingeniería y Matemática) a los 30 años.",Alumnos que esperan trabajar en ocupaciones STEM,Las series pueden presentar saltos por cambios metodológicos en las encuestas (ver documentos metodológicos). Fuente: GenLAC (CEDLAS).
MEX2015,Hombres en hogares con educación media,MEX,2015,1,34.16728591918945,8,8,8,Calificación (hombres),6,México,"% de alumnos de 15 años que esperan trabajar en ocupaciones relacionadas a STEM (Ciencia, Tecnología, Ingeniería y Matemática) a los 30 años.",Alumnos que esperan trabajar en ocupaciones STEM,Las series pueden presentar saltos por cambios metodológicos en las encuestas (ver documentos metodológicos). Fuente: GenLAC (CEDLAS).
MEX2015,Hombres en hogares con educación alta,MEX,2015,1,32.75223922729492,9,9,9,Calificación (hombres),6,México,"% de alumnos de 15 años que esperan trabajar en ocupaciones relacionadas a STEM (Ciencia, Tecnología, Ingeniería y Matemática) a los 30 años.",Alumnos que esperan trabajar en ocupaciones STEM,Las series pueden presentar saltos por cambios metodológicos en las encuestas (ver documentos metodológicos). Fuente: GenLAC (CEDLAS).
MEX2015,Mujer,MEX,2015,1,10.51544094085693,10,10,10,Mujer,2,México,"% de alumnos de 15 años que esperan trabajar en ocupaciones relacionadas a STEM (Ciencia, Tecnología, Ingeniería y Matemática) a los 30 años.",Alumnos que esperan trabajar en ocupaciones STEM,Las series pueden presentar saltos por cambios metodológicos en las encuestas (ver documentos metodológicos). Fuente: GenLAC (CEDLAS).
MEX2015,Hombre,MEX,2015,1,32.99485397338867,11,11,11,Hombre,3,México,"% de alumnos de 15 años que esperan trabajar en ocupaciones relacionadas a STEM (Ciencia, Tecnología, Ingeniería y Matemática) a los 30 años.",Alumnos que esperan trabajar en ocupaciones STEM,Las series pueden presentar saltos por cambios metodológicos en las encuestas (ver documentos metodológicos). Fuente: GenLAC (CEDLAS).
MEX2018,Total,MEX,2018,,22.83045768737793,1,1,1,Total,1,México,"% de alumnos de 15 años que esperan trabajar en ocupaciones relacionadas a STEM (Ciencia, Tecnología, Ingeniería y Matemática) a los 30 años.",Alumnos que esperan trabajar en ocupaciones STEM,Las series pueden presentar saltos por cambios metodológicos en las encuestas (ver documentos metodológicos). Fuente: GenLAC (CEDLAS).
MEX2018,Mujeres,MEX,2018,,11.93774032592773,2,2,2,Género,4,México,"% de alumnos de 15 años que esperan trabajar en ocupaciones relacionadas a STEM (Ciencia, Tecnología, Ingeniería y Matemática) a los 30 años.",Alumnos que esperan trabajar en ocupaciones STEM,Las series pueden presentar saltos por cambios metodológicos en las encuestas (ver documentos metodológicos). Fuente: GenLAC (CEDLAS).
MEX2018,Hombres,MEX,2018,,34.876953125,3,3,3,Género,4,México,"% de alumnos de 15 años que esperan trabajar en ocupaciones relacionadas a STEM (Ciencia, Tecnología, Ingeniería y Matemática) a los 30 años.",Alumnos que esperan trabajar en ocupaciones STEM,Las series pueden presentar saltos por cambios metodológicos en las encuestas (ver documentos metodológicos). Fuente: GenLAC (CEDLAS).
MEX2018,Mujeres en hogares con educación baja,MEX,2018,,11.35991954803467,4,4,4,Calificación (mujeres),5,México,"% de alumnos de 15 años que esperan trabajar en ocupaciones relacionadas a STEM (Ciencia, Tecnología, Ingeniería y Matemática) a los 30 años.",Alumnos que esperan trabajar en ocupaciones STEM,Las series pueden presentar saltos por cambios metodológicos en las encuestas (ver documentos metodológicos). Fuente: GenLAC (CEDLAS).
MEX2018,Mujeres en hogares con educación media,MEX,2018,,11.21097373962402,5,5,5,Calificación (mujeres),5,México,"% de alumnos de 15 años que esperan trabajar en ocupaciones relacionadas a STEM (Ciencia, Tecnología, Ingeniería y Matemática) a los 30 años.",Alumnos que esperan trabajar en ocupaciones STEM,Las series pueden presentar saltos por cambios metodológicos en las encuestas (ver documentos metodológicos). Fuente: GenLAC (CEDLAS).
MEX2018,Mujeres en hogares con educación alta,MEX,2018,,13.04669761657715,6,6,6,Calificación (mujeres),5,México,"% de alumnos de 15 años que esperan trabajar en ocupaciones relacionadas a STEM (Ciencia, Tecnología, Ingeniería y Matemática) a los 30 años.",Alumnos que esperan trabajar en ocupaciones STEM,Las series pueden presentar saltos por cambios metodológicos en las encuestas (ver documentos metodológicos). Fuente: GenLAC (CEDLAS).
MEX2018,Hombres en hogares con educación baja,MEX,2018,,33.25961685180664,7,7,7,Calificación (hombres),6,México,"% de alumnos de 15 años que esperan trabajar en ocupaciones relacionadas a STEM (Ciencia, Tecnología, Ingeniería y Matemática) a los 30 años.",Alumnos que esperan trabajar en ocupaciones STEM,Las series pueden presentar saltos por cambios metodológicos en las encuestas (ver documentos metodológicos). Fuente: GenLAC (CEDLAS).
MEX2018,Hombres en hogares con educación media,MEX,2018,,36.55299377441406,8,8,8,Calificación (hombres),6,México,"% de alumnos de 15 años que esperan trabajar en ocupaciones relacionadas a STEM (Ciencia, Tecnología, Ingeniería y Matemática) a los 30 años.",Alumnos que esperan trabajar en ocupaciones STEM,Las series pueden presentar saltos por cambios metodológicos en las encuestas (ver documentos metodológicos). Fuente: GenLAC (CEDLAS).
MEX2018,Hombres en hogares con educación alta,MEX,2018,,35.55316925048828,9,9,9,Calificación (hombres),6,México,"% de alumnos de 15 años que esperan trabajar en ocupaciones relacionadas a STEM (Ciencia, Tecnología, Ingeniería y Matemática) a los 30 años.",Alumnos que esperan trabajar en ocupaciones STEM,Las series pueden presentar saltos por cambios metodológicos en las encuestas (ver documentos metodológicos). Fuente: GenLAC (CEDLAS).
MEX2018,Mujer,MEX,2018,,11.93774032592773,10,10,10,Mujer,2,México,"% de alumnos de 15 años que esperan trabajar en ocupaciones relacionadas a STEM (Ciencia, Tecnología, Ingeniería y Matemática) a los 30 años.",Alumnos que esperan trabajar en ocupaciones STEM,Las series pueden presentar saltos por cambios metodológicos en las encuestas (ver documentos metodológicos). Fuente: GenLAC (CEDLAS).
MEX2018,Hombre,MEX,2018,,34.876953125,11,11,11,Hombre,3,México,"% de alumnos de 15 años que esperan trabajar en ocupaciones relacionadas a STEM (Ciencia, Tecnología, Ingeniería y Matemática) a los 30 años.",Alumnos que esperan trabajar en ocupaciones STEM,Las series pueden presentar saltos por cambios metodológicos en las encuestas (ver documentos metodológicos). Fuente: GenLAC (CEDLAS).
PAN2018,Total,PAN,2018,,21.19439888000488,1,1,1,Total,1,Panamá,"% de alumnos de 15 años que esperan trabajar en ocupaciones relacionadas a STEM (Ciencia, Tecnología, Ingeniería y Matemática) a los 30 años.",Alumnos que esperan trabajar en ocupaciones STEM,Las series pueden presentar saltos por cambios metodológicos en las encuestas (ver documentos metodológicos). Fuente: GenLAC (CEDLAS).
PAN2018,Mujeres,PAN,2018,,15.51924800872803,2,2,2,Género,4,Panamá,"% de alumnos de 15 años que esperan trabajar en ocupaciones relacionadas a STEM (Ciencia, Tecnología, Ingeniería y Matemática) a los 30 años.",Alumnos que esperan trabajar en ocupaciones STEM,Las series pueden presentar saltos por cambios metodológicos en las encuestas (ver documentos metodológicos). Fuente: GenLAC (CEDLAS).
PAN2018,Hombres,PAN,2018,,27.23204040527344,3,3,3,Género,4,Panamá,"% de alumnos de 15 años que esperan trabajar en ocupaciones relacionadas a STEM (Ciencia, Tecnología, Ingeniería y Matemática) a los 30 años.",Alumnos que esperan trabajar en ocupaciones STEM,Las series pueden presentar saltos por cambios metodológicos en las encuestas (ver documentos metodológicos). Fuente: GenLAC (CEDLAS).
PAN2018,Mujeres en hogares con educación baja,PAN,2018,,12.43852806091309,4,4,4,Calificación (mujeres),5,Panamá,"% de alumnos de 15 años que esperan trabajar en ocupaciones relacionadas a STEM (Ciencia, Tecnología, Ingeniería y Matemática) a los 30 años.",Alumnos que esperan trabajar en ocupaciones STEM,Las series pueden presentar saltos por cambios metodológicos en las encuestas (ver documentos metodológicos). Fuente: GenLAC (CEDLAS).
PAN2018,Mujeres en hogares con educación media,PAN,2018,,14.96234798431396,5,5,5,Calificación (mujeres),5,Panamá,"% de alumnos de 15 años que esperan trabajar en ocupaciones relacionadas a STEM (Ciencia, Tecnología, Ingeniería y Matemática) a los 30 años.",Alumnos que esperan trabajar en ocupaciones STEM,Las series pueden presentar saltos por cambios metodológicos en las encuestas (ver documentos metodológicos). Fuente: GenLAC (CEDLAS).
PAN2018,Mujeres en hogares con educación alta,PAN,2018,,18.62771224975586,6,6,6,Calificación (mujeres),5,Panamá,"% de alumnos de 15 años que esperan trabajar en ocupaciones relacionadas a STEM (Ciencia, Tecnología, Ingeniería y Matemática) a los 30 años.",Alumnos que esperan trabajar en ocupaciones STEM,Las series pueden presentar saltos por cambios metodológicos en las encuestas (ver documentos metodológicos). Fuente: GenLAC (CEDLAS).
PAN2018,Hombres en hogares con educación baja,PAN,2018,,25.27627372741699,7,7,7,Calificación (hombres),6,Panamá,"% de alumnos de 15 años que esperan trabajar en ocupaciones relacionadas a STEM (Ciencia, Tecnología, Ingeniería y Matemática) a los 30 años.",Alumnos que esperan trabajar en ocupaciones STEM,Las series pueden presentar saltos por cambios metodológicos en las encuestas (ver documentos metodológicos). Fuente: GenLAC (CEDLAS).
PAN2018,Hombres en hogares con educación media,PAN,2018,,28.78753280639648,8,8,8,Calificación (hombres),6,Panamá,"% de alumnos de 15 años que esperan trabajar en ocupaciones relacionadas a STEM (Ciencia, Tecnología, Ingeniería y Matemática) a los 30 años.",Alumnos que esperan trabajar en ocupaciones STEM,Las series pueden presentar saltos por cambios metodológicos en las encuestas (ver documentos metodológicos). Fuente: GenLAC (CEDLAS).
PAN2018,Hombres en hogares con educación alta,PAN,2018,,27.97882461547852,9,9,9,Calificación (hombres),6,Panamá,"% de alumnos de 15 años que esperan trabajar en ocupaciones relacionadas a STEM (Ciencia, Tecnología, Ingeniería y Matemática) a los 30 años.",Alumnos que esperan trabajar en ocupaciones STEM,Las series pueden presentar saltos por cambios metodológicos en las encuestas (ver documentos metodológicos). Fuente: GenLAC (CEDLAS).
PAN2018,Mujer,PAN,2018,,15.51924800872803,10,10,10,Mujer,2,Panamá,"% de alumnos de 15 años que esperan trabajar en ocupaciones relacionadas a STEM (Ciencia, Tecnología, Ingeniería y Matemática) a los 30 años.",Alumnos que esperan trabajar en ocupaciones STEM,Las series pueden presentar saltos por cambios metodológicos en las encuestas (ver documentos metodológicos). Fuente: GenLAC (CEDLAS).
PAN2018,Hombre,PAN,2018,,27.23204040527344,11,11,11,Hombre,3,Panamá,"% de alumnos de 15 años que esperan trabajar en ocupaciones relacionadas a STEM (Ciencia, Tecnología, Ingeniería y Matemática) a los 30 años.",Alumnos que esperan trabajar en ocupaciones STEM,Las series pueden presentar saltos por cambios metodológicos en las encuestas (ver documentos metodológicos). Fuente: GenLAC (CEDLAS).
PER2015,Total,PER,2015,1,27.09772682189941,1,1,1,Total,1,Perú,"% de alumnos de 15 años que esperan trabajar en ocupaciones relacionadas a STEM (Ciencia, Tecnología, Ingeniería y Matemática) a los 30 años.",Alumnos que esperan trabajar en ocupaciones STEM,Las series pueden presentar saltos por cambios metodológicos en las encuestas (ver documentos metodológicos). Fuente: GenLAC (CEDLAS).
PER2015,Mujeres,PER,2015,1,16.13625907897949,2,2,2,Género,4,Perú,"% de alumnos de 15 años que esperan trabajar en ocupaciones relacionadas a STEM (Ciencia, Tecnología, Ingeniería y Matemática) a los 30 años.",Alumnos que esperan trabajar en ocupaciones STEM,Las series pueden presentar saltos por cambios metodológicos en las encuestas (ver documentos metodológicos). Fuente: GenLAC (CEDLAS).
PER2015,Hombres,PER,2015,1,37.93992233276367,3,3,3,Género,4,Perú,"% de alumnos de 15 años que esperan trabajar en ocupaciones relacionadas a STEM (Ciencia, Tecnología, Ingeniería y Matemática) a los 30 años.",Alumnos que esperan trabajar en ocupaciones STEM,Las series pueden presentar saltos por cambios metodológicos en las encuestas (ver documentos metodológicos). Fuente: GenLAC (CEDLAS).
PER2015,Mujeres en hogares con educación baja,PER,2015,1,9.66234016418457,4,4,4,Calificación (mujeres),5,Perú,"% de alumnos de 15 años que esperan trabajar en ocupaciones relacionadas a STEM (Ciencia, Tecnología, Ingeniería y Matemática) a los 30 años.",Alumnos que esperan trabajar en ocupaciones STEM,Las series pueden presentar saltos por cambios metodológicos en las encuestas (ver documentos metodológicos). Fuente: GenLAC (CEDLAS).
PER2015,Mujeres en hogares con educación media,PER,2015,1,15.64323616027832,5,5,5,Calificación (mujeres),5,Perú,"% de alumnos de 15 años que esperan trabajar en ocupaciones relacionadas a STEM (Ciencia, Tecnología, Ingeniería y Matemática) a los 30 años.",Alumnos que esperan trabajar en ocupaciones STEM,Las series pueden presentar saltos por cambios metodológicos en las encuestas (ver documentos metodológicos). Fuente: GenLAC (CEDLAS).
PER2015,Mujeres en hogares con educación alta,PER,2015,1,19.70418930053711,6,6,6,Calificación (mujeres),5,Perú,"% de alumnos de 15 años que esperan trabajar en ocupaciones relacionadas a STEM (Ciencia, Tecnología, Ingeniería y Matemática) a los 30 años.",Alumnos que esperan trabajar en ocupaciones STEM,Las series pueden presentar saltos por cambios metodológicos en las encuestas (ver documentos metodológicos). Fuente: GenLAC (CEDLAS).
PER2015,Hombres en hogares con educación baja,PER,2015,1,31.87593650817871,7,7,7,Calificación (hombres),6,Perú,"% de alumnos de 15 años que esperan trabajar en ocupaciones relacionadas a STEM (Ciencia, Tecnología, Ingeniería y Matemática) a los 30 años.",Alumnos que esperan trabajar en ocupaciones STEM,Las series pueden presentar saltos por cambios metodológicos en las encuestas (ver documentos metodológicos). Fuente: GenLAC (CEDLAS).
PER2015,Hombres en hogares con educación media,PER,2015,1,38.39073181152344,8,8,8,Calificación (hombres),6,Perú,"% de alumnos de 15 años que esperan trabajar en ocupaciones relacionadas a STEM (Ciencia, Tecnología, Ingeniería y Matemática) a los 30 años.",Alumnos que esperan trabajar en ocupaciones STEM,Las series pueden presentar saltos por cambios metodológicos en las encuestas (ver documentos metodológicos). Fuente: GenLAC (CEDLAS).
PER2015,Hombres en hogares con educación alta,PER,2015,1,40.59146499633789,9,9,9,Calificación (hombres),6,Perú,"% de alumnos de 15 años que esperan trabajar en ocupaciones relacionadas a STEM (Ciencia, Tecnología, Ingeniería y Matemática) a los 30 años.",Alumnos que esperan trabajar en ocupaciones STEM,Las series pueden presentar saltos por cambios metodológicos en las encuestas (ver documentos metodológicos). Fuente: GenLAC (CEDLAS).
PER2015,Mujer,PER,2015,1,16.13625907897949,10,10,10,Mujer,2,Perú,"% de alumnos de 15 años que esperan trabajar en ocupaciones relacionadas a STEM (Ciencia, Tecnología, Ingeniería y Matemática) a los 30 años.",Alumnos que esperan trabajar en ocupaciones STEM,Las series pueden presentar saltos por cambios metodológicos en las encuestas (ver documentos metodológicos). Fuente: GenLAC (CEDLAS).
PER2015,Hombre,PER,2015,1,37.93992233276367,11,11,11,Hombre,3,Perú,"% de alumnos de 15 años que esperan trabajar en ocupaciones relacionadas a STEM (Ciencia, Tecnología, Ingeniería y Matemática) a los 30 años.",Alumnos que esperan trabajar en ocupaciones STEM,Las series pueden presentar saltos por cambios metodológicos en las encuestas (ver documentos metodológicos). Fuente: GenLAC (CEDLAS).
PER2018,Total,PER,2018,,26.31074523925781,1,1,1,Total,1,Perú,"% de alumnos de 15 años que esperan trabajar en ocupaciones relacionadas a STEM (Ciencia, Tecnología, Ingeniería y Matemática) a los 30 años.",Alumnos que esperan trabajar en ocupaciones STEM,Las series pueden presentar saltos por cambios metodológicos en las encuestas (ver documentos metodológicos). Fuente: GenLAC (CEDLAS).
PER2018,Mujeres,PER,2018,,15.09494495391846,2,2,2,Género,4,Perú,"% de alumnos de 15 años que esperan trabajar en ocupaciones relacionadas a STEM (Ciencia, Tecnología, Ingeniería y Matemática) a los 30 años.",Alumnos que esperan trabajar en ocupaciones STEM,Las series pueden presentar saltos por cambios metodológicos en las encuestas (ver documentos metodológicos). Fuente: GenLAC (CEDLAS).
PER2018,Hombres,PER,2018,,36.88385772705078,3,3,3,Género,4,Perú,"% de alumnos de 15 años que esperan trabajar en ocupaciones relacionadas a STEM (Ciencia, Tecnología, Ingeniería y Matemática) a los 30 años.",Alumnos que esperan trabajar en ocupaciones STEM,Las series pueden presentar saltos por cambios metodológicos en las encuestas (ver documentos metodológicos). Fuente: GenLAC (CEDLAS).
PER2018,Mujeres en hogares con educación baja,PER,2018,,10.22818088531494,4,4,4,Calificación (mujeres),5,Perú,"% de alumnos de 15 años que esperan trabajar en ocupaciones relacionadas a STEM (Ciencia, Tecnología, Ingeniería y Matemática) a los 30 años.",Alumnos que esperan trabajar en ocupaciones STEM,Las series pueden presentar saltos por cambios metodológicos en las encuestas (ver documentos metodológicos). Fuente: GenLAC (CEDLAS).
PER2018,Mujeres en hogares con educación media,PER,2018,,12.90915393829346,5,5,5,Calificación (mujeres),5,Perú,"% de alumnos de 15 años que esperan trabajar en ocupaciones relacionadas a STEM (Ciencia, Tecnología, Ingeniería y Matemática) a los 30 años.",Alumnos que esperan trabajar en ocupaciones STEM,Las series pueden presentar saltos por cambios metodológicos en las encuestas (ver documentos metodológicos). Fuente: GenLAC (CEDLAS).
PER2018,Mujeres en hogares con educación alta,PER,2018,,18.03042984008789,6,6,6,Calificación (mujeres),5,Perú,"% de alumnos de 15 años que esperan trabajar en ocupaciones relacionadas a STEM (Ciencia, Tecnología, Ingeniería y Matemática) a los 30 años.",Alumnos que esperan trabajar en ocupaciones STEM,Las series pueden presentar saltos por cambios metodológicos en las encuestas (ver documentos metodológicos). Fuente: GenLAC (CEDLAS).
PER2018,Hombres en hogares con educación baja,PER,2018,,27.46310043334961,7,7,7,Calificación (hombres),6,Perú,"% de alumnos de 15 años que esperan trabajar en ocupaciones relacionadas a STEM (Ciencia, Tecnología, Ingeniería y Matemática) a los 30 años.",Alumnos que esperan trabajar en ocupaciones STEM,Las series pueden presentar saltos por cambios metodológicos en las encuestas (ver documentos metodológicos). Fuente: GenLAC (CEDLAS).
PER2018,Hombres en hogares con educación media,PER,2018,,37.85015869140625,8,8,8,Calificación (hombres),6,Perú,"% de alumnos de 15 años que esperan trabajar en ocupaciones relacionadas a STEM (Ciencia, Tecnología, Ingeniería y Matemática) a los 30 años.",Alumnos que esperan trabajar en ocupaciones STEM,Las series pueden presentar saltos por cambios metodológicos en las encuestas (ver documentos metodológicos). Fuente: GenLAC (CEDLAS).
PER2018,Hombres en hogares con educación alta,PER,2018,,38.61727905273438,9,9,9,Calificación (hombres),6,Perú,"% de alumnos de 15 años que esperan trabajar en ocupaciones relacionadas a STEM (Ciencia, Tecnología, Ingeniería y Matemática) a los 30 años.",Alumnos que esperan trabajar en ocupaciones STEM,Las series pueden presentar saltos por cambios metodológicos en las encuestas (ver documentos metodológicos). Fuente: GenLAC (CEDLAS).
PER2018,Mujer,PER,2018,,15.09494495391846,10,10,10,Mujer,2,Perú,"% de alumnos de 15 años que esperan trabajar en ocupaciones relacionadas a STEM (Ciencia, Tecnología, Ingeniería y Matemática) a los 30 años.",Alumnos que esperan trabajar en ocupaciones STEM,Las series pueden presentar saltos por cambios metodológicos en las encuestas (ver documentos metodológicos). Fuente: GenLAC (CEDLAS).
PER2018,Hombre,PER,2018,,36.88385772705078,11,11,11,Hombre,3,Perú,"% de alumnos de 15 años que esperan trabajar en ocupaciones relacionadas a STEM (Ciencia, Tecnología, Ingeniería y Matemática) a los 30 años.",Alumnos que esperan trabajar en ocupaciones STEM,Las series pueden presentar saltos por cambios metodológicos en las encuestas (ver documentos metodológicos). Fuente: GenLAC (CEDLAS).
DOM2015,Total,DOM,2015,1,26.93824577331543,1,1,1,Total,1,República Dominicana,"% de alumnos de 15 años que esperan trabajar en ocupaciones relacionadas a STEM (Ciencia, Tecnología, Ingeniería y Matemática) a los 30 años.",Alumnos que esperan trabajar en ocupaciones STEM,Las series pueden presentar saltos por cambios metodológicos en las encuestas (ver documentos metodológicos). Fuente: GenLAC (CEDLAS).
DOM2015,Mujeres,DOM,2015,1,14.02550601959229,2,2,2,Género,4,República Dominicana,"% de alumnos de 15 años que esperan trabajar en ocupaciones relacionadas a STEM (Ciencia, Tecnología, Ingeniería y Matemática) a los 30 años.",Alumnos que esperan trabajar en ocupaciones STEM,Las series pueden presentar saltos por cambios metodológicos en las encuestas (ver documentos metodológicos). Fuente: GenLAC (CEDLAS).
DOM2015,Hombres,DOM,2015,1,41.08182907104492,3,3,3,Género,4,República Dominicana,"% de alumnos de 15 años que esperan trabajar en ocupaciones relacionadas a STEM (Ciencia, Tecnología, Ingeniería y Matemática) a los 30 años.",Alumnos que esperan trabajar en ocupaciones STEM,Las series pueden presentar saltos por cambios metodológicos en las encuestas (ver documentos metodológicos). Fuente: GenLAC (CEDLAS).
DOM2015,Mujeres en hogares con educación baja,DOM,2015,1,14.54480457305908,4,4,4,Calificación (mujeres),5,República Dominicana,"% de alumnos de 15 años que esperan trabajar en ocupaciones relacionadas a STEM (Ciencia, Tecnología, Ingeniería y Matemática) a los 30 años.",Alumnos que esperan trabajar en ocupaciones STEM,Las series pueden presentar saltos por cambios metodológicos en las encuestas (ver documentos metodológicos). Fuente: GenLAC (CEDLAS).
DOM2015,Mujeres en hogares con educación media,DOM,2015,1,12.66083145141602,5,5,5,Calificación (mujeres),5,República Dominicana,"% de alumnos de 15 años que esperan trabajar en ocupaciones relacionadas a STEM (Ciencia, Tecnología, Ingeniería y Matemática) a los 30 años.",Alumnos que esperan trabajar en ocupaciones STEM,Las series pueden presentar saltos por cambios metodológicos en las encuestas (ver documentos metodológicos). Fuente: GenLAC (CEDLAS).
DOM2015,Mujeres en hogares con educación alta,DOM,2015,1,14.94537162780762,6,6,6,Calificación (mujeres),5,República Dominicana,"% de alumnos de 15 años que esperan trabajar en ocupaciones relacionadas a STEM (Ciencia, Tecnología, Ingeniería y Matemática) a los 30 años.",Alumnos que esperan trabajar en ocupaciones STEM,Las series pueden presentar saltos por cambios metodológicos en las encuestas (ver documentos metodológicos). Fuente: GenLAC (CEDLAS).
DOM2015,Hombres en hogares con educación baja,DOM,2015,1,39.23959350585938,7,7,7,Calificación (hombres),6,República Dominicana,"% de alumnos de 15 años que esperan trabajar en ocupaciones relacionadas a STEM (Ciencia, Tecnología, Ingeniería y Matemática) a los 30 años.",Alumnos que esperan trabajar en ocupaciones STEM,Las series pueden presentar saltos por cambios metodológicos en las encuestas (ver documentos metodológicos). Fuente: GenLAC (CEDLAS).
DOM2015,Hombres en hogares con educación media,DOM,2015,1,42.57688903808594,8,8,8,Calificación (hombres),6,República Dominicana,"% de alumnos de 15 años que esperan trabajar en ocupaciones relacionadas a STEM (Ciencia, Tecnología, Ingeniería y Matemática) a los 30 años.",Alumnos que esperan trabajar en ocupaciones STEM,Las series pueden presentar saltos por cambios metodológicos en las encuestas (ver documentos metodológicos). Fuente: GenLAC (CEDLAS).
DOM2015,Hombres en hogares con educación alta,DOM,2015,1,41.29670333862305,9,9,9,Calificación (hombres),6,República Dominicana,"% de alumnos de 15 años que esperan trabajar en ocupaciones relacionadas a STEM (Ciencia, Tecnología, Ingeniería y Matemática) a los 30 años.",Alumnos que esperan trabajar en ocupaciones STEM,Las series pueden presentar saltos por cambios metodológicos en las encuestas (ver documentos metodológicos). Fuente: GenLAC (CEDLAS).
DOM2015,Mujer,DOM,2015,1,14.02550601959229,10,10,10,Mujer,2,República Dominicana,"% de alumnos de 15 años que esperan trabajar en ocupaciones relacionadas a STEM (Ciencia, Tecnología, Ingeniería y Matemática) a los 30 años.",Alumnos que esperan trabajar en ocupaciones STEM,Las series pueden presentar saltos por cambios metodológicos en las encuestas (ver documentos metodológicos). Fuente: GenLAC (CEDLAS).
DOM2015,Hombre,DOM,2015,1,41.08182907104492,11,11,11,Hombre,3,República Dominicana,"% de alumnos de 15 años que esperan trabajar en ocupaciones relacionadas a STEM (Ciencia, Tecnología, Ingeniería y Matemática) a los 30 años.",Alumnos que esperan trabajar en ocupaciones STEM,Las series pueden presentar saltos por cambios metodológicos en las encuestas (ver documentos metodológicos). Fuente: GenLAC (CEDLAS).
DOM2018,Total,DOM,2018,,31.84775543212891,1,1,1,Total,1,República Dominicana,"% de alumnos de 15 años que esperan trabajar en ocupaciones relacionadas a STEM (Ciencia, Tecnología, Ingeniería y Matemática) a los 30 años.",Alumnos que esperan trabajar en ocupaciones STEM,Las series pueden presentar saltos por cambios metodológicos en las encuestas (ver documentos metodológicos). Fuente: GenLAC (CEDLAS).
DOM2018,Mujeres,DOM,2018,,19.70510864257813,2,2,2,Género,4,República Dominicana,"% de alumnos de 15 años que esperan trabajar en ocupaciones relacionadas a STEM (Ciencia, Tecnología, Ingeniería y Matemática) a los 30 años.",Alumnos que esperan trabajar en ocupaciones STEM,Las series pueden presentar saltos por cambios metodológicos en las encuestas (ver documentos metodológicos). Fuente: GenLAC (CEDLAS).
DOM2018,Hombres,DOM,2018,,46.31195831298828,3,3,3,Género,4,República Dominicana,"% de alumnos de 15 años que esperan trabajar en ocupaciones relacionadas a STEM (Ciencia, Tecnología, Ingeniería y Matemática) a los 30 años.",Alumnos que esperan trabajar en ocupaciones STEM,Las series pueden presentar saltos por cambios metodológicos en las encuestas (ver documentos metodológicos). Fuente: GenLAC (CEDLAS).
DOM2018,Mujeres en hogares con educación baja,DOM,2018,,23.49494934082031,4,4,4,Calificación (mujeres),5,República Dominicana,"% de alumnos de 15 años que esperan trabajar en ocupaciones relacionadas a STEM (Ciencia, Tecnología, Ingeniería y Matemática) a los 30 años.",Alumnos que esperan trabajar en ocupaciones STEM,Las series pueden presentar saltos por cambios metodológicos en las encuestas (ver documentos metodológicos). Fuente: GenLAC (CEDLAS).
DOM2018,Mujeres en hogares con educación media,DOM,2018,,18.7955207824707,5,5,5,Calificación (mujeres),5,República Dominicana,"% de alumnos de 15 años que esperan trabajar en ocupaciones relacionadas a STEM (Ciencia, Tecnología, Ingeniería y Matemática) a los 30 años.",Alumnos que esperan trabajar en ocupaciones STEM,Las series pueden presentar saltos por cambios metodológicos en las encuestas (ver documentos metodológicos). Fuente: GenLAC (CEDLAS).
DOM2018,Mujeres en hogares con educación alta,DOM,2018,,18.30461311340332,6,6,6,Calificación (mujeres),5,República Dominicana,"% de alumnos de 15 años que esperan trabajar en ocupaciones relacionadas a STEM (Ciencia, Tecnología, Ingeniería y Matemática) a los 30 años.",Alumnos que esperan trabajar en ocupaciones STEM,Las series pueden presentar saltos por cambios metodológicos en las encuestas (ver documentos metodológicos). Fuente: GenLAC (CEDLAS).
DOM2018,Hombres en hogares con educación baja,DOM,2018,,47.97344207763672,7,7,7,Calificación (hombres),6,República Dominicana,"% de alumnos de 15 años que esperan trabajar en ocupaciones relacionadas a STEM (Ciencia, Tecnología, Ingeniería y Matemática) a los 30 años.",Alumnos que esperan trabajar en ocupaciones STEM,Las series pueden presentar saltos por cambios metodológicos en las encuestas (ver documentos metodológicos). Fuente: GenLAC (CEDLAS).
DOM2018,Hombres en hogares con educación media,DOM,2018,,48.24784469604492,8,8,8,Calificación (hombres),6,República Dominicana,"% de alumnos de 15 años que esperan trabajar en ocupaciones relacionadas a STEM (Ciencia, Tecnología, Ingeniería y Matemática) a los 30 años.",Alumnos que esperan trabajar en ocupaciones STEM,Las series pueden presentar saltos por cambios metodológicos en las encuestas (ver documentos metodológicos). Fuente: GenLAC (CEDLAS).
DOM2018,Hombres en hogares con educación alta,DOM,2018,,44.17267990112305,9,9,9,Calificación (hombres),6,República Dominicana,"% de alumnos de 15 años que esperan trabajar en ocupaciones relacionadas a STEM (Ciencia, Tecnología, Ingeniería y Matemática) a los 30 años.",Alumnos que esperan trabajar en ocupaciones STEM,Las series pueden presentar saltos por cambios metodológicos en las encuestas (ver documentos metodológicos). Fuente: GenLAC (CEDLAS).
DOM2018,Mujer,DOM,2018,,19.70510864257813,10,10,10,Mujer,2,República Dominicana,"% de alumnos de 15 años que esperan trabajar en ocupaciones relacionadas a STEM (Ciencia, Tecnología, Ingeniería y Matemática) a los 30 años.",Alumnos que esperan trabajar en ocupaciones STEM,Las series pueden presentar saltos por cambios metodológicos en las encuestas (ver documentos metodológicos). Fuente: GenLAC (CEDLAS).
DOM2018,Hombre,DOM,2018,,46.31195831298828,11,11,11,Hombre,3,República Dominicana,"% de alumnos de 15 años que esperan trabajar en ocupaciones relacionadas a STEM (Ciencia, Tecnología, Ingeniería y Matemática) a los 30 años.",Alumnos que esperan trabajar en ocupaciones STEM,Las series pueden presentar saltos por cambios metodológicos en las encuestas (ver documentos metodológicos). Fuente: GenLAC (CEDLAS).
URY2015,Total,URY,2015,1,13.18138599395752,1,1,1,Total,1,Uruguay,"% de alumnos de 15 años que esperan trabajar en ocupaciones relacionadas a STEM (Ciencia, Tecnología, Ingeniería y Matemática) a los 30 años.",Alumnos que esperan trabajar en ocupaciones STEM,Las series pueden presentar saltos por cambios metodológicos en las encuestas (ver documentos metodológicos). Fuente: GenLAC (CEDLAS).
URY2015,Mujeres,URY,2015,1,8.356917381286621,2,2,2,Género,4,Uruguay,"% de alumnos de 15 años que esperan trabajar en ocupaciones relacionadas a STEM (Ciencia, Tecnología, Ingeniería y Matemática) a los 30 años.",Alumnos que esperan trabajar en ocupaciones STEM,Las series pueden presentar saltos por cambios metodológicos en las encuestas (ver documentos metodológicos). Fuente: GenLAC (CEDLAS).
URY2015,Hombres,URY,2015,1,18.95499420166016,3,3,3,Género,4,Uruguay,"% de alumnos de 15 años que esperan trabajar en ocupaciones relacionadas a STEM (Ciencia, Tecnología, Ingeniería y Matemática) a los 30 años.",Alumnos que esperan trabajar en ocupaciones STEM,Las series pueden presentar saltos por cambios metodológicos en las encuestas (ver documentos metodológicos). Fuente: GenLAC (CEDLAS).
URY2015,Mujeres en hogares con educación baja,URY,2015,1,5.75399112701416,4,4,4,Calificación (mujeres),5,Uruguay,"% de alumnos de 15 años que esperan trabajar en ocupaciones relacionadas a STEM (Ciencia, Tecnología, Ingeniería y Matemática) a los 30 años.",Alumnos que esperan trabajar en ocupaciones STEM,Las series pueden presentar saltos por cambios metodológicos en las encuestas (ver documentos metodológicos). Fuente: GenLAC (CEDLAS).
URY2015,Mujeres en hogares con educación media,URY,2015,1,10.00623607635498,5,5,5,Calificación (mujeres),5,Uruguay,"% de alumnos de 15 años que esperan trabajar en ocupaciones relacionadas a STEM (Ciencia, Tecnología, Ingeniería y Matemática) a los 30 años.",Alumnos que esperan trabajar en ocupaciones STEM,Las series pueden presentar saltos por cambios metodológicos en las encuestas (ver documentos metodológicos). Fuente: GenLAC (CEDLAS).
URY2015,Mujeres en hogares con educación alta,URY,2015,1,11.86776638031006,6,6,6,Calificación (mujeres),5,Uruguay,"% de alumnos de 15 años que esperan trabajar en ocupaciones relacionadas a STEM (Ciencia, Tecnología, Ingeniería y Matemática) a los 30 años.",Alumnos que esperan trabajar en ocupaciones STEM,Las series pueden presentar saltos por cambios metodológicos en las encuestas (ver documentos metodológicos). Fuente: GenLAC (CEDLAS).
URY2015,Hombres en hogares con educación baja,URY,2015,1,11.05694675445557,7,7,7,Calificación (hombres),6,Uruguay,"% de alumnos de 15 años que esperan trabajar en ocupaciones relacionadas a STEM (Ciencia, Tecnología, Ingeniería y Matemática) a los 30 años.",Alumnos que esperan trabajar en ocupaciones STEM,Las series pueden presentar saltos por cambios metodológicos en las encuestas (ver documentos metodológicos). Fuente: GenLAC (CEDLAS).
URY2015,Hombres en hogares con educación media,URY,2015,1,21.67645454406738,8,8,8,Calificación (hombres),6,Uruguay,"% de alumnos de 15 años que esperan trabajar en ocupaciones relacionadas a STEM (Ciencia, Tecnología, Ingeniería y Matemática) a los 30 años.",Alumnos que esperan trabajar en ocupaciones STEM,Las series pueden presentar saltos por cambios metodológicos en las encuestas (ver documentos metodológicos). Fuente: GenLAC (CEDLAS).
URY2015,Hombres en hogares con educación alta,URY,2015,1,29.81336975097656,9,9,9,Calificación (hombres),6,Uruguay,"% de alumnos de 15 años que esperan trabajar en ocupaciones relacionadas a STEM (Ciencia, Tecnología, Ingeniería y Matemática) a los 30 años.",Alumnos que esperan trabajar en ocupaciones STEM,Las series pueden presentar saltos por cambios metodológicos en las encuestas (ver documentos metodológicos). Fuente: GenLAC (CEDLAS).
URY2015,Mujer,URY,2015,1,8.356917381286621,10,10,10,Mujer,2,Uruguay,"% de alumnos de 15 años que esperan trabajar en ocupaciones relacionadas a STEM (Ciencia, Tecnología, Ingeniería y Matemática) a los 30 años.",Alumnos que esperan trabajar en ocupaciones STEM,Las series pueden presentar saltos por cambios metodológicos en las encuestas (ver documentos metodológicos). Fuente: GenLAC (CEDLAS).
URY2015,Hombre,URY,2015,1,18.95499420166016,11,11,11,Hombre,3,Uruguay,"% de alumnos de 15 años que esperan trabajar en ocupaciones relacionadas a STEM (Ciencia, Tecnología, Ingeniería y Matemática) a los 30 años.",Alumnos que esperan trabajar en ocupaciones STEM,Las series pueden presentar saltos por cambios metodológicos en las encuestas (ver documentos metodológicos). Fuente: GenLAC (CEDLAS).
URY2018,Total,URY,2018,,12.92898464202881,1,1,1,Total,1,Uruguay,"% de alumnos de 15 años que esperan trabajar en ocupaciones relacionadas a STEM (Ciencia, Tecnología, Ingeniería y Matemática) a los 30 años.",Alumnos que esperan trabajar en ocupaciones STEM,Las series pueden presentar saltos por cambios metodológicos en las encuestas (ver documentos metodológicos). Fuente: GenLAC (CEDLAS).
URY2018,Mujeres,URY,2018,,8.275476455688477,2,2,2,Género,4,Uruguay,"% de alumnos de 15 años que esperan trabajar en ocupaciones relacionadas a STEM (Ciencia, Tecnología, Ingeniería y Matemática) a los 30 años.",Alumnos que esperan trabajar en ocupaciones STEM,Las series pueden presentar saltos por cambios metodológicos en las encuestas (ver documentos metodológicos). Fuente: GenLAC (CEDLAS).
URY2018,Hombres,URY,2018,,18.65313529968262,3,3,3,Género,4,Uruguay,"% de alumnos de 15 años que esperan trabajar en ocupaciones relacionadas a STEM (Ciencia, Tecnología, Ingeniería y Matemática) a los 30 años.",Alumnos que esperan trabajar en ocupaciones STEM,Las series pueden presentar saltos por cambios metodológicos en las encuestas (ver documentos metodológicos). Fuente: GenLAC (CEDLAS).
URY2018,Mujeres en hogares con educación baja,URY,2018,,6.182549953460693,4,4,4,Calificación (mujeres),5,Uruguay,"% de alumnos de 15 años que esperan trabajar en ocupaciones relacionadas a STEM (Ciencia, Tecnología, Ingeniería y Matemática) a los 30 años.",Alumnos que esperan trabajar en ocupaciones STEM,Las series pueden presentar saltos por cambios metodológicos en las encuestas (ver documentos metodológicos). Fuente: GenLAC (CEDLAS).
URY2018,Mujeres en hogares con educación media,URY,2018,,6.311340808868408,5,5,5,Calificación (mujeres),5,Uruguay,"% de alumnos de 15 años que esperan trabajar en ocupaciones relacionadas a STEM (Ciencia, Tecnología, Ingeniería y Matemática) a los 30 años.",Alumnos que esperan trabajar en ocupaciones STEM,Las series pueden presentar saltos por cambios metodológicos en las encuestas (ver documentos metodológicos). Fuente: GenLAC (CEDLAS).
URY2018,Mujeres en hogares con educación alta,URY,2018,,13.94919013977051,6,6,6,Calificación (mujeres),5,Uruguay,"% de alumnos de 15 años que esperan trabajar en ocupaciones relacionadas a STEM (Ciencia, Tecnología, Ingeniería y Matemática) a los 30 años.",Alumnos que esperan trabajar en ocupaciones STEM,Las series pueden presentar saltos por cambios metodológicos en las encuestas (ver documentos metodológicos). Fuente: GenLAC (CEDLAS).
URY2018,Hombres en hogares con educación baja,URY,2018,,12.89798641204834,7,7,7,Calificación (hombres),6,Uruguay,"% de alumnos de 15 años que esperan trabajar en ocupaciones relacionadas a STEM (Ciencia, Tecnología, Ingeniería y Matemática) a los 30 años.",Alumnos que esperan trabajar en ocupaciones STEM,Las series pueden presentar saltos por cambios metodológicos en las encuestas (ver documentos metodológicos). Fuente: GenLAC (CEDLAS).
URY2018,Hombres en hogares con educación media,URY,2018,,19.55375099182129,8,8,8,Calificación (hombres),6,Uruguay,"% de alumnos de 15 años que esperan trabajar en ocupaciones relacionadas a STEM (Ciencia, Tecnología, Ingeniería y Matemática) a los 30 años.",Alumnos que esperan trabajar en ocupaciones STEM,Las series pueden presentar saltos por cambios metodológicos en las encuestas (ver documentos metodológicos). Fuente: GenLAC (CEDLAS).
URY2018,Hombres en hogares con educación alta,URY,2018,,26.55331420898438,9,9,9,Calificación (hombres),6,Uruguay,"% de alumnos de 15 años que esperan trabajar en ocupaciones relacionadas a STEM (Ciencia, Tecnología, Ingeniería y Matemática) a los 30 años.",Alumnos que esperan trabajar en ocupaciones STEM,Las series pueden presentar saltos por cambios metodológicos en las encuestas (ver documentos metodológicos). Fuente: GenLAC (CEDLAS).
URY2018,Mujer,URY,2018,,8.275476455688477,10,10,10,Mujer,2,Uruguay,"% de alumnos de 15 años que esperan trabajar en ocupaciones relacionadas a STEM (Ciencia, Tecnología, Ingeniería y Matemática) a los 30 años.",Alumnos que esperan trabajar en ocupaciones STEM,Las series pueden presentar saltos por cambios metodológicos en las encuestas (ver documentos metodológicos). Fuente: GenLAC (CEDLAS).
URY2018,Hombre,URY,2018,,18.65313529968262,11,11,11,Hombre,3,Uruguay,"% de alumnos de 15 años que esperan trabajar en ocupaciones relacionadas a STEM (Ciencia, Tecnología, Ingeniería y Matemática) a los 30 años.",Alumnos que esperan trabajar en ocupaciones STEM,Las series pueden presentar saltos por cambios metodológicos en las encuestas (ver documentos metodológicos). Fuente: GenLAC (CEDLAS).
